Date,CloudProvider,Service,Region,Resource,UsageType,UsageQuantity,UnitCost,TotalCost,IsAnomaly
2025-09-01,AWS,EC2,eu-west-1,i-0b7e6d5c4b3a2,BoxUsage:t3.xlarge,19.8,0.1664,3.2943,0
2025-09-01,Azure,Azure VM,westeurope,vm-web-prod-01,Standard_D4s_v3,19.6,0.192,3.7631,0
2025-09-01,GCP,Cloud SQL,us-central1,gcp-main-postgres-db,db-custom-2-7680,22.47,0.35,7.8661,0
2025-09-01,AWS,S3,us-east-1,user-media-storage-bucket,StandardStorage-GB,632.37,0.023,14.5446,0
2025-09-01,Azure,Azure Storage,westeurope,stappprodlogs001,BlobStorage-GB,1192.61,0.02,23.8523,0
2025-09-01,Azure,Azure VM,westeurope,vm-api-prod-02,Standard_D4s_v3,18.81,0.192,3.6118,0
2025-09-01,Azure,Azure VM,eastus,vm-web-prod-01,Standard_D4s_v3,20.19,0.192,3.8756,0
2025-09-01,Azure,Azure VM,southeastasia,vm-web-prod-01,Standard_D4s_v3,17.77,0.192,3.4124,0
2025-09-01,GCP,Compute Engine,asia-east1,gcp-k8s-worker-1,n2-standard-4,20.66,0.194,4.0078,0
2025-09-01,GCP,Cloud SQL,us-central1,gcp-main-postgres-db,db-custom-2-7680,23.19,0.35,8.1156,0
2025-09-01,Azure,Azure VM,eastus,vm-api-prod-02,Standard_D4s_v3,19.23,0.192,3.6913,0
2025-09-01,AWS,Lambda,eu-west-1,image-resizer-worker,RequestCount,218383.89,2e-07,0.0437,0
2025-09-01,Azure,Azure VM,westeurope,vm-api-prod-02,Standard_D4s_v3,21.73,0.192,4.1725,0
2025-09-01,AWS,EBS,us-east-1,vol-0123456789abcdef0,VolumeUsage.gp3,394.19,0.08,31.5352,0
2025-09-01,GCP,Compute Engine,asia-east1,gcp-k8s-worker-2,n2-standard-4,17.45,0.194,3.3855,0
2025-09-01,Azure,Azure VM,southeastasia,vm-api-prod-02,Standard_D4s_v3,23.25,0.192,4.4645,0
2025-09-02,Azure,Azure Storage,eastus,stappprodlogs001,BlobStorage-GB,669.44,0.02,13.3888,0
2025-09-02,Azure,Azure VM,southeastasia,vm-web-prod-01,Standard_D4s_v3,20.47,0.192,3.93,0
2025-09-02,GCP,Cloud SQL,europe-west1,gcp-main-postgres-db,db-custom-2-7680,19.92,0.35,6.9707,0
2025-09-02,GCP,Cloud SQL,us-central1,gcp-main-postgres-db,db-custom-2-7680,22.62,0.35,7.9167,0
2025-09-02,AWS,S3,ap-southeast-1,app-logs-archive,StandardStorage-GB,449.85,0.023,10.3466,0
2025-09-02,AWS,EC2,ap-southeast-1,i-0a8f9c1d2e3f4,BoxUsage:t3.xlarge,23.95,0.1664,3.985,0
2025-09-02,GCP,Compute Engine,asia-east1,gcp-k8s-worker-2,n2-standard-4,20.12,0.194,3.9028,0
2025-09-02,AWS,S3,ap-southeast-1,app-logs-archive,StandardStorage-GB,352.94,0.023,8.1177,0
2025-09-02,GCP,Compute Engine,asia-east1,gcp-k8s-worker-2,n2-standard-4,23.07,0.194,4.4751,0
2025-09-02,Azure,Azure VM,southeastasia,vm-api-prod-02,Standard_D4s_v3,24.45,0.192,4.6952,0
2025-09-02,GCP,Cloud SQL,asia-east1,gcp-main-postgres-db,db-custom-2-7680,20.32,0.35,7.1108,0
2025-09-02,Azure,Azure Storage,southeastasia,stappprodlogs001,BlobStorage-GB,1104.05,0.02,22.081,0
2025-09-02,AWS,EBS,ap-southeast-1,vol-0123456789abcdef0,VolumeUsage.gp3,416.84,0.08,33.347,0
2025-09-02,GCP,Cloud SQL,asia-east1,gcp-main-postgres-db,db-custom-2-7680,22.52,0.35,7.8809,0
2025-09-02,AWS,S3,eu-west-1,prod-analytics-data-dump,StandardStorage-GB,807.32,0.023,18.5685,0
2025-09-03,AWS,S3,ap-southeast-1,prod-analytics-data-dump,StandardStorage-GB,1158.91,0.023,26.655,0
2025-09-03,GCP,Cloud SQL,europe-west1,gcp-main-postgres-db,db-custom-2-7680,22.26,0.35,7.7905,0
2025-09-03,GCP,Compute Engine,asia-east1,gcp-k8s-worker-1,n2-standard-4,20.69,0.194,4.0142,0
2025-09-03,AWS,S3,ap-southeast-1,prod-analytics-data-dump,StandardStorage-GB,1155.43,0.023,26.575,0
2025-09-03,GCP,Compute Engine,us-central1,gcp-k8s-worker-1,n2-standard-4,22.11,0.194,4.2899,0
2025-09-03,AWS,EBS,us-east-1,vol-0fe0d1c2b3a498765,VolumeUsage.gp3,123.9,0.08,9.9123,0
2025-09-03,AWS,S3,ap-southeast-1,user-media-storage-bucket,StandardStorage-GB,759.96,0.023,17.479,0
2025-09-03,Azure,Azure Storage,westeurope,stbackupdata002,BlobStorage-GB,558.69,0.02,11.1737,0
2025-09-03,AWS,RDS,ap-southeast-1,prod-db-cluster-primary,InstanceUsage:db.m5.large,22.5,0.38,8.5508,0
2025-09-03,AWS,S3,us-west-2,prod-analytics-data-dump,StandardStorage-GB,754.5,0.023,17.3535,0
2025-09-03,GCP,Compute Engine,us-central1,gcp-k8s-worker-1,n2-standard-4,24.83,0.194,4.8161,0
2025-09-03,GCP,Compute Engine,asia-east1,gcp-k8s-worker-1,n2-standard-4,18.78,0.194,3.6431,0
2025-09-03,AWS,EC2,us-east-1,i-0d1e2f3a4b5c6,BoxUsage:t3.xlarge,19.95,0.1664,3.3199,0
2025-09-03,AWS,EBS,ap-southeast-1,vol-0123456789abcdef0,VolumeUsage.gp3,426.58,0.08,34.1261,0
2025-09-03,AWS,EBS,us-west-2,vol-0fe0d1c2b3a498765,VolumeUsage.gp3,357.09,0.08,28.5669,0
2025-09-03,GCP,Compute Engine,us-central1,gcp-k8s-worker-1,n2-standard-4,24.27,0.194,4.7089,0
2025-09-04,GCP,Cloud SQL,asia-east1,gcp-main-postgres-db,db-custom-2-7680,23.08,0.35,8.0766,0
2025-09-04,AWS,RDS,us-west-2,prod-db-cluster-primary,InstanceUsage:db.m5.large,22.34,0.38,8.4885,0
2025-09-04,GCP,Compute Engine,europe-west1,gcp-k8s-worker-1,n2-standard-4,18.0,0.194,3.4926,0
2025-09-04,AWS,EC2,us-east-1,i-0b7e6d5c4b3a2,BoxUsage:t3.xlarge,21.98,0.1664,3.6578,0
2025-09-04,Azure,Azure VM,southeastasia,vm-api-prod-02,Standard_D4s_v3,21.16,0.192,4.0619,0
2025-09-04,Azure,Azure VM,eastus,vm-api-prod-02,Standard_D4s_v3,22.94,0.192,4.4045,0
2025-09-04,Azure,Azure Storage,westeurope,stappprodlogs001,BlobStorage-GB,497.7,0.02,9.9539,0
2025-09-04,AWS,S3,ap-southeast-1,prod-analytics-data-dump,StandardStorage-GB,481.01,0.023,11.0632,0
2025-09-04,AWS,RDS,us-east-1,prod-db-cluster-primary,InstanceUsage:db.m5.large,22.18,0.38,8.4279,0
2025-09-04,GCP,Compute Engine,asia-east1,gcp-k8s-worker-2,n2-standard-4,22.65,0.194,4.395,0
2025-09-04,AWS,Lambda,eu-west-1,event-processor,RequestCount,812918.21,2e-07,0.1626,0
2025-09-04,Azure,Azure VM,westeurope,vm-web-prod-01,Standard_D4s_v3,22.98,0.192,4.4114,0
2025-09-04,AWS,EC2,ap-southeast-1,i-0a8f9c1d2e3f4,BoxUsage:t3.xlarge,17.91,0.1664,2.9804,0
2025-09-04,Azure,Azure VM,southeastasia,vm-api-prod-02,Standard_D4s_v3,21.63,0.192,4.1529,0
2025-09-04,Azure,Azure VM,southeastasia,vm-api-prod-02,Standard_D4s_v3,19.48,0.192,3.7398,0
2025-09-05,Azure,Azure VM,southeastasia,vm-web-prod-01,Standard_D4s_v3,20.02,0.192,3.8444,0
2025-09-05,GCP,Cloud SQL,europe-west1,gcp-main-postgres-db,db-custom-2-7680,21.15,0.35,7.4014,0
2025-09-05,GCP,Cloud SQL,europe-west1,gcp-main-postgres-db,db-custom-2-7680,20.61,0.35,7.2118,0
2025-09-05,AWS,Lambda,ap-southeast-1,event-processor,RequestCount,603363.46,2e-07,0.1207,0
2025-09-05,Azure,Azure Storage,westeurope,stbackupdata002,BlobStorage-GB,1173.28,0.02,23.4656,0
2025-09-05,Azure,Azure Storage,southeastasia,stappprodlogs001,BlobStorage-GB,1167.93,0.02,23.3587,0
2025-09-05,GCP,Compute Engine,europe-west1,gcp-k8s-worker-2,n2-standard-4,18.72,0.194,3.6322,0
2025-09-05,Azure,Azure VM,southeastasia,vm-api-prod-02,Standard_D4s_v3,18.78,0.192,3.6051,0
2025-09-05,GCP,Cloud SQL,us-central1,gcp-main-postgres-db,db-custom-2-7680,22.04,0.35,7.7156,0
2025-09-05,GCP,Cloud SQL,us-central1,gcp-main-postgres-db,db-custom-2-7680,22.95,0.35,8.032,0
2025-09-05,Azure,Azure VM,westeurope,vm-api-prod-02,Standard_D4s_v3,21.63,0.192,4.1531,0
2025-09-05,Azure,Azure VM,eastus,vm-web-prod-01,Standard_D4s_v3,21.74,0.192,4.1735,0
2025-09-05,AWS,Lambda,us-west-2,auth-token-verifier,RequestCount,668944.54,2e-07,0.1338,0
2025-09-05,GCP,Compute Engine,europe-west1,gcp-k8s-worker-1,n2-standard-4,21.83,0.194,4.2349,0
2025-09-05,Azure,Azure Storage,southeastasia,stappprodlogs001,BlobStorage-GB,830.02,0.02,16.6004,0
2025-09-06,GCP,Cloud SQL,asia-east1,gcp-main-postgres-db,db-custom-2-7680,20.21,0.35,7.073,0
2025-09-06,Azure,Azure Storage,southeastasia,stappprodlogs001,BlobStorage-GB,915.77,0.02,18.3155,0
2025-09-06,GCP,Cloud SQL,europe-west1,gcp-main-postgres-db,db-custom-2-7680,23.29,0.35,8.152,0
2025-09-06,AWS,Lambda,ap-southeast-1,event-processor,RequestCount,725620.06,2e-07,0.1451,0
2025-09-06,AWS,Lambda,ap-southeast-1,image-resizer-worker,RequestCount,475786.41,2e-07,0.0952,0
2025-09-06,Azure,Azure VM,westeurope,vm-api-prod-02,Standard_D4s_v3,20.0,0.192,3.84,0
2025-09-06,Azure,Azure Storage,westeurope,stappprodlogs001,BlobStorage-GB,1294.37,0.02,25.8874,0
2025-09-06,AWS,S3,us-west-2,user-media-storage-bucket,StandardStorage-GB,943.63,0.023,21.7036,0
2025-09-06,AWS,Lambda,eu-west-1,image-resizer-worker,RequestCount,540453.08,2e-07,0.1081,0
2025-09-06,Azure,Azure VM,eastus,vm-api-prod-02,Standard_D4s_v3,18.77,0.192,3.6034,0
2025-09-06,AWS,EC2,us-west-2,i-0d1e2f3a4b5c6,BoxUsage:t3.xlarge,22.25,0.1664,3.7027,0
2025-09-06,Azure,Azure Storage,southeastasia,stappprodlogs001,BlobStorage-GB,1176.37,0.02,23.5274,0
2025-09-06,GCP,Cloud SQL,asia-east1,gcp-main-postgres-db,db-custom-2-7680,24.16,0.35,8.4577,0
2025-09-06,AWS,Lambda,us-west-2,auth-token-verifier,RequestCount,675863.44,2e-07,0.1352,0
2025-09-06,Azure,Azure VM,southeastasia,vm-web-prod-01,Standard_D4s_v3,22.61,0.192,4.3412,0
2025-09-06,Azure,Azure VM,eastus,vm-web-prod-01,Standard_D4s_v3,24.2,0.192,4.6468,0
2025-09-07,AWS,EBS,eu-west-1,vol-0123456789abcdef0,VolumeUsage.gp3,454.01,0.08,36.3206,0
2025-09-07,AWS,Lambda,eu-west-1,event-processor,RequestCount,721187.23,2e-07,0.1442,0
2025-09-07,AWS,EBS,us-east-1,vol-0fe0d1c2b3a498765,VolumeUsage.gp3,318.16,0.08,25.4526,0
2025-09-07,GCP,Compute Engine,us-central1,gcp-k8s-worker-2,n2-standard-4,23.33,0.194,4.5264,0
2025-09-07,Azure,Azure Storage,westeurope,stappprodlogs001,BlobStorage-GB,492.82,0.02,9.8564,0
2025-09-07,AWS,Lambda,eu-west-1,image-resizer-worker,RequestCount,219784.52,2e-07,0.044,0
2025-09-07,AWS,S3,us-west-2,user-media-storage-bucket,StandardStorage-GB,908.28,0.023,20.8905,0
2025-09-07,GCP,Compute Engine,us-central1,gcp-k8s-worker-2,n2-standard-4,17.77,0.194,3.4465,0
2025-09-07,GCP,Compute Engine,europe-west1,gcp-k8s-worker-1,n2-standard-4,22.52,0.194,4.3681,0
2025-09-07,Azure,Azure Storage,westeurope,stbackupdata002,BlobStorage-GB,1314.49,0.02,26.2897,0
2025-09-07,AWS,RDS,ap-southeast-1,analytics-read-replica,InstanceUsage:db.m5.large,20.49,0.38,7.7858,0
2025-09-07,GCP,Compute Engine,us-central1,gcp-k8s-worker-2,n2-standard-4,18.74,0.194,3.6352,0
2025-09-07,AWS,Lambda,us-west-2,event-processor,RequestCount,493170.35,2e-07,0.0986,0
2025-09-07,AWS,Lambda,eu-west-1,event-processor,RequestCount,569893.71,2e-07,0.114,0
2025-09-07,GCP,Compute Engine,us-central1,gcp-k8s-worker-1,n2-standard-4,18.28,0.194,3.5462,0
2025-09-08,GCP,Compute Engine,europe-west1,gcp-k8s-worker-2,n2-standard-4,20.9,0.194,4.0555,0
2025-09-08,Azure,Azure VM,southeastasia,vm-web-prod-01,Standard_D4s_v3,20.58,0.192,3.9517,0
2025-09-08,GCP,Cloud SQL,us-central1,gcp-main-postgres-db,db-custom-2-7680,20.89,0.35,7.3099,0
2025-09-08,GCP,Compute Engine,us-central1,gcp-k8s-worker-1,n2-standard-4,21.93,0.194,4.2542,0
2025-09-08,AWS,S3,eu-west-1,prod-analytics-data-dump,StandardStorage-GB,1012.26,0.023,23.282,0
2025-09-08,Azure,Azure Storage,westeurope,stbackupdata002,BlobStorage-GB,680.66,0.02,13.6132,0
2025-09-08,GCP,Cloud SQL,europe-west1,gcp-main-postgres-db,db-custom-2-7680,19.8,0.35,6.931,0
2025-09-08,Azure,Azure Storage,westeurope,stbackupdata002,BlobStorage-GB,735.34,0.02,14.7067,0
2025-09-08,GCP,Cloud SQL,asia-east1,gcp-main-postgres-db,db-custom-2-7680,21.39,0.35,7.4859,0
2025-09-08,Azure,Azure VM,westeurope,vm-api-prod-02,Standard_D4s_v3,20.8,0.192,3.994,0
2025-09-08,GCP,Cloud SQL,europe-west1,gcp-main-postgres-db,db-custom-2-7680,21.6,0.35,7.5584,0
2025-09-08,AWS,RDS,ap-southeast-1,prod-db-cluster-primary,InstanceUsage:db.m5.large,23.16,0.38,8.801,0
2025-09-08,Azure,Azure VM,southeastasia,vm-api-prod-02,Standard_D4s_v3,22.61,0.192,4.3412,0
2025-09-08,AWS,Lambda,ap-southeast-1,event-processor,RequestCount,642737.28,2e-07,0.1285,0
2025-09-09,Azure,Azure Storage,eastus,stappprodlogs001,BlobStorage-GB,701.34,0.02,14.0269,0
2025-09-09,Azure,Azure Storage,southeastasia,stbackupdata002,BlobStorage-GB,890.17,0.02,17.8034,0
2025-09-09,GCP,Cloud SQL,europe-west1,gcp-main-postgres-db,db-custom-2-7680,21.44,0.35,7.5045,0
2025-09-09,Azure,Azure VM,eastus,vm-web-prod-01,Standard_D4s_v3,18.63,0.192,3.5778,0
2025-09-09,GCP,Compute Engine,europe-west1,gcp-k8s-worker-1,n2-standard-4,21.58,0.194,4.1873,0
2025-09-09,Azure,Azure VM,southeastasia,vm-web-prod-01,Standard_D4s_v3,24.22,0.192,4.6498,0
2025-09-09,Azure,Azure Storage,southeastasia,stbackupdata002,BlobStorage-GB,416.84,0.02,8.3367,0
2025-09-09,GCP,Compute Engine,us-central1,gcp-k8s-worker-1,n2-standard-4,20.84,0.194,4.0424,0
2025-09-09,GCP,Cloud SQL,europe-west1,gcp-main-postgres-db,db-custom-2-7680,22.98,0.35,8.0426,0
2025-09-09,GCP,Compute Engine,asia-east1,gcp-k8s-worker-2,n2-standard-4,20.58,0.194,3.9928,0
2025-09-09,AWS,S3,us-east-1,app-logs-archive,StandardStorage-GB,998.5,0.023,22.9656,0
2025-09-09,GCP,Compute Engine,us-central1,gcp-k8s-worker-1,n2-standard-4,23.9,0.194,4.636,0
2025-09-09,Azure,Azure Storage,eastus,stappprodlogs001,BlobStorage-GB,804.97,0.02,16.0994,0
2025-09-09,Azure,Azure Storage,westeurope,stbackupdata002,BlobStorage-GB,810.85,0.02,16.2169,0
2025-09-09,Azure,Azure VM,southeastasia,vm-api-prod-02,Standard_D4s_v3,17.71,0.192,3.4007,0
2025-09-09,AWS,S3,eu-west-1,app-logs-archive,StandardStorage-GB,363.37,0.023,8.3574,0
2025-09-10,Azure,Azure Storage,eastus,stbackupdata002,BlobStorage-GB,1239.11,0.02,24.7822,0
2025-09-10,GCP,Compute Engine,us-central1,gcp-k8s-worker-2,n2-standard-4,23.44,0.194,4.5478,0
2025-09-10,Azure,Azure VM,westeurope,vm-web-prod-01,Standard_D4s_v3,21.16,0.192,4.062,0
2025-09-10,GCP,Cloud SQL,asia-east1,gcp-main-postgres-db,db-custom-2-7680,21.62,0.35,7.5677,0
2025-09-10,AWS,EC2,ap-southeast-1,i-0a8f9c1d2e3f4,BoxUsage:t3.xlarge,21.13,0.1664,3.5165,0
2025-09-10,AWS,S3,eu-west-1,app-logs-archive,StandardStorage-GB,309.44,0.023,7.117,0
2025-09-10,Azure,Azure Storage,eastus,stappprodlogs001,BlobStorage-GB,1486.47,0.02,29.7294,0
2025-09-10,GCP,Cloud SQL,us-central1,gcp-main-postgres-db,db-custom-2-7680,21.81,0.35,7.6324,0
2025-09-10,Azure,Azure VM,eastus,vm-api-prod-02,Standard_D4s_v3,21.74,0.192,4.1735,0
2025-09-10,Azure,Azure VM,westeurope,vm-web-prod-01,Standard_D4s_v3,22.04,0.192,4.2324,0
2025-09-10,GCP,Cloud SQL,asia-east1,gcp-main-postgres-db,db-custom-2-7680,21.42,0.35,7.4953,0
2025-09-10,GCP,Compute Engine,us-central1,gcp-k8s-worker-2,n2-standard-4,20.46,0.194,3.9694,0
2025-09-10,GCP,Cloud SQL,us-central1,gcp-main-postgres-db,db-custom-2-7680,21.03,0.35,7.3617,0
2025-09-10,AWS,Lambda,ap-southeast-1,image-resizer-worker,RequestCount,228979.74,2e-07,0.0458,0
2025-09-10,GCP,Compute Engine,asia-east1,gcp-k8s-worker-2,n2-standard-4,22.02,0.194,4.2728,0
2025-09-10,Azure,Azure VM,eastus,vm-api-prod-02,Standard_D4s_v3,22.21,0.192,4.2645,0
2025-09-11,Azure,Azure Storage,southeastasia,stbackupdata002,BlobStorage-GB,884.66,0.02,17.6932,0
2025-09-11,Azure,Azure VM,eastus,vm-api-prod-02,Standard_D4s_v3,24.82,0.192,4.7663,0
2025-09-11,Azure,Azure Storage,southeastasia,stappprodlogs001,BlobStorage-GB,1383.97,0.02,27.6795,0
2025-09-11,Azure,Azure VM,westeurope,vm-web-prod-01,Standard_D4s_v3,19.66,0.192,3.7742,0
2025-09-11,AWS,EBS,ap-southeast-1,vol-0123456789abcdef0,VolumeUsage.gp3,160.92,0.08,12.8734,0
2025-09-11,AWS,RDS,us-east-1,analytics-read-replica,InstanceUsage:db.m5.large,21.28,0.38,8.087,0
2025-09-11,AWS,EC2,ap-southeast-1,i-0b7e6d5c4b3a2,BoxUsage:t3.xlarge,23.05,0.1664,3.8362,0
2025-09-11,AWS,S3,eu-west-1,prod-analytics-data-dump,StandardStorage-GB,965.67,0.023,22.2104,0
2025-09-11,GCP,Cloud SQL,europe-west1,gcp-main-postgres-db,db-custom-2-7680,22.4,0.35,7.8399,0
2025-09-11,GCP,Compute Engine,europe-west1,gcp-k8s-worker-1,n2-standard-4,18.97,0.194,3.6801,0
2025-09-11,Azure,Azure VM,westeurope,vm-web-prod-01,Standard_D4s_v3,21.07,0.192,4.0452,0
2025-09-11,GCP,Compute Engine,europe-west1,gcp-k8s-worker-1,n2-standard-4,19.63,0.194,3.8088,0
2025-09-11,Azure,Azure Storage,southeastasia,stbackupdata002,BlobStorage-GB,838.19,0.02,16.7638,0
2025-09-11,AWS,EBS,ap-southeast-1,vol-0123456789abcdef0,VolumeUsage.gp3,438.46,0.08,35.077,0
2025-09-11,GCP,Cloud SQL,europe-west1,gcp-main-postgres-db,db-custom-2-7680,24.61,0.35,8.6131,0
2025-09-11,Azure,Azure Storage,southeastasia,stbackupdata002,BlobStorage-GB,1154.04,0.02,23.0807,0
2025-09-12,AWS,S3,us-west-2,app-logs-archive,StandardStorage-GB,997.48,0.023,22.9421,0
2025-09-12,Azure,Azure Storage,southeastasia,stbackupdata002,BlobStorage-GB,504.32,0.02,10.0864,0
2025-09-12,GCP,Cloud SQL,asia-east1,gcp-main-postgres-db,db-custom-2-7680,22.9,0.35,8.0136,0
2025-09-12,Azure,Azure VM,southeastasia,vm-web-prod-01,Standard_D4s_v3,21.08,0.192,4.0472,0
2025-09-12,Azure,Azure Storage,southeastasia,stbackupdata002,BlobStorage-GB,1076.65,0.02,21.533,0
2025-09-12,GCP,Cloud SQL,us-central1,gcp-main-postgres-db,db-custom-2-7680,20.13,0.35,7.0467,0
2025-09-12,Azure,Azure Storage,southeastasia,stbackupdata002,BlobStorage-GB,1280.59,0.02,25.6118,0
2025-09-12,Azure,Azure VM,eastus,vm-api-prod-02,Standard_D4s_v3,21.59,0.192,4.1453,0
2025-09-12,Azure,Azure Storage,southeastasia,stbackupdata002,BlobStorage-GB,571.38,0.02,11.4276,0
2025-09-12,Azure,Azure Storage,eastus,stbackupdata002,BlobStorage-GB,1156.19,0.02,23.1237,0
2025-09-12,GCP,Compute Engine,asia-east1,gcp-k8s-worker-1,n2-standard-4,23.76,0.194,4.61,0
2025-09-12,AWS,EBS,eu-west-1,vol-0123456789abcdef0,VolumeUsage.gp3,358.94,0.08,28.715,0
2025-09-12,GCP,Compute Engine,asia-east1,gcp-k8s-worker-2,n2-standard-4,23.93,0.194,4.6418,0
2025-09-12,GCP,Cloud SQL,us-central1,gcp-main-postgres-db,db-custom-2-7680,21.24,0.35,7.4337,0
2025-09-12,GCP,Cloud SQL,asia-east1,gcp-main-postgres-db,db-custom-2-7680,22.75,0.35,7.9636,0
2025-09-13,Azure,Azure Storage,westeurope,stappprodlogs001,BlobStorage-GB,872.23,0.02,17.4445,0
2025-09-13,Azure,Azure VM,eastus,vm-api-prod-02,Standard_D4s_v3,21.68,0.192,4.1625,0
2025-09-13,AWS,EC2,eu-west-1,i-0b7e6d5c4b3a2,BoxUsage:t3.xlarge,20.49,0.1664,3.4091,0
2025-09-13,AWS,EBS,eu-west-1,vol-0123456789abcdef0,VolumeUsage.gp3,149.25,0.08,11.9397,0
2025-09-13,AWS,EBS,us-east-1,vol-0fe0d1c2b3a498765,VolumeUsage.gp3,427.61,0.08,34.2086,0
2025-09-13,AWS,EC2,us-west-2,i-0b7e6d5c4b3a2,BoxUsage:t3.xlarge,22.27,0.1664,3.7056,0
2025-09-13,AWS,EC2,eu-west-1,i-0b7e6d5c4b3a2,BoxUsage:t3.xlarge,24.62,0.1664,4.0962,0
2025-09-13,Azure,Azure VM,westeurope,vm-api-prod-02,Standard_D4s_v3,18.42,0.192,3.536,0
2025-09-13,Azure,Azure VM,southeastasia,vm-api-prod-02,Standard_D4s_v3,22.29,0.192,4.279,0
2025-09-13,GCP,Cloud SQL,us-central1,gcp-main-postgres-db,db-custom-2-7680,21.21,0.35,7.4218,0
2025-09-13,Azure,Azure VM,westeurope,vm-api-prod-02,Standard_D4s_v3,23.11,0.192,4.437,0
2025-09-13,Azure,Azure Storage,westeurope,stbackupdata002,BlobStorage-GB,1069.77,0.02,21.3955,0
2025-09-13,Azure,Azure Storage,eastus,stappprodlogs001,BlobStorage-GB,660.75,0.02,13.215,0
2025-09-13,Azure,Azure VM,southeastasia,vm-web-prod-01,Standard_D4s_v3,22.06,0.192,4.236,0
2025-09-14,GCP,Cloud SQL,asia-east1,gcp-main-postgres-db,db-custom-2-7680,24.11,0.35,8.4384,0
2025-09-14,AWS,EBS,us-west-2,vol-0fe0d1c2b3a498765,VolumeUsage.gp3,263.67,0.08,21.0934,0
2025-09-14,GCP,Cloud SQL,us-central1,gcp-main-postgres-db,db-custom-2-7680,24.04,0.35,8.4151,0
2025-09-14,Azure,Azure Storage,westeurope,stappprodlogs001,BlobStorage-GB,578.16,0.02,11.5632,0
2025-09-14,Azure,Azure VM,southeastasia,vm-api-prod-02,Standard_D4s_v3,17.76,0.192,3.4095,0
2025-09-14,AWS,RDS,eu-west-1,prod-db-cluster-primary,InstanceUsage:db.m5.large,23.22,0.38,8.8239,0
2025-09-14,Azure,Azure VM,southeastasia,vm-web-prod-01,Standard_D4s_v3,18.9,0.192,3.6281,0
2025-09-14,AWS,EBS,us-east-1,vol-0fe0d1c2b3a498765,VolumeUsage.gp3,364.73,0.08,29.1782,0
2025-09-14,AWS,EBS,eu-west-1,vol-0fe0d1c2b3a498765,VolumeUsage.gp3,340.59,0.08,27.2469,0
2025-09-14,Azure,Azure Storage,westeurope,stappprodlogs001,BlobStorage-GB,1152.53,0.02,23.0505,0
2025-09-14,Azure,Azure Storage,westeurope,stbackupdata002,BlobStorage-GB,1180.03,0.02,23.6006,0
2025-09-14,AWS,EC2,us-west-2,i-0d1e2f3a4b5c6,BoxUsage:t3.xlarge,20.15,0.1664,3.3526,0
2025-09-14,GCP,Cloud SQL,europe-west1,gcp-main-postgres-db,db-custom-2-7680,22.04,0.35,7.714,0
2025-09-14,AWS,EC2,eu-west-1,i-0b7e6d5c4b3a2,BoxUsage:t3.xlarge,17.98,0.1664,2.9912,0
2025-09-14,Azure,Azure Storage,westeurope,stappprodlogs001,BlobStorage-GB,977.78,0.02,19.5557,0
2025-09-14,AWS,EC2,us-east-1,i-0d1e2f3a4b5c6,BoxUsage:t3.xlarge,19.02,0.1664,3.1655,0
2025-09-15,AWS,RDS,ap-southeast-1,analytics-read-replica,InstanceUsage:db.m5.large,22.65,0.38,8.6078,0
2025-09-15,GCP,Compute Engine,europe-west1,gcp-k8s-worker-2,n2-standard-4,23.07,0.194,4.4762,0
2025-09-15,Azure,Azure VM,westeurope,vm-web-prod-01,Standard_D4s_v3,18.71,0.192,3.5915,0
2025-09-15,GCP,Cloud SQL,asia-east1,gcp-main-postgres-db,db-custom-2-7680,21.17,0.35,7.4097,0
2025-09-15,Azure,Azure Storage,eastus,stbackupdata002,BlobStorage-GB,1294.82,0.02,25.8964,0
2025-09-15,AWS,Lambda,us-east-1,image-resizer-worker,RequestCount,230172.68,2e-07,0.046,0
2025-09-15,Azure,Azure VM,westeurope,vm-web-prod-01,Standard_D4s_v3,20.54,0.192,3.9431,0
2025-09-15,Azure,Azure Storage,eastus,stappprodlogs001,BlobStorage-GB,940.55,0.02,18.811,0
2025-09-15,AWS,S3,eu-west-1,prod-analytics-data-dump,StandardStorage-GB,1016.78,0.023,23.3859,0
2025-09-15,GCP,Cloud SQL,us-central1,gcp-main-postgres-db,db-custom-2-7680,21.79,0.35,7.628,0
2025-09-15,Azure,Azure Storage,eastus,stbackupdata002,BlobStorage-GB,1156.71,0.02,23.1343,0
2025-09-15,Azure,Azure Storage,westeurope,stbackupdata002,BlobStorage-GB,637.92,0.02,12.7583,0
2025-09-15,GCP,Compute Engine,asia-east1,gcp-k8s-worker-1,n2-standard-4,19.95,0.194,3.8699,0
2025-09-15,Azure,Azure Storage,southeastasia,stappprodlogs001,BlobStorage-GB,1324.44,0.02,26.4887,0
2025-09-15,AWS,Lambda,us-west-2,event-processor,RequestCount,499359.45,2e-07,0.0999,0
2025-09-16,Azure,Azure VM,southeastasia,vm-api-prod-02,Standard_D4s_v3,17.65,0.192,3.3895,0
2025-09-16,GCP,Compute Engine,europe-west1,gcp-k8s-worker-1,n2-standard-4,20.73,0.194,4.0214,0
2025-09-16,GCP,Cloud SQL,europe-west1,gcp-main-postgres-db,db-custom-2-7680,23.25,0.35,8.1369,0
2025-09-16,Azure,Azure VM,westeurope,vm-api-prod-02,Standard_D4s_v3,23.25,0.192,4.4631,0
2025-09-16,GCP,Compute Engine,asia-east1,gcp-k8s-worker-1,n2-standard-4,18.61,0.194,3.61,0
2025-09-16,AWS,EC2,ap-southeast-1,i-0a8f9c1d2e3f4,BoxUsage:t3.xlarge,23.64,0.1664,3.934,0
2025-09-16,GCP,Compute Engine,europe-west1,gcp-k8s-worker-1,n2-standard-4,19.88,0.194,3.857,0
2025-09-16,AWS,EBS,ap-southeast-1,vol-0fe0d1c2b3a498765,VolumeUsage.gp3,347.22,0.08,27.7773,0
2025-09-16,AWS,RDS,eu-west-1,prod-db-cluster-primary,InstanceUsage:db.m5.large,23.66,0.38,8.99,0
2025-09-16,Azure,Azure VM,westeurope,vm-web-prod-01,Standard_D4s_v3,19.76,0.192,3.7948,0
2025-09-16,AWS,Lambda,us-east-1,image-resizer-worker,RequestCount,401470.24,2e-07,0.0803,0
2025-09-16,GCP,Cloud SQL,asia-east1,gcp-main-postgres-db,db-custom-2-7680,23.76,0.35,8.3155,0
2025-09-16,GCP,Compute Engine,us-central1,gcp-k8s-worker-2,n2-standard-4,20.91,0.194,4.057,0
2025-09-16,AWS,EC2,us-west-2,i-0c9d8e7f6a5b4,BoxUsage:t3.xlarge,19.38,0.1664,3.2242,0
2025-09-17,Azure,Azure Storage,eastus,stbackupdata002,BlobStorage-GB,458.67,0.02,9.1734,0
2025-09-17,Azure,Azure VM,westeurope,vm-web-prod-01,Standard_D4s_v3,23.02,0.192,4.4202,0
2025-09-17,AWS,EBS,us-east-1,vol-0fe0d1c2b3a498765,VolumeUsage.gp3,129.01,0.08,10.3211,0
2025-09-17,Azure,Azure VM,southeastasia,vm-api-prod-02,Standard_D4s_v3,23.37,0.192,4.4864,0
2025-09-17,GCP,Cloud SQL,us-central1,gcp-main-postgres-db,db-custom-2-7680,22.37,0.35,7.8298,0
2025-09-17,AWS,RDS,ap-southeast-1,analytics-read-replica,InstanceUsage:db.m5.large,23.72,0.38,9.0143,0
2025-09-17,AWS,EBS,us-west-2,vol-0fe0d1c2b3a498765,VolumeUsage.gp3,500.07,0.08,40.0054,0
2025-09-17,Azure,Azure Storage,eastus,stappprodlogs001,BlobStorage-GB,731.41,0.02,14.6282,0
2025-09-17,GCP,Compute Engine,asia-east1,gcp-k8s-worker-2,n2-standard-4,18.01,0.194,3.4944,0
2025-09-17,GCP,Cloud SQL,us-central1,gcp-main-postgres-db,db-custom-2-7680,21.12,0.35,7.3919,0
2025-09-17,AWS,EBS,us-east-1,vol-0fe0d1c2b3a498765,VolumeUsage.gp3,455.88,0.08,36.4702,0
2025-09-17,Azure,Azure VM,eastus,vm-web-prod-01,Standard_D4s_v3,18.54,0.192,3.5603,0
2025-09-17,Azure,Azure VM,westeurope,vm-api-prod-02,Standard_D4s_v3,18.53,0.192,3.5587,0
2025-09-17,Azure,Azure VM,southeastasia,vm-web-prod-01,Standard_D4s_v3,21.71,0.192,4.1688,0
2025-09-17,GCP,Compute Engine,europe-west1,gcp-k8s-worker-2,n2-standard-4,23.15,0.194,4.4909,0
2025-09-18,GCP,Compute Engine,europe-west1,gcp-k8s-worker-2,n2-standard-4,18.05,0.194,3.5024,0
2025-09-18,Azure,Azure Storage,southeastasia,stappprodlogs001,BlobStorage-GB,758.52,0.02,15.1703,0
2025-09-18,GCP,Compute Engine,asia-east1,gcp-k8s-worker-2,n2-standard-4,18.46,0.194,3.5808,0
2025-09-18,GCP,Compute Engine,asia-east1,gcp-k8s-worker-2,n2-standard-4,23.83,0.194,4.6228,0
2025-09-18,AWS,S3,us-east-1,app-logs-archive,StandardStorage-GB,994.34,0.023,22.8699,0
2025-09-18,AWS,EC2,eu-west-1,i-0b7e6d5c4b3a2,BoxUsage:t3.xlarge,18.35,0.1664,3.0541,0
2025-09-18,AWS,EBS,eu-west-1,vol-0123456789abcdef0,VolumeUsage.gp3,318.01,0.08,25.4404,0
2025-09-18,Azure,Azure VM,westeurope,vm-web-prod-01,Standard_D4s_v3,18.95,0.192,3.6389,0
2025-09-18,AWS,Lambda,ap-southeast-1,auth-token-verifier,RequestCount,184795.96,2e-07,0.037,0
2025-09-18,GCP,Cloud SQL,us-central1,gcp-main-postgres-db,db-custom-2-7680,20.16,0.35,7.0552,0
2025-09-18,AWS,EC2,eu-west-1,i-0b7e6d5c4b3a2,BoxUsage:t3.xlarge,23.12,0.1664,3.8476,0
2025-09-18,Azure,Azure VM,southeastasia,vm-api-prod-02,Standard_D4s_v3,19.67,0.192,3.7759,0
2025-09-18,GCP,Cloud SQL,us-central1,gcp-main-postgres-db,db-custom-2-7680,20.99,0.35,7.3469,0
2025-09-18,GCP,Compute Engine,asia-east1,gcp-k8s-worker-1,n2-standard-4,21.84,0.194,4.2378,0
2025-09-19,Azure,Azure Storage,southeastasia,stbackupdata002,BlobStorage-GB,648.49,0.02,12.9699,0
2025-09-19,Azure,Azure Storage,westeurope,stappprodlogs001,BlobStorage-GB,1034.35,0.02,20.687,0
2025-09-19,Azure,Azure Storage,southeastasia,stappprodlogs001,BlobStorage-GB,1084.68,0.02,21.6936,0
2025-09-19,Azure,Azure VM,eastus,vm-web-prod-01,Standard_D4s_v3,19.7,0.192,3.7828,0
2025-09-19,GCP,Compute Engine,us-central1,gcp-k8s-worker-1,n2-standard-4,23.5,0.194,4.5592,0
2025-09-19,GCP,Compute Engine,us-central1,gcp-k8s-worker-2,n2-standard-4,20.79,0.194,4.0328,0
2025-09-19,Azure,Azure VM,southeastasia,vm-api-prod-02,Standard_D4s_v3,21.55,0.192,4.1374,0
2025-09-19,Azure,Azure Storage,southeastasia,stbackupdata002,BlobStorage-GB,580.04,0.02,11.6008,0
2025-09-19,GCP,Cloud SQL,europe-west1,gcp-main-postgres-db,db-custom-2-7680,20.65,0.35,7.2264,0
2025-09-19,AWS,Lambda,us-east-1,image-resizer-worker,RequestCount,538534.41,2e-07,0.1077,0
2025-09-19,AWS,Lambda,ap-southeast-1,image-resizer-worker,RequestCount,748457.27,2e-07,0.1497,0
2025-09-19,Azure,Azure Storage,southeastasia,stbackupdata002,BlobStorage-GB,1368.41,0.02,27.3682,0
2025-09-19,Azure,Azure VM,southeastasia,vm-api-prod-02,Standard_D4s_v3,20.23,0.192,3.8838,0
2025-09-19,Azure,Azure Storage,westeurope,stappprodlogs001,BlobStorage-GB,1190.67,0.02,23.8134,0
2025-09-19,AWS,EC2,us-west-2,i-0a8f9c1d2e3f4,BoxUsage:t3.xlarge,19.51,0.1664,3.2468,0
2025-09-20,GCP,Compute Engine,asia-east1,gcp-k8s-worker-1,n2-standard-4,19.27,0.194,3.7378,0
2025-09-20,GCP,Cloud SQL,us-central1,gcp-main-postgres-db,db-custom-2-7680,21.55,0.35,7.5414,0
2025-09-20,GCP,Compute Engine,europe-west1,gcp-k8s-worker-2,n2-standard-4,22.5,0.194,4.3659,0
2025-09-20,GCP,Compute Engine,us-central1,gcp-k8s-worker-1,n2-standard-4,19.15,0.194,3.7151,0
2025-09-20,GCP,Cloud SQL,us-central1,gcp-main-postgres-db,db-custom-2-7680,22.21,0.35,7.775,0
2025-09-20,AWS,S3,eu-west-1,app-logs-archive,StandardStorage-GB,365.5,0.023,8.4064,0
2025-09-20,GCP,Cloud SQL,asia-east1,gcp-main-postgres-db,db-custom-2-7680,23.83,0.35,8.3392,0
2025-09-20,GCP,Cloud SQL,asia-east1,gcp-main-postgres-db,db-custom-2-7680,22.2,0.35,7.7704,0
2025-09-20,AWS,S3,ap-southeast-1,prod-analytics-data-dump,StandardStorage-GB,629.33,0.023,14.4745,0
2025-09-20,GCP,Compute Engine,europe-west1,gcp-k8s-worker-1,n2-standard-4,18.17,0.194,3.525,0
2025-09-20,GCP,Cloud SQL,europe-west1,gcp-main-postgres-db,db-custom-2-7680,23.83,0.35,8.3393,0
2025-09-20,Azure,Azure VM,southeastasia,vm-api-prod-02,Standard_D4s_v3,22.47,0.192,4.3145,0
2025-09-20,AWS,EC2,us-west-2,i-0a8f9c1d2e3f4,BoxUsage:t3.xlarge,21.54,0.1664,3.5835,0
2025-09-20,GCP,Cloud SQL,us-central1,gcp-main-postgres-db,db-custom-2-7680,23.92,0.35,8.3706,0
2025-09-20,AWS,Lambda,ap-southeast-1,event-processor,RequestCount,187448.95,2e-07,0.0375,0
2025-09-20,Azure,Azure VM,southeastasia,vm-web-prod-01,Standard_D4s_v3,18.2,0.192,3.4949,0
2025-09-21,GCP,Compute Engine,europe-west1,gcp-k8s-worker-2,n2-standard-4,18.45,0.194,3.5789,0
2025-09-21,Azure,Azure Storage,westeurope,stbackupdata002,BlobStorage-GB,429.58,0.02,8.5916,0
2025-09-21,GCP,Cloud SQL,europe-west1,gcp-main-postgres-db,db-custom-2-7680,23.23,0.35,8.13,0
2025-09-21,Azure,Azure VM,eastus,vm-api-prod-02,Standard_D4s_v3,17.89,0.192,3.4349,0
2025-09-21,Azure,Azure Storage,westeurope,stappprodlogs001,BlobStorage-GB,493.72,0.02,9.8744,0
2025-09-21,GCP,Cloud SQL,us-central1,gcp-main-postgres-db,db-custom-2-7680,22.02,0.35,7.7078,0
2025-09-21,GCP,Cloud SQL,us-central1,gcp-main-postgres-db,db-custom-2-7680,24.26,0.35,8.4905,0
2025-09-21,AWS,S3,us-east-1,prod-analytics-data-dump,StandardStorage-GB,554.69,0.023,12.7578,0
2025-09-21,Azure,Azure VM,westeurope,vm-web-prod-01,Standard_D4s_v3,20.32,0.192,3.9007,0
2025-09-21,Azure,Azure Storage,southeastasia,stbackupdata002,BlobStorage-GB,1418.53,0.02,28.3705,0
2025-09-21,Azure,Azure Storage,westeurope,stbackupdata002,BlobStorage-GB,631.09,0.02,12.6218,0
2025-09-21,AWS,Lambda,eu-west-1,image-resizer-worker,RequestCount,144432.24,2e-07,0.0289,0
2025-09-21,GCP,Compute Engine,europe-west1,gcp-k8s-worker-2,n2-standard-4,21.42,0.194,4.155,0
2025-09-21,GCP,Cloud SQL,asia-east1,gcp-main-postgres-db,db-custom-2-7680,22.88,0.35,8.0071,0
2025-09-22,AWS,RDS,eu-west-1,prod-db-cluster-primary,InstanceUsage:db.m5.large,24.92,0.38,9.4682,0
2025-09-22,GCP,Cloud SQL,asia-east1,gcp-main-postgres-db,db-custom-2-7680,21.75,0.35,7.6123,0
2025-09-22,GCP,Cloud SQL,europe-west1,gcp-main-postgres-db,db-custom-2-7680,21.91,0.35,7.6693,0
2025-09-22,AWS,S3,us-west-2,app-logs-archive,StandardStorage-GB,602.15,0.023,13.8495,0
2025-09-22,GCP,Compute Engine,europe-west1,gcp-k8s-worker-2,n2-standard-4,23.79,0.194,4.6149,0
2025-09-22,AWS,S3,us-east-1,user-media-storage-bucket,StandardStorage-GB,562.02,0.023,12.9265,0
2025-09-22,GCP,Cloud SQL,us-central1,gcp-main-postgres-db,db-custom-2-7680,21.03,0.35,7.3613,0
2025-09-22,GCP,Compute Engine,asia-east1,gcp-k8s-worker-1,n2-standard-4,20.79,0.194,4.0336,0
2025-09-22,Azure,Azure VM,eastus,vm-web-prod-01,Standard_D4s_v3,20.96,0.192,4.0244,0
2025-09-22,Azure,Azure VM,westeurope,vm-api-prod-02,Standard_D4s_v3,23.29,0.192,4.4723,0
2025-09-22,GCP,Cloud SQL,asia-east1,gcp-main-postgres-db,db-custom-2-7680,20.84,0.35,7.2945,0
2025-09-22,AWS,Lambda,eu-west-1,event-processor,RequestCount,346474.26,2e-07,0.0693,0
2025-09-22,GCP,Cloud SQL,us-central1,gcp-main-postgres-db,db-custom-2-7680,21.55,0.35,7.5428,0
2025-09-22,AWS,EC2,us-east-1,i-0b7e6d5c4b3a2,BoxUsage:t3.xlarge,22.96,0.1664,3.8201,0
2025-09-22,Azure,Azure Storage,eastus,stappprodlogs001,BlobStorage-GB,1052.23,0.02,21.0446,0
2025-09-22,GCP,Compute Engine,asia-east1,gcp-k8s-worker-2,n2-standard-4,19.89,0.194,3.8596,0
2025-09-23,Azure,Azure VM,eastus,vm-web-prod-01,Standard_D4s_v3,21.68,0.192,4.1632,0
2025-09-23,Azure,Azure VM,southeastasia,vm-api-prod-02,Standard_D4s_v3,22.37,0.192,4.2948,0
2025-09-23,GCP,Cloud SQL,us-central1,gcp-main-postgres-db,db-custom-2-7680,21.74,0.35,7.6095,0
2025-09-23,GCP,Compute Engine,europe-west1,gcp-k8s-worker-2,n2-standard-4,21.02,0.194,4.0785,0
2025-09-23,Azure,Azure Storage,eastus,stbackupdata002,BlobStorage-GB,1297.46,0.02,25.9493,0
2025-09-23,AWS,S3,ap-southeast-1,prod-analytics-data-dump,StandardStorage-GB,1087.65,0.023,25.0159,0
2025-09-23,AWS,S3,us-east-1,app-logs-archive,StandardStorage-GB,1139.75,0.023,26.2143,0
2025-09-23,GCP,Cloud SQL,europe-west1,gcp-main-postgres-db,db-custom-2-7680,22.53,0.35,7.8856,0
2025-09-23,GCP,Compute Engine,us-central1,gcp-k8s-worker-1,n2-standard-4,20.93,0.194,4.0595,0
2025-09-23,GCP,Compute Engine,us-central1,gcp-k8s-worker-1,n2-standard-4,22.09,0.194,4.2851,0
2025-09-23,GCP,Cloud SQL,asia-east1,gcp-main-postgres-db,db-custom-2-7680,20.79,0.35,7.2757,0
2025-09-23,AWS,RDS,ap-southeast-1,analytics-read-replica,InstanceUsage:db.m5.large,22.33,0.38,8.4863,0
2025-09-23,Azure,Azure Storage,eastus,stbackupdata002,BlobStorage-GB,466.59,0.02,9.3318,0
2025-09-23,GCP,Cloud SQL,europe-west1,gcp-main-postgres-db,db-custom-2-7680,22.39,0.35,7.8352,0
2025-09-23,GCP,Compute Engine,asia-east1,gcp-k8s-worker-2,n2-standard-4,19.6,0.194,3.8022,0
2025-09-24,AWS,Lambda,us-west-2,event-processor,RequestCount,393294.83,2e-07,0.0787,0
2025-09-24,AWS,S3,ap-southeast-1,prod-analytics-data-dump,StandardStorage-GB,1102.95,0.023,25.3679,0
2025-09-24,AWS,EBS,us-west-2,vol-0123456789abcdef0,VolumeUsage.gp3,231.72,0.08,18.5376,0
2025-09-24,AWS,EBS,us-east-1,vol-0123456789abcdef0,VolumeUsage.gp3,448.9,0.08,35.9116,0
2025-09-24,AWS,S3,us-east-1,app-logs-archive,StandardStorage-GB,716.38,0.023,16.4766,0
2025-09-24,GCP,Cloud SQL,europe-west1,gcp-main-postgres-db,db-custom-2-7680,23.73,0.35,8.3039,0
2025-09-24,Azure,Azure VM,eastus,vm-web-prod-01,Standard_D4s_v3,20.78,0.192,3.989,0
2025-09-24,GCP,Cloud SQL,asia-east1,gcp-main-postgres-db,db-custom-2-7680,23.54,0.35,8.2403,0
2025-09-24,AWS,Lambda,eu-west-1,auth-token-verifier,RequestCount,383888.36,2e-07,0.0768,0
2025-09-24,GCP,Compute Engine,europe-west1,gcp-k8s-worker-2,n2-standard-4,21.19,0.194,4.1108,0
2025-09-24,Azure,Azure VM,westeurope,vm-api-prod-02,Standard_D4s_v3,23.25,0.192,4.464,0
2025-09-24,AWS,S3,ap-southeast-1,user-media-storage-bucket,StandardStorage-GB,1085.91,0.023,24.9759,0
2025-09-24,Azure,Azure Storage,southeastasia,stbackupdata002,BlobStorage-GB,503.8,0.02,10.0759,0
2025-09-24,GCP,Cloud SQL,europe-west1,gcp-main-postgres-db,db-custom-2-7680,21.44,0.35,7.503,0
2025-09-25,GCP,Compute Engine,europe-west1,gcp-k8s-worker-2,n2-standard-4,19.76,0.194,3.8337,0
2025-09-25,GCP,Cloud SQL,asia-east1,gcp-main-postgres-db,db-custom-2-7680,21.74,0.35,7.6084,0
2025-09-25,AWS,EC2,us-west-2,i-0c9d8e7f6a5b4,BoxUsage:t3.xlarge,20.21,0.1664,3.3626,0
2025-09-25,GCP,Compute Engine,us-central1,gcp-k8s-worker-1,n2-standard-4,19.87,0.194,3.8544,0
2025-09-25,AWS,S3,us-west-2,prod-analytics-data-dump,StandardStorage-GB,372.58,0.023,8.5694,0
2025-09-25,AWS,EC2,us-east-1,i-0d1e2f3a4b5c6,BoxUsage:t3.xlarge,22.64,0.1664,3.7667,0
2025-09-25,GCP,Cloud SQL,us-central1,gcp-main-postgres-db,db-custom-2-7680,21.09,0.35,7.3804,0
2025-09-25,GCP,Compute Engine,asia-east1,gcp-k8s-worker-2,n2-standard-4,20.37,0.194,3.9524,0
2025-09-25,AWS,EBS,ap-southeast-1,vol-0123456789abcdef0,VolumeUsage.gp3,380.29,0.08,30.4235,0
2025-09-25,Azure,Azure Storage,eastus,stappprodlogs001,BlobStorage-GB,1101.86,0.02,22.0371,0
2025-09-25,GCP,Cloud SQL,europe-west1,gcp-main-postgres-db,db-custom-2-7680,22.7,0.35,7.9446,0
2025-09-25,Azure,Azure Storage,eastus,stappprodlogs001,BlobStorage-GB,1301.84,0.02,26.0368,0
2025-09-25,AWS,EBS,us-east-1,vol-0123456789abcdef0,VolumeUsage.gp3,493.07,0.08,39.4455,0
2025-09-25,GCP,Compute Engine,asia-east1,gcp-k8s-worker-1,n2-standard-4,17.99,0.194,3.4893,0
2025-09-25,Azure,Azure Storage,southeastasia,stappprodlogs001,BlobStorage-GB,861.98,0.02,17.2396,0
2025-09-25,AWS,EC2,eu-west-1,i-0d1e2f3a4b5c6,BoxUsage:t3.xlarge,22.14,0.1664,3.6838,0
2025-09-26,GCP,Cloud SQL,europe-west1,gcp-main-postgres-db,db-custom-2-7680,20.22,0.35,7.0766,0
2025-09-26,GCP,Compute Engine,asia-east1,gcp-k8s-worker-1,n2-standard-4,18.2,0.194,3.5301,0
2025-09-26,GCP,Cloud SQL,europe-west1,gcp-main-postgres-db,db-custom-2-7680,21.3,0.35,7.4533,0
2025-09-26,Azure,Azure Storage,southeastasia,stbackupdata002,BlobStorage-GB,940.24,0.02,18.8047,0
2025-09-26,Azure,Azure Storage,westeurope,stbackupdata002,BlobStorage-GB,973.13,0.02,19.4626,0
2025-09-26,Azure,Azure VM,southeastasia,vm-web-prod-01,Standard_D4s_v3,19.85,0.192,3.811,0
2025-09-26,AWS,S3,us-west-2,app-logs-archive,StandardStorage-GB,425.84,0.023,9.7944,0
2025-09-26,GCP,Compute Engine,europe-west1,gcp-k8s-worker-2,n2-standard-4,20.17,0.194,3.9127,0
2025-09-26,AWS,RDS,ap-southeast-1,prod-db-cluster-primary,InstanceUsage:db.m5.large,22.76,0.38,8.6478,0
2025-09-26,AWS,Lambda,eu-west-1,auth-token-verifier,RequestCount,490589.86,2e-07,0.0981,0
2025-09-26,GCP,Compute Engine,europe-west1,gcp-k8s-worker-1,n2-standard-4,19.2,0.194,3.7245,0
2025-09-26,GCP,Compute Engine,europe-west1,gcp-k8s-worker-1,n2-standard-4,22.37,0.194,4.3397,0
2025-09-26,Azure,Azure Storage,eastus,stbackupdata002,BlobStorage-GB,646.8,0.02,12.9361,0
2025-09-26,GCP,Cloud SQL,asia-east1,gcp-main-postgres-db,db-custom-2-7680,22.58,0.35,7.9033,0
2025-09-26,GCP,Compute Engine,europe-west1,gcp-k8s-worker-1,n2-standard-4,22.83,0.194,4.4294,0
2025-09-27,AWS,Lambda,us-east-1,image-resizer-worker,RequestCount,208168.68,2e-07,0.0416,0
2025-09-27,Azure,Azure VM,eastus,vm-api-prod-02,Standard_D4s_v3,17.56,0.192,3.3716,0
2025-09-27,AWS,S3,ap-southeast-1,user-media-storage-bucket,StandardStorage-GB,327.36,0.023,7.5292,0
2025-09-27,Azure,Azure Storage,southeastasia,stappprodlogs001,BlobStorage-GB,1442.29,0.02,28.8458,0
2025-09-27,GCP,Cloud SQL,us-central1,gcp-main-postgres-db,db-custom-2-7680,21.86,0.35,7.6503,0
2025-09-27,GCP,Compute Engine,asia-east1,gcp-k8s-worker-1,n2-standard-4,18.34,0.194,3.5572,0
2025-09-27,Azure,Azure Storage,westeurope,stappprodlogs001,BlobStorage-GB,1448.43,0.02,28.9687,0
2025-09-27,AWS,S3,eu-west-1,user-media-storage-bucket,StandardStorage-GB,535.02,0.023,12.3054,0
2025-09-27,GCP,Cloud SQL,us-central1,gcp-main-postgres-db,db-custom-2-7680,23.73,0.35,8.3047,0
2025-09-27,GCP,Cloud SQL,asia-east1,gcp-main-postgres-db,db-custom-2-7680,20.12,0.35,7.0436,0
2025-09-27,AWS,S3,us-east-1,prod-analytics-data-dump,StandardStorage-GB,745.58,0.023,17.1484,0
2025-09-27,GCP,Compute Engine,us-central1,gcp-k8s-worker-2,n2-standard-4,19.07,0.194,3.6988,0
2025-09-27,GCP,Compute Engine,asia-east1,gcp-k8s-worker-1,n2-standard-4,22.05,0.194,4.2776,0
2025-09-27,AWS,EBS,ap-southeast-1,vol-0123456789abcdef0,VolumeUsage.gp3,468.73,0.08,37.4981,0
2025-09-27,GCP,Cloud SQL,europe-west1,gcp-main-postgres-db,db-custom-2-7680,22.59,0.35,7.9069,0
2025-09-27,Azure,Azure VM,eastus,vm-api-prod-02,Standard_D4s_v3,20.76,0.192,3.9855,0
2025-09-28,AWS,S3,ap-southeast-1,user-media-storage-bucket,StandardStorage-GB,802.29,0.023,18.4526,0
2025-09-28,AWS,Lambda,us-west-2,image-resizer-worker,RequestCount,171464.51,2e-07,0.0343,0
2025-09-28,Azure,Azure Storage,westeurope,stbackupdata002,BlobStorage-GB,541.88,0.02,10.8375,0
2025-09-28,Azure,Azure Storage,eastus,stbackupdata002,BlobStorage-GB,879.06,0.02,17.5813,0
2025-09-28,AWS,EC2,us-east-1,i-0c9d8e7f6a5b4,BoxUsage:t3.xlarge,21.54,0.1664,3.5837,0
2025-09-28,AWS,RDS,ap-southeast-1,analytics-read-replica,InstanceUsage:db.m5.large,22.13,0.38,8.4106,0
2025-09-28,Azure,Azure Storage,westeurope,stbackupdata002,BlobStorage-GB,1243.42,0.02,24.8684,0
2025-09-28,AWS,EC2,us-east-1,i-0c9d8e7f6a5b4,BoxUsage:t3.xlarge,19.33,0.1664,3.2166,0
2025-09-28,GCP,Compute Engine,asia-east1,gcp-k8s-worker-2,n2-standard-4,19.12,0.194,3.7087,0
2025-09-28,GCP,Cloud SQL,europe-west1,gcp-main-postgres-db,db-custom-2-7680,23.6,0.35,8.2595,0
2025-09-28,AWS,EBS,eu-west-1,vol-0123456789abcdef0,VolumeUsage.gp3,135.34,0.08,10.8276,0
2025-09-28,GCP,Compute Engine,asia-east1,gcp-k8s-worker-1,n2-standard-4,21.38,0.194,4.1476,0
2025-09-28,AWS,RDS,ap-southeast-1,analytics-read-replica,InstanceUsage:db.m5.large,19.66,0.38,7.4723,0
2025-09-28,AWS,EBS,ap-southeast-1,vol-0123456789abcdef0,VolumeUsage.gp3,400.5,0.08,32.0403,0
2025-09-28,Azure,Azure Storage,eastus,stbackupdata002,BlobStorage-GB,995.78,0.02,19.9156,0
2025-09-29,GCP,Compute Engine,europe-west1,gcp-k8s-worker-1,n2-standard-4,20.47,0.194,3.9717,0
2025-09-29,GCP,Compute Engine,europe-west1,gcp-k8s-worker-2,n2-standard-4,20.9,0.194,4.0554,0
2025-09-29,Azure,Azure VM,eastus,vm-web-prod-01,Standard_D4s_v3,19.57,0.192,3.7576,0
2025-09-29,GCP,Compute Engine,asia-east1,gcp-k8s-worker-2,n2-standard-4,23.4,0.194,4.5394,0
2025-09-29,GCP,Compute Engine,us-central1,gcp-k8s-worker-1,n2-standard-4,21.63,0.194,4.1966,0
2025-09-29,GCP,Cloud SQL,asia-east1,gcp-main-postgres-db,db-custom-2-7680,23.08,0.35,8.0772,0
2025-09-29,Azure,Azure VM,southeastasia,vm-api-prod-02,Standard_D4s_v3,21.76,0.192,4.1782,0
2025-09-29,GCP,Cloud SQL,asia-east1,gcp-main-postgres-db,db-custom-2-7680,22.83,0.35,7.9921,0
2025-09-29,GCP,Compute Engine,asia-east1,gcp-k8s-worker-2,n2-standard-4,22.97,0.194,4.4568,0
2025-09-29,Azure,Azure Storage,eastus,stappprodlogs001,BlobStorage-GB,1056.25,0.02,21.125,0
2025-09-29,GCP,Cloud SQL,asia-east1,gcp-main-postgres-db,db-custom-2-7680,20.83,0.35,7.2912,0
2025-09-29,Azure,Azure Storage,eastus,stbackupdata002,BlobStorage-GB,1435.03,0.02,28.7007,0
2025-09-29,GCP,Compute Engine,europe-west1,gcp-k8s-worker-2,n2-standard-4,22.04,0.194,4.2762,0
2025-09-29,Azure,Azure Storage,westeurope,stbackupdata002,BlobStorage-GB,792.45,0.02,15.8489,0
2025-09-29,Azure,Azure VM,westeurope,vm-api-prod-02,Standard_D4s_v3,18.47,0.192,3.546,0
2025-09-30,AWS,EBS,us-east-1,vol-0123456789abcdef0,VolumeUsage.gp3,238.86,0.08,19.1087,0
2025-09-30,Azure,Azure Storage,southeastasia,stappprodlogs001,BlobStorage-GB,1024.35,0.02,20.4869,0
2025-09-30,AWS,RDS,us-east-1,prod-db-cluster-primary,InstanceUsage:db.m5.large,20.72,0.38,7.8733,0
2025-09-30,GCP,Cloud SQL,asia-east1,gcp-main-postgres-db,db-custom-2-7680,22.27,0.35,7.7931,0
2025-09-30,GCP,Compute Engine,europe-west1,gcp-k8s-worker-2,n2-standard-4,23.34,0.194,4.5281,0
2025-09-30,AWS,RDS,ap-southeast-1,analytics-read-replica,InstanceUsage:db.m5.large,22.64,0.38,8.6029,0
2025-09-30,AWS,S3,us-west-2,user-media-storage-bucket,StandardStorage-GB,1007.26,0.023,23.1669,0
2025-09-30,GCP,Cloud SQL,europe-west1,gcp-main-postgres-db,db-custom-2-7680,20.84,0.35,7.2949,0
2025-09-30,Azure,Azure VM,westeurope,vm-web-prod-01,Standard_D4s_v3,19.42,0.192,3.7288,0
2025-09-30,GCP,Compute Engine,asia-east1,gcp-k8s-worker-1,n2-standard-4,19.84,0.194,3.8495,0
2025-09-30,AWS,RDS,us-east-1,prod-db-cluster-primary,InstanceUsage:db.m5.large,24.29,0.38,9.2304,0
2025-09-30,Azure,Azure Storage,eastus,stbackupdata002,BlobStorage-GB,458.62,0.02,9.1723,0
2025-09-30,AWS,S3,eu-west-1,user-media-storage-bucket,StandardStorage-GB,626.07,0.023,14.3995,0
2025-09-30,Azure,Azure VM,southeastasia,vm-web-prod-01,Standard_D4s_v3,20.55,0.192,3.9464,0
2025-10-01,Azure,Azure VM,westeurope,vm-api-prod-02,Standard_D4s_v3,20.73,0.192,3.9795,0
2025-10-01,GCP,Cloud SQL,europe-west1,gcp-main-postgres-db,db-custom-2-7680,23.84,0.35,8.3455,0
2025-10-01,AWS,EBS,eu-west-1,vol-0fe0d1c2b3a498765,VolumeUsage.gp3,327.51,0.08,26.2005,0
2025-10-01,Azure,Azure Storage,eastus,stappprodlogs001,BlobStorage-GB,1302.94,0.02,26.0588,0
2025-10-01,Azure,Azure VM,eastus,vm-web-prod-01,Standard_D4s_v3,23.06,0.192,4.4277,0
2025-10-01,GCP,Compute Engine,us-central1,gcp-k8s-worker-2,n2-standard-4,24.67,0.194,4.7856,0
2025-10-01,AWS,Lambda,us-east-1,event-processor,RequestCount,698167.37,2e-07,0.1396,0
2025-10-01,GCP,Cloud SQL,asia-east1,gcp-main-postgres-db,db-custom-2-7680,22.9,0.35,8.0167,0
2025-10-01,GCP,Cloud SQL,asia-east1,gcp-main-postgres-db,db-custom-2-7680,21.77,0.35,7.6204,0
2025-10-01,GCP,Compute Engine,asia-east1,gcp-k8s-worker-1,n2-standard-4,20.19,0.194,3.9162,0
2025-10-01,Azure,Azure Storage,southeastasia,stappprodlogs001,BlobStorage-GB,1413.16,0.02,28.2632,0
2025-10-01,Azure,Azure VM,eastus,vm-web-prod-01,Standard_D4s_v3,22.14,0.192,4.2515,0
2025-10-01,Azure,Azure Storage,southeastasia,stbackupdata002,BlobStorage-GB,886.33,0.02,17.7265,0
2025-10-01,AWS,RDS,us-west-2,analytics-read-replica,InstanceUsage:db.m5.large,20.58,0.38,7.8211,0
2025-10-01,Azure,Azure VM,eastus,vm-api-prod-02,Standard_D4s_v3,23.79,0.192,4.5682,0
2025-10-02,GCP,Cloud SQL,us-central1,gcp-main-postgres-db,db-custom-2-7680,22.73,0.35,7.9552,0
2025-10-02,AWS,Lambda,us-east-1,event-processor,RequestCount,161853.35,2e-07,0.0324,0
2025-10-02,Azure,Azure VM,southeastasia,vm-api-prod-02,Standard_D4s_v3,19.25,0.192,3.696,0
2025-10-02,GCP,Compute Engine,asia-east1,gcp-k8s-worker-2,n2-standard-4,19.77,0.194,3.8354,0
2025-10-02,AWS,Lambda,ap-southeast-1,auth-token-verifier,RequestCount,788551.96,2e-07,0.1577,0
2025-10-02,AWS,EC2,us-east-1,i-0d1e2f3a4b5c6,BoxUsage:t3.xlarge,18.88,0.1664,3.1412,0
2025-10-02,GCP,Compute Engine,asia-east1,gcp-k8s-worker-2,n2-standard-4,23.63,0.194,4.5834,0
2025-10-02,AWS,S3,us-west-2,app-logs-archive,StandardStorage-GB,867.23,0.023,19.9462,0
2025-10-02,AWS,Lambda,eu-west-1,auth-token-verifier,RequestCount,650254.74,2e-07,0.1301,0
2025-10-02,Azure,Azure VM,westeurope,vm-api-prod-02,Standard_D4s_v3,19.51,0.192,3.7456,0
2025-10-02,AWS,S3,us-west-2,prod-analytics-data-dump,StandardStorage-GB,971.15,0.023,22.3364,0
2025-10-02,GCP,Cloud SQL,europe-west1,gcp-main-postgres-db,db-custom-2-7680,21.79,0.35,7.6279,0
2025-10-02,GCP,Compute Engine,us-central1,gcp-k8s-worker-2,n2-standard-4,22.24,0.194,4.3149,0
2025-10-02,Azure,Azure Storage,westeurope,stappprodlogs001,BlobStorage-GB,1138.69,0.02,22.7738,0
2025-10-02,AWS,Lambda,eu-west-1,event-processor,RequestCount,745544.45,2e-07,0.1491,0
2025-10-02,Azure,Azure Storage,southeastasia,stappprodlogs001,BlobStorage-GB,1402.87,0.02,28.0574,0
2025-10-03,Azure,Azure Storage,eastus,stappprodlogs001,BlobStorage-GB,691.8,0.02,13.8361,0
2025-10-03,AWS,Lambda,eu-west-1,event-processor,RequestCount,614835.97,2e-07,0.123,0
2025-10-03,Azure,Azure VM,eastus,vm-web-prod-01,Standard_D4s_v3,17.57,0.192,3.3727,0
2025-10-03,AWS,Lambda,ap-southeast-1,image-resizer-worker,RequestCount,466662.17,2e-07,0.0933,0
2025-10-03,GCP,Compute Engine,asia-east1,gcp-k8s-worker-1,n2-standard-4,24.96,0.194,4.8418,0
2025-10-03,AWS,S3,ap-southeast-1,user-media-storage-bucket,StandardStorage-GB,401.45,0.023,9.2334,0
2025-10-03,Azure,Azure VM,southeastasia,vm-web-prod-01,Standard_D4s_v3,22.03,0.192,4.2298,0
2025-10-03,GCP,Cloud SQL,asia-east1,gcp-main-postgres-db,db-custom-2-7680,23.76,0.35,8.3162,0
2025-10-03,Azure,Azure Storage,eastus,stappprodlogs001,BlobStorage-GB,675.36,0.02,13.5073,0
2025-10-03,AWS,S3,us-east-1,app-logs-archive,StandardStorage-GB,942.8,0.023,21.6844,0
2025-10-03,AWS,EBS,us-east-1,vol-0123456789abcdef0,VolumeUsage.gp3,282.18,0.08,22.5744,0
2025-10-03,Azure,Azure VM,westeurope,vm-web-prod-01,Standard_D4s_v3,22.24,0.192,4.2695,0
2025-10-03,Azure,Azure VM,southeastasia,vm-web-prod-01,Standard_D4s_v3,18.37,0.192,3.5277,0
2025-10-03,GCP,Compute Engine,europe-west1,gcp-k8s-worker-2,n2-standard-4,22.2,0.194,4.3073,0
2025-10-04,AWS,EC2,ap-southeast-1,i-0c9d8e7f6a5b4,BoxUsage:t3.xlarge,19.59,0.1664,3.2597,0
2025-10-04,GCP,Cloud SQL,europe-west1,gcp-main-postgres-db,db-custom-2-7680,21.44,0.35,7.5046,0
2025-10-04,Azure,Azure VM,westeurope,vm-api-prod-02,Standard_D4s_v3,22.21,0.192,4.2646,0
2025-10-04,AWS,EBS,ap-southeast-1,vol-0123456789abcdef0,VolumeUsage.gp3,242.41,0.08,19.3928,0
2025-10-04,GCP,Compute Engine,us-central1,gcp-k8s-worker-1,n2-standard-4,18.92,0.194,3.671,0
2025-10-04,GCP,Compute Engine,us-central1,gcp-k8s-worker-1,n2-standard-4,23.93,0.194,4.6422,0
2025-10-04,Azure,Azure VM,westeurope,vm-web-prod-01,Standard_D4s_v3,18.75,0.192,3.6009,0
2025-10-04,AWS,EBS,ap-southeast-1,vol-0123456789abcdef0,VolumeUsage.gp3,226.8,0.08,18.1444,0
2025-10-04,Azure,Azure VM,eastus,vm-api-prod-02,Standard_D4s_v3,22.32,0.192,4.2853,0
2025-10-04,AWS,S3,eu-west-1,user-media-storage-bucket,StandardStorage-GB,849.58,0.023,19.5403,0
2025-10-04,GCP,Compute Engine,europe-west1,gcp-k8s-worker-2,n2-standard-4,23.16,0.194,4.4921,0
2025-10-04,AWS,S3,us-east-1,user-media-storage-bucket,StandardStorage-GB,408.93,0.023,9.4054,0
2025-10-04,AWS,RDS,us-east-1,analytics-read-replica,InstanceUsage:db.m5.large,21.51,0.38,8.1756,0
2025-10-04,AWS,S3,ap-southeast-1,user-media-storage-bucket,StandardStorage-GB,792.51,0.023,18.2277,0
2025-10-04,GCP,Cloud SQL,us-central1,gcp-main-postgres-db,db-custom-2-7680,21.09,0.35,7.3803,0
2025-10-04,AWS,RDS,us-west-2,prod-db-cluster-primary,InstanceUsage:db.m5.large,19.32,0.38,7.3426,0
2025-10-05,Azure,Azure VM,eastus,vm-api-prod-02,Standard_D4s_v3,19.29,0.192,3.7035,0
2025-10-05,Azure,Azure Storage,southeastasia,stappprodlogs001,BlobStorage-GB,1117.44,0.02,22.3488,0
2025-10-05,Azure,Azure Storage,westeurope,stappprodlogs001,BlobStorage-GB,514.82,0.02,10.2965,0
2025-10-05,Azure,Azure Storage,eastus,stbackupdata002,BlobStorage-GB,1418.38,0.02,28.3677,0
2025-10-05,AWS,S3,us-east-1,prod-analytics-data-dump,StandardStorage-GB,393.1,0.023,9.0412,0
2025-10-05,AWS,RDS,eu-west-1,analytics-read-replica,InstanceUsage:db.m5.large,23.45,0.38,8.9096,0
2025-10-05,GCP,Cloud SQL,us-central1,gcp-main-postgres-db,db-custom-2-7680,22.75,0.35,7.9622,0
2025-10-05,GCP,Cloud SQL,europe-west1,gcp-main-postgres-db,db-custom-2-7680,20.19,0.35,7.0676,0
2025-10-05,Azure,Azure VM,eastus,vm-web-prod-01,Standard_D4s_v3,23.43,0.192,4.4978,0
2025-10-05,AWS,Lambda,ap-southeast-1,auth-token-verifier,RequestCount,752868.3,2e-07,0.1506,0
2025-10-05,GCP,Cloud SQL,asia-east1,gcp-main-postgres-db,db-custom-2-7680,20.48,0.35,7.1683,0
2025-10-05,AWS,EBS,eu-west-1,vol-0123456789abcdef0,VolumeUsage.gp3,456.45,0.08,36.516,0
2025-10-05,AWS,EBS,us-west-2,vol-0123456789abcdef0,VolumeUsage.gp3,101.63,0.08,8.1302,0
2025-10-05,GCP,Compute Engine,europe-west1,gcp-k8s-worker-2,n2-standard-4,21.54,0.194,4.1779,0
2025-10-05,GCP,Cloud SQL,europe-west1,gcp-main-postgres-db,db-custom-2-7680,22.33,0.35,7.8162,0
2025-10-06,AWS,EBS,us-west-2,vol-0fe0d1c2b3a498765,VolumeUsage.gp3,311.03,0.08,24.8821,0
2025-10-06,AWS,RDS,us-east-1,analytics-read-replica,InstanceUsage:db.m5.large,22.71,0.38,8.6299,0
2025-10-06,Azure,Azure Storage,westeurope,stappprodlogs001,BlobStorage-GB,432.83,0.02,8.6567,0
2025-10-06,Azure,Azure Storage,southeastasia,stbackupdata002,BlobStorage-GB,783.55,0.02,15.671,0
2025-10-06,GCP,Compute Engine,asia-east1,gcp-k8s-worker-1,n2-standard-4,24.61,0.194,4.7753,0
2025-10-06,Azure,Azure VM,eastus,vm-api-prod-02,Standard_D4s_v3,20.14,0.192,3.8661,0
2025-10-06,Azure,Azure VM,eastus,vm-api-prod-02,Standard_D4s_v3,20.43,0.192,3.9234,0
2025-10-06,Azure,Azure VM,eastus,vm-web-prod-01,Standard_D4s_v3,18.67,0.192,3.5841,0
2025-10-06,Azure,Azure VM,eastus,vm-api-prod-02,Standard_D4s_v3,19.08,0.192,3.6626,0
2025-10-06,AWS,S3,ap-southeast-1,prod-analytics-data-dump,StandardStorage-GB,396.07,0.023,9.1097,0
2025-10-06,GCP,Compute Engine,asia-east1,gcp-k8s-worker-2,n2-standard-4,22.5,0.194,4.3652,0
2025-10-06,AWS,S3,us-west-2,user-media-storage-bucket,StandardStorage-GB,643.29,0.023,14.7958,0
2025-10-06,AWS,Lambda,ap-southeast-1,event-processor,RequestCount,608054.35,2e-07,0.1216,0
2025-10-06,Azure,Azure Storage,westeurope,stappprodlogs001,BlobStorage-GB,814.98,0.02,16.2996,0
2025-10-07,Azure,Azure VM,eastus,vm-web-prod-01,Standard_D4s_v3,22.42,0.192,4.3042,0
2025-10-07,Azure,Azure VM,eastus,vm-web-prod-01,Standard_D4s_v3,24.75,0.192,4.7526,0
2025-10-07,GCP,Cloud SQL,us-central1,gcp-main-postgres-db,db-custom-2-7680,22.01,0.35,7.7047,0
2025-10-07,GCP,Cloud SQL,asia-east1,gcp-main-postgres-db,db-custom-2-7680,21.86,0.35,7.6523,0
2025-10-07,Azure,Azure VM,westeurope,vm-api-prod-02,Standard_D4s_v3,20.89,0.192,4.0107,0
2025-10-07,AWS,EBS,eu-west-1,vol-0123456789abcdef0,VolumeUsage.gp3,260.46,0.08,20.8371,0
2025-10-07,Azure,Azure VM,eastus,vm-api-prod-02,Standard_D4s_v3,24.63,0.192,4.729,0
2025-10-07,GCP,Compute Engine,us-central1,gcp-k8s-worker-2,n2-standard-4,23.23,0.194,4.5074,0
2025-10-07,GCP,Compute Engine,europe-west1,gcp-k8s-worker-2,n2-standard-4,18.17,0.194,3.5249,0
2025-10-07,Azure,Azure VM,southeastasia,vm-api-prod-02,Standard_D4s_v3,23.84,0.192,4.5774,0
2025-10-07,AWS,S3,us-west-2,app-logs-archive,StandardStorage-GB,600.16,0.023,13.8036,0
2025-10-07,GCP,Compute Engine,us-central1,gcp-k8s-worker-2,n2-standard-4,20.81,0.194,4.0377,0
2025-10-07,AWS,EC2,us-west-2,i-0b7e6d5c4b3a2,BoxUsage:t3.xlarge,20.22,0.1664,3.3646,0
2025-10-07,AWS,S3,us-west-2,prod-analytics-data-dump,StandardStorage-GB,735.16,0.023,16.9087,0
2025-10-08,AWS,RDS,ap-southeast-1,prod-db-cluster-primary,InstanceUsage:db.m5.large,19.79,0.38,7.5211,0
2025-10-08,AWS,Lambda,ap-southeast-1,auth-token-verifier,RequestCount,131298.44,2e-07,0.0263,0
2025-10-08,AWS,Lambda,eu-west-1,event-processor,RequestCount,289269.6,2e-07,0.0579,0
2025-10-08,GCP,Cloud SQL,us-central1,gcp-main-postgres-db,db-custom-2-7680,19.81,0.35,6.9332,0
2025-10-08,AWS,RDS,ap-southeast-1,prod-db-cluster-primary,InstanceUsage:db.m5.large,22.06,0.38,8.3843,0
2025-10-08,AWS,Lambda,us-west-2,event-processor,RequestCount,159239.74,2e-07,0.0318,0
2025-10-08,Azure,Azure VM,westeurope,vm-api-prod-02,Standard_D4s_v3,22.7,0.192,4.3585,0
2025-10-08,GCP,Cloud SQL,us-central1,gcp-main-postgres-db,db-custom-2-7680,23.33,0.35,8.1657,0
2025-10-08,Azure,Azure Storage,eastus,stbackupdata002,BlobStorage-GB,930.96,0.02,18.6192,0
2025-10-08,AWS,RDS,eu-west-1,prod-db-cluster-primary,InstanceUsage:db.m5.large,21.85,0.38,8.3015,0
2025-10-08,GCP,Cloud SQL,europe-west1,gcp-main-postgres-db,db-custom-2-7680,20.53,0.35,7.1864,0
2025-10-08,Azure,Azure Storage,eastus,stappprodlogs001,BlobStorage-GB,1326.0,0.02,26.52,0
2025-10-08,GCP,Compute Engine,europe-west1,gcp-k8s-worker-1,n2-standard-4,19.15,0.194,3.7143,0
2025-10-08,GCP,Compute Engine,us-central1,gcp-k8s-worker-2,n2-standard-4,19.08,0.194,3.7011,0
2025-10-09,Azure,Azure VM,southeastasia,vm-web-prod-01,Standard_D4s_v3,22.44,0.192,4.3091,0
2025-10-09,Azure,Azure VM,eastus,vm-api-prod-02,Standard_D4s_v3,20.66,0.192,3.967,0
2025-10-09,GCP,Cloud SQL,us-central1,gcp-main-postgres-db,db-custom-2-7680,23.16,0.35,8.1071,0
2025-10-09,Azure,Azure Storage,westeurope,stbackupdata002,BlobStorage-GB,1128.34,0.02,22.5668,0
2025-10-09,GCP,Compute Engine,us-central1,gcp-k8s-worker-1,n2-standard-4,23.54,0.194,4.5676,0
2025-10-09,Azure,Azure Storage,eastus,stbackupdata002,BlobStorage-GB,505.42,0.02,10.1084,0
2025-10-09,GCP,Compute Engine,us-central1,gcp-k8s-worker-2,n2-standard-4,21.45,0.194,4.1615,0
2025-10-09,AWS,S3,us-west-2,prod-analytics-data-dump,StandardStorage-GB,714.29,0.023,16.4288,0
2025-10-09,Azure,Azure Storage,eastus,stbackupdata002,BlobStorage-GB,626.63,0.02,12.5326,0
2025-10-09,Azure,Azure VM,westeurope,vm-web-prod-01,Standard_D4s_v3,21.85,0.192,4.1955,0
2025-10-09,GCP,Cloud SQL,asia-east1,gcp-main-postgres-db,db-custom-2-7680,21.7,0.35,7.5953,0
2025-10-09,AWS,RDS,ap-southeast-1,prod-db-cluster-primary,InstanceUsage:db.m5.large,22.97,0.38,8.7274,0
2025-10-09,AWS,RDS,us-east-1,prod-db-cluster-primary,InstanceUsage:db.m5.large,23.4,0.38,8.8902,0
2025-10-09,Azure,Azure VM,westeurope,vm-web-prod-01,Standard_D4s_v3,19.51,0.192,3.7462,0
2025-10-09,Azure,Azure VM,westeurope,vm-web-prod-01,Standard_D4s_v3,19.65,0.192,3.7721,0
2025-10-09,GCP,Compute Engine,us-central1,gcp-k8s-worker-2,n2-standard-4,19.96,0.194,3.8727,0
2025-10-10,Azure,Azure VM,southeastasia,vm-web-prod-01,Standard_D4s_v3,20.07,0.192,3.8542,0
2025-10-10,GCP,Compute Engine,us-central1,gcp-k8s-worker-1,n2-standard-4,21.56,0.194,4.1827,0
2025-10-10,GCP,Compute Engine,europe-west1,gcp-k8s-worker-1,n2-standard-4,19.64,0.194,3.8092,0
2025-10-10,Azure,Azure Storage,westeurope,stappprodlogs001,BlobStorage-GB,1289.53,0.02,25.7906,0
2025-10-10,AWS,EC2,us-west-2,i-0c9d8e7f6a5b4,BoxUsage:t3.xlarge,20.82,0.1664,3.464,0
2025-10-10,AWS,RDS,eu-west-1,analytics-read-replica,InstanceUsage:db.m5.large,22.32,0.38,8.4809,0
2025-10-10,AWS,S3,us-east-1,user-media-storage-bucket,StandardStorage-GB,340.68,0.023,7.8355,0
2025-10-10,AWS,EC2,eu-west-1,i-0d1e2f3a4b5c6,BoxUsage:t3.xlarge,19.47,0.1664,3.2399,0
2025-10-10,Azure,Azure Storage,southeastasia,stbackupdata002,BlobStorage-GB,1305.11,0.02,26.1022,0
2025-10-10,Azure,Azure Storage,southeastasia,stappprodlogs001,BlobStorage-GB,589.22,0.02,11.7844,0
2025-10-10,AWS,S3,eu-west-1,app-logs-archive,StandardStorage-GB,721.57,0.023,16.5961,0
2025-10-10,Azure,Azure Storage,westeurope,stbackupdata002,BlobStorage-GB,1368.91,0.02,27.3781,0
2025-10-10,AWS,Lambda,eu-west-1,image-resizer-worker,RequestCount,117786.39,2e-07,0.0236,0
2025-10-10,GCP,Compute Engine,us-central1,gcp-k8s-worker-1,n2-standard-4,22.55,0.194,4.3755,0
2025-10-11,AWS,RDS,ap-southeast-1,analytics-read-replica,InstanceUsage:db.m5.large,21.67,0.38,8.2361,0
2025-10-11,GCP,Compute Engine,asia-east1,gcp-k8s-worker-2,n2-standard-4,21.32,0.194,4.1363,0
2025-10-11,GCP,Compute Engine,europe-west1,gcp-k8s-worker-1,n2-standard-4,21.32,0.194,4.1364,0
2025-10-11,GCP,Cloud SQL,asia-east1,gcp-main-postgres-db,db-custom-2-7680,22.79,0.35,7.9768,0
2025-10-11,GCP,Compute Engine,asia-east1,gcp-k8s-worker-1,n2-standard-4,20.49,0.194,3.9747,0
2025-10-11,GCP,Cloud SQL,europe-west1,gcp-main-postgres-db,db-custom-2-7680,23.4,0.35,8.1916,0
2025-10-11,AWS,EBS,ap-southeast-1,vol-0fe0d1c2b3a498765,VolumeUsage.gp3,380.54,0.08,30.4431,0
2025-10-11,Azure,Azure Storage,westeurope,stbackupdata002,BlobStorage-GB,1172.45,0.02,23.4491,0
2025-10-11,Azure,Azure Storage,southeastasia,stappprodlogs001,BlobStorage-GB,914.69,0.02,18.2937,0
2025-10-11,GCP,Compute Engine,us-central1,gcp-k8s-worker-2,n2-standard-4,21.57,0.194,4.1847,0
2025-10-11,AWS,Lambda,eu-west-1,event-processor,RequestCount,470187.37,2e-07,0.094,0
2025-10-11,GCP,Cloud SQL,europe-west1,gcp-main-postgres-db,db-custom-2-7680,23.31,0.35,8.1599,0
2025-10-11,GCP,Compute Engine,us-central1,gcp-k8s-worker-2,n2-standard-4,22.61,0.194,4.3862,0
2025-10-11,GCP,Cloud SQL,us-central1,gcp-main-postgres-db,db-custom-2-7680,21.5,0.35,7.5239,0
2025-10-12,Azure,Azure VM,eastus,vm-web-prod-01,Standard_D4s_v3,21.21,0.192,4.073,0
2025-10-12,Azure,Azure VM,eastus,vm-api-prod-02,Standard_D4s_v3,17.61,0.192,3.3813,0
2025-10-12,AWS,S3,us-east-1,app-logs-archive,StandardStorage-GB,725.75,0.023,16.6923,0
2025-10-12,GCP,Cloud SQL,europe-west1,gcp-main-postgres-db,db-custom-2-7680,22.23,0.35,7.7797,0
2025-10-12,Azure,Azure VM,eastus,vm-web-prod-01,Standard_D4s_v3,19.38,0.192,3.7202,0
2025-10-12,GCP,Cloud SQL,europe-west1,gcp-main-postgres-db,db-custom-2-7680,20.42,0.35,7.1459,0
2025-10-12,Azure,Azure VM,eastus,vm-web-prod-01,Standard_D4s_v3,23.39,0.192,4.4904,0
2025-10-12,AWS,Lambda,us-west-2,event-processor,RequestCount,187193.67,2e-07,0.0374,0
2025-10-12,AWS,EBS,us-west-2,vol-0fe0d1c2b3a498765,VolumeUsage.gp3,425.66,0.08,34.0531,0
2025-10-12,GCP,Compute Engine,us-central1,gcp-k8s-worker-2,n2-standard-4,20.15,0.194,3.9097,0
2025-10-12,AWS,EC2,ap-southeast-1,i-0c9d8e7f6a5b4,BoxUsage:t3.xlarge,21.09,0.1664,3.5087,0
2025-10-12,AWS,RDS,ap-southeast-1,analytics-read-replica,InstanceUsage:db.m5.large,21.32,0.38,8.0999,0
2025-10-12,GCP,Cloud SQL,europe-west1,gcp-main-postgres-db,db-custom-2-7680,22.66,0.35,7.931,0
2025-10-12,AWS,Lambda,us-east-1,event-processor,RequestCount,531095.03,2e-07,0.1062,0
2025-10-12,AWS,EBS,ap-southeast-1,vol-0fe0d1c2b3a498765,VolumeUsage.gp3,273.52,0.08,21.8817,0
2025-10-13,AWS,Lambda,ap-southeast-1,image-resizer-worker,RequestCount,286965.67,2e-07,0.0574,0
2025-10-13,GCP,Cloud SQL,asia-east1,gcp-main-postgres-db,db-custom-2-7680,21.15,0.35,7.4032,0
2025-10-13,AWS,EC2,us-west-2,i-0b7e6d5c4b3a2,BoxUsage:t3.xlarge,20.76,0.1664,3.4541,0
2025-10-13,Azure,Azure Storage,southeastasia,stbackupdata002,BlobStorage-GB,835.23,0.02,16.7046,0
2025-10-13,Azure,Azure Storage,eastus,stappprodlogs001,BlobStorage-GB,1342.93,0.02,26.8586,0
2025-10-13,GCP,Compute Engine,europe-west1,gcp-k8s-worker-1,n2-standard-4,21.73,0.194,4.2156,0
2025-10-13,GCP,Cloud SQL,us-central1,gcp-main-postgres-db,db-custom-2-7680,22.14,0.35,7.7481,0
2025-10-13,AWS,EC2,us-east-1,i-0a8f9c1d2e3f4,BoxUsage:t3.xlarge,24.23,0.1664,4.0312,0
2025-10-13,GCP,Compute Engine,europe-west1,gcp-k8s-worker-1,n2-standard-4,19.97,0.194,3.8738,0
2025-10-13,GCP,Compute Engine,europe-west1,gcp-k8s-worker-1,n2-standard-4,22.7,0.194,4.4047,0
2025-10-13,GCP,Cloud SQL,asia-east1,gcp-main-postgres-db,db-custom-2-7680,22.54,0.35,7.8905,0
2025-10-13,Azure,Azure VM,eastus,vm-web-prod-01,Standard_D4s_v3,20.13,0.192,3.865,0
2025-10-13,GCP,Compute Engine,europe-west1,gcp-k8s-worker-2,n2-standard-4,20.38,0.194,3.9529,0
2025-10-13,GCP,Compute Engine,asia-east1,gcp-k8s-worker-1,n2-standard-4,20.87,0.194,4.0483,0
2025-10-13,GCP,Compute Engine,europe-west1,gcp-k8s-worker-2,n2-standard-4,22.91,0.194,4.4443,0
2025-10-13,AWS,EC2,ap-southeast-1,i-0b7e6d5c4b3a2,BoxUsage:t3.xlarge,22.09,0.1664,3.6753,0
2025-10-14,Azure,Azure Storage,eastus,stappprodlogs001,BlobStorage-GB,1306.42,0.02,26.1285,0
2025-10-14,AWS,EC2,eu-west-1,i-0b7e6d5c4b3a2,BoxUsage:t3.xlarge,21.83,0.1664,3.6332,0
2025-10-14,Azure,Azure VM,westeurope,vm-api-prod-02,Standard_D4s_v3,20.86,0.192,4.0045,0
2025-10-14,Azure,Azure Storage,eastus,stappprodlogs001,BlobStorage-GB,932.26,0.02,18.6453,0
2025-10-14,AWS,RDS,eu-west-1,prod-db-cluster-primary,InstanceUsage:db.m5.large,22.14,0.38,8.4137,0
2025-10-14,GCP,Cloud SQL,europe-west1,gcp-main-postgres-db,db-custom-2-7680,20.28,0.35,7.0991,0
2025-10-14,GCP,Cloud SQL,us-central1,gcp-main-postgres-db,db-custom-2-7680,20.92,0.35,7.3223,0
2025-10-14,GCP,Compute Engine,us-central1,gcp-k8s-worker-2,n2-standard-4,20.59,0.194,3.9939,0
2025-10-14,GCP,Compute Engine,asia-east1,gcp-k8s-worker-2,n2-standard-4,21.51,0.194,4.1724,0
2025-10-14,AWS,EC2,eu-west-1,i-0c9d8e7f6a5b4,BoxUsage:t3.xlarge,18.74,0.1664,3.1176,0
2025-10-14,GCP,Compute Engine,europe-west1,gcp-k8s-worker-2,n2-standard-4,18.51,0.194,3.5918,0
2025-10-14,AWS,EBS,ap-southeast-1,vol-0fe0d1c2b3a498765,VolumeUsage.gp3,357.03,0.08,28.5626,0
2025-10-14,AWS,EC2,ap-southeast-1,i-0d1e2f3a4b5c6,BoxUsage:t3.xlarge,23.22,0.1664,3.8633,0
2025-10-14,Azure,Azure VM,eastus,vm-web-prod-01,Standard_D4s_v3,21.2,0.192,4.0706,0
2025-10-14,GCP,Compute Engine,europe-west1,gcp-k8s-worker-1,n2-standard-4,21.23,0.194,4.119,0
2025-10-15,GCP,Cloud SQL,asia-east1,gcp-main-postgres-db,db-custom-2-7680,23.33,0.35,8.1646,0
2025-10-15,Azure,Azure VM,westeurope,vm-api-prod-02,Standard_D4s_v3,22.45,0.192,4.3107,0
2025-10-15,Azure,Azure VM,southeastasia,vm-web-prod-01,Standard_D4s_v3,21.43,0.192,4.1143,0
2025-10-15,GCP,Compute Engine,us-central1,gcp-k8s-worker-1,n2-standard-4,21.29,0.194,4.1311,0
2025-10-15,GCP,Cloud SQL,asia-east1,gcp-main-postgres-db,db-custom-2-7680,23.85,0.35,8.3458,0
2025-10-15,Azure,Azure VM,eastus,vm-api-prod-02,Standard_D4s_v3,22.46,0.192,4.3115,0
2025-10-15,GCP,Compute Engine,europe-west1,gcp-k8s-worker-2,n2-standard-4,24.9,0.194,4.8304,0
2025-10-15,AWS,EC2,ap-southeast-1,i-0c9d8e7f6a5b4,BoxUsage:t3.xlarge,20.78,0.1664,3.4574,0
2025-10-15,Azure,Azure VM,southeastasia,vm-web-prod-01,Standard_D4s_v3,22.52,0.192,4.3235,0
2025-10-15,GCP,Compute Engine,europe-west1,gcp-k8s-worker-1,n2-standard-4,20.22,0.194,3.9234,0
2025-10-15,Azure,Azure VM,westeurope,vm-web-prod-01,Standard_D4s_v3,21.43,0.192,4.1137,0
2025-10-15,AWS,Lambda,us-east-1,image-resizer-worker,RequestCount,511111.15,2e-07,0.1022,0
2025-10-15,Azure,Azure Storage,southeastasia,stappprodlogs001,BlobStorage-GB,435.23,0.02,8.7047,0
2025-10-15,GCP,Compute Engine,us-central1,gcp-k8s-worker-2,n2-standard-4,20.4,0.194,3.9574,0
2025-10-15,GCP,Cloud SQL,asia-east1,gcp-main-postgres-db,db-custom-2-7680,21.98,0.35,7.6922,0
2025-10-15,Azure,Azure Storage,southeastasia,stappprodlogs001,BlobStorage-GB,1123.11,0.02,22.4622,0
2025-10-16,AWS,Lambda,eu-west-1,event-processor,RequestCount,275305.29,2e-07,0.0551,0
2025-10-16,Azure,Azure VM,westeurope,vm-api-prod-02,Standard_D4s_v3,21.49,0.192,4.1264,0
2025-10-16,GCP,Compute Engine,us-central1,gcp-k8s-worker-1,n2-standard-4,21.56,0.194,4.1821,0
2025-10-16,Azure,Azure VM,southeastasia,vm-api-prod-02,Standard_D4s_v3,22.12,0.192,4.2464,0
2025-10-16,GCP,Compute Engine,asia-east1,gcp-k8s-worker-1,n2-standard-4,20.58,0.194,3.9917,0
2025-10-16,AWS,RDS,us-east-1,analytics-read-replica,InstanceUsage:db.m5.large,22.12,0.38,8.4054,0
2025-10-16,GCP,Compute Engine,asia-east1,gcp-k8s-worker-1,n2-standard-4,19.13,0.194,3.7117,0
2025-10-16,GCP,Cloud SQL,us-central1,gcp-main-postgres-db,db-custom-2-7680,23.13,0.35,8.0946,0
2025-10-16,GCP,Cloud SQL,asia-east1,gcp-main-postgres-db,db-custom-2-7680,19.55,0.35,6.843,0
2025-10-16,GCP,Cloud SQL,asia-east1,gcp-main-postgres-db,db-custom-2-7680,23.44,0.35,8.2052,0
2025-10-16,GCP,Compute Engine,asia-east1,gcp-k8s-worker-2,n2-standard-4,19.98,0.194,3.8766,0
2025-10-16,AWS,RDS,us-west-2,prod-db-cluster-primary,InstanceUsage:db.m5.large,21.33,0.38,8.1048,0
2025-10-16,AWS,RDS,us-west-2,analytics-read-replica,InstanceUsage:db.m5.large,21.93,0.38,8.332,0
2025-10-16,GCP,Compute Engine,us-central1,gcp-k8s-worker-2,n2-standard-4,19.19,0.194,3.7231,0
2025-10-17,GCP,Compute Engine,europe-west1,gcp-k8s-worker-1,n2-standard-4,20.11,0.194,3.9007,0
2025-10-17,GCP,Compute Engine,asia-east1,gcp-k8s-worker-1,n2-standard-4,22.73,0.194,4.4102,0
2025-10-17,Azure,Azure Storage,westeurope,stbackupdata002,BlobStorage-GB,425.83,0.02,8.5167,0
2025-10-17,Azure,Azure VM,southeastasia,vm-web-prod-01,Standard_D4s_v3,23.25,0.192,4.4646,0
2025-10-17,Azure,Azure Storage,eastus,stappprodlogs001,BlobStorage-GB,465.1,0.02,9.3019,0
2025-10-17,GCP,Cloud SQL,asia-east1,gcp-main-postgres-db,db-custom-2-7680,22.19,0.35,7.7679,0
2025-10-17,AWS,Lambda,us-east-1,auth-token-verifier,RequestCount,486087.19,2e-07,0.0972,0
2025-10-17,GCP,Compute Engine,europe-west1,gcp-k8s-worker-1,n2-standard-4,22.9,0.194,4.443,0
2025-10-17,GCP,Cloud SQL,asia-east1,gcp-main-postgres-db,db-custom-2-7680,21.5,0.35,7.5261,0
2025-10-17,AWS,Lambda,eu-west-1,event-processor,RequestCount,577942.89,2e-07,0.1156,0
2025-10-17,AWS,EBS,us-west-2,vol-0123456789abcdef0,VolumeUsage.gp3,366.34,0.08,29.3072,0
2025-10-17,GCP,Cloud SQL,asia-east1,gcp-main-postgres-db,db-custom-2-7680,20.14,0.35,7.0507,0
2025-10-17,Azure,Azure VM,eastus,vm-api-prod-02,Standard_D4s_v3,19.58,0.192,3.7589,0
2025-10-17,GCP,Compute Engine,asia-east1,gcp-k8s-worker-1,n2-standard-4,19.51,0.194,3.7848,0
2025-10-18,Azure,Azure Storage,eastus,stappprodlogs001,BlobStorage-GB,516.15,0.02,10.3229,0
2025-10-18,AWS,S3,us-east-1,user-media-storage-bucket,StandardStorage-GB,1034.22,0.023,23.787,0
2025-10-18,Azure,Azure Storage,westeurope,stbackupdata002,BlobStorage-GB,1250.61,0.02,25.0122,0
2025-10-18,GCP,Cloud SQL,europe-west1,gcp-main-postgres-db,db-custom-2-7680,21.02,0.35,7.3565,0
2025-10-18,AWS,EC2,eu-west-1,i-0b7e6d5c4b3a2,BoxUsage:t3.xlarge,23.19,0.1664,3.8591,0
2025-10-18,GCP,Compute Engine,asia-east1,gcp-k8s-worker-2,n2-standard-4,23.9,0.194,4.6362,0
2025-10-18,AWS,RDS,ap-southeast-1,analytics-read-replica,InstanceUsage:db.m5.large,21.65,0.38,8.2269,0
2025-10-18,Azure,Azure VM,westeurope,vm-web-prod-01,Standard_D4s_v3,19.33,0.192,3.7122,0
2025-10-18,Azure,Azure VM,southeastasia,vm-web-prod-01,Standard_D4s_v3,18.61,0.192,3.5741,0
2025-10-18,AWS,S3,us-west-2,prod-analytics-data-dump,StandardStorage-GB,834.05,0.023,19.1833,0
2025-10-18,GCP,Cloud SQL,us-central1,gcp-main-postgres-db,db-custom-2-7680,24.45,0.35,8.5576,0
2025-10-18,GCP,Cloud SQL,asia-east1,gcp-main-postgres-db,db-custom-2-7680,21.75,0.35,7.6114,0
2025-10-18,GCP,Cloud SQL,us-central1,gcp-main-postgres-db,db-custom-2-7680,19.48,0.35,6.8165,0
2025-10-18,GCP,Cloud SQL,asia-east1,gcp-main-postgres-db,db-custom-2-7680,22.01,0.35,7.7035,0
2025-10-18,AWS,RDS,ap-southeast-1,analytics-read-replica,InstanceUsage:db.m5.large,21.93,0.38,8.3322,0
2025-10-18,AWS,S3,us-east-1,app-logs-archive,StandardStorage-GB,718.69,0.023,16.5299,0
2025-10-19,AWS,EC2,eu-west-1,i-0a8f9c1d2e3f4,BoxUsage:t3.xlarge,22.27,0.1664,3.7053,0
2025-10-19,GCP,Compute Engine,asia-east1,gcp-k8s-worker-1,n2-standard-4,20.14,0.194,3.9076,0
2025-10-19,GCP,Cloud SQL,us-central1,gcp-main-postgres-db,db-custom-2-7680,20.46,0.35,7.1624,0
2025-10-19,GCP,Compute Engine,asia-east1,gcp-k8s-worker-1,n2-standard-4,20.08,0.194,3.896,0
2025-10-19,GCP,Cloud SQL,europe-west1,gcp-main-postgres-db,db-custom-2-7680,21.91,0.35,7.6688,0
2025-10-19,GCP,Compute Engine,asia-east1,gcp-k8s-worker-2,n2-standard-4,21.09,0.194,4.0905,0
2025-10-19,Azure,Azure Storage,southeastasia,stappprodlogs001,BlobStorage-GB,804.44,0.02,16.0887,0
2025-10-19,AWS,EBS,eu-west-1,vol-0fe0d1c2b3a498765,VolumeUsage.gp3,286.56,0.08,22.9251,0
2025-10-19,AWS,RDS,us-east-1,prod-db-cluster-primary,InstanceUsage:db.m5.large,24.39,0.38,9.2697,0
2025-10-19,GCP,Compute Engine,asia-east1,gcp-k8s-worker-2,n2-standard-4,22.55,0.194,4.3754,0
2025-10-19,GCP,Compute Engine,asia-east1,gcp-k8s-worker-1,n2-standard-4,20.02,0.194,3.8832,0
2025-10-19,AWS,Lambda,eu-west-1,event-processor,RequestCount,104609.39,2e-07,0.0209,0
2025-10-19,Azure,Azure VM,southeastasia,vm-api-prod-02,Standard_D4s_v3,18.8,0.192,3.61,0
2025-10-19,AWS,EBS,eu-west-1,vol-0fe0d1c2b3a498765,VolumeUsage.gp3,348.86,0.08,27.9085,0
2025-10-19,GCP,Compute Engine,asia-east1,gcp-k8s-worker-2,n2-standard-4,21.97,0.194,4.2622,0
2025-10-19,Azure,Azure VM,eastus,vm-api-prod-02,Standard_D4s_v3,19.3,0.192,3.7047,0
2025-10-20,AWS,EC2,eu-west-1,i-0d1e2f3a4b5c6,BoxUsage:t3.xlarge,18.58,0.1664,3.0922,0
2025-10-20,Azure,Azure Storage,southeastasia,stappprodlogs001,BlobStorage-GB,846.73,0.02,16.9346,0
2025-10-20,AWS,EBS,ap-southeast-1,vol-0123456789abcdef0,VolumeUsage.gp3,474.52,0.08,37.9616,0
2025-10-20,GCP,Compute Engine,asia-east1,gcp-k8s-worker-2,n2-standard-4,20.86,0.194,4.0461,0
2025-10-20,GCP,Compute Engine,asia-east1,gcp-k8s-worker-1,n2-standard-4,18.86,0.194,3.658,0
2025-10-20,AWS,EBS,ap-southeast-1,vol-0123456789abcdef0,VolumeUsage.gp3,331.16,0.08,26.4929,0
2025-10-20,Azure,Azure VM,eastus,vm-api-prod-02,Standard_D4s_v3,19.52,0.192,3.7469,0
2025-10-20,AWS,EBS,eu-west-1,vol-0123456789abcdef0,VolumeUsage.gp3,383.54,0.08,30.6831,0
2025-10-20,Azure,Azure VM,eastus,vm-api-prod-02,Standard_D4s_v3,21.58,0.192,4.143,0
2025-10-20,AWS,EBS,ap-southeast-1,vol-0123456789abcdef0,VolumeUsage.gp3,461.69,0.08,36.9353,0
2025-10-20,AWS,EBS,us-east-1,vol-0123456789abcdef0,VolumeUsage.gp3,119.4,0.08,9.5522,0
2025-10-20,Azure,Azure VM,eastus,vm-web-prod-01,Standard_D4s_v3,18.94,0.192,3.6371,0
2025-10-20,Azure,Azure Storage,westeurope,stappprodlogs001,BlobStorage-GB,1065.33,0.02,21.3066,0
2025-10-20,Azure,Azure VM,eastus,vm-api-prod-02,Standard_D4s_v3,22.25,0.192,4.2714,0
2025-10-21,AWS,RDS,us-east-1,prod-db-cluster-primary,InstanceUsage:db.m5.large,23.89,0.38,9.0768,0
2025-10-21,Azure,Azure Storage,westeurope,stappprodlogs001,BlobStorage-GB,992.49,0.02,19.8498,0
2025-10-21,GCP,Compute Engine,asia-east1,gcp-k8s-worker-1,n2-standard-4,21.73,0.194,4.2158,0
2025-10-21,GCP,Cloud SQL,us-central1,gcp-main-postgres-db,db-custom-2-7680,23.16,0.35,8.1075,0
2025-10-21,GCP,Cloud SQL,europe-west1,gcp-main-postgres-db,db-custom-2-7680,21.14,0.35,7.3978,0
2025-10-21,Azure,Azure Storage,southeastasia,stappprodlogs001,BlobStorage-GB,1486.41,0.02,29.7282,0
2025-10-21,AWS,S3,ap-southeast-1,app-logs-archive,StandardStorage-GB,661.68,0.023,15.2187,0
2025-10-21,GCP,Compute Engine,us-central1,gcp-k8s-worker-1,n2-standard-4,24.65,0.194,4.7822,0
2025-10-21,GCP,Compute Engine,europe-west1,gcp-k8s-worker-1,n2-standard-4,18.62,0.194,3.6114,0
2025-10-21,AWS,EBS,us-east-1,vol-0123456789abcdef0,VolumeUsage.gp3,242.65,0.08,19.4116,0
2025-10-21,Azure,Azure Storage,westeurope,stappprodlogs001,BlobStorage-GB,578.9,0.02,11.5781,0
2025-10-21,Azure,Azure Storage,southeastasia,stbackupdata002,BlobStorage-GB,1032.56,0.02,20.6513,0
2025-10-21,Azure,Azure VM,eastus,vm-api-prod-02,Standard_D4s_v3,22.61,0.192,4.3417,0
2025-10-21,AWS,RDS,ap-southeast-1,analytics-read-replica,InstanceUsage:db.m5.large,24.14,0.38,9.1717,0
2025-10-21,GCP,Cloud SQL,us-central1,gcp-main-postgres-db,db-custom-2-7680,22.34,0.35,7.8182,0
2025-10-21,GCP,Cloud SQL,asia-east1,gcp-main-postgres-db,db-custom-2-7680,23.79,0.35,8.3276,0
2025-10-22,GCP,Cloud SQL,us-central1,gcp-main-postgres-db,db-custom-2-7680,19.62,0.35,6.8659,0
2025-10-22,GCP,Compute Engine,europe-west1,gcp-k8s-worker-1,n2-standard-4,20.03,0.194,3.8856,0
2025-10-22,GCP,Cloud SQL,us-central1,gcp-main-postgres-db,db-custom-2-7680,21.34,0.35,7.4687,0
2025-10-22,Azure,Azure VM,southeastasia,vm-web-prod-01,Standard_D4s_v3,20.55,0.192,3.9465,0
2025-10-22,AWS,RDS,us-west-2,analytics-read-replica,InstanceUsage:db.m5.large,20.72,0.38,7.8751,0
2025-10-22,AWS,S3,eu-west-1,user-media-storage-bucket,StandardStorage-GB,1161.81,0.023,26.7217,0
2025-10-22,GCP,Cloud SQL,asia-east1,gcp-main-postgres-db,db-custom-2-7680,23.16,0.35,8.1045,0
2025-10-22,AWS,RDS,ap-southeast-1,analytics-read-replica,InstanceUsage:db.m5.large,24.44,0.38,9.2887,0
2025-10-22,GCP,Cloud SQL,asia-east1,gcp-main-postgres-db,db-custom-2-7680,24.01,0.35,8.4038,0
2025-10-22,Azure,Azure VM,southeastasia,vm-api-prod-02,Standard_D4s_v3,23.99,0.192,4.6058,0
2025-10-22,Azure,Azure VM,westeurope,vm-web-prod-01,Standard_D4s_v3,21.36,0.192,4.1005,0
2025-10-22,AWS,EBS,us-west-2,vol-0fe0d1c2b3a498765,VolumeUsage.gp3,475.42,0.08,38.034,0
2025-10-22,AWS,EBS,eu-west-1,vol-0fe0d1c2b3a498765,VolumeUsage.gp3,246.53,0.08,19.7224,0
2025-10-22,Azure,Azure VM,westeurope,vm-web-prod-01,Standard_D4s_v3,20.89,0.192,4.0101,0
2025-10-23,AWS,Lambda,us-east-1,event-processor,RequestCount,208240.67,2e-07,0.0416,0
2025-10-23,GCP,Cloud SQL,europe-west1,gcp-main-postgres-db,db-custom-2-7680,21.75,0.35,7.6135,0
2025-10-23,AWS,Lambda,us-east-1,auth-token-verifier,RequestCount,380623.74,2e-07,0.0761,0
2025-10-23,GCP,Cloud SQL,europe-west1,gcp-main-postgres-db,db-custom-2-7680,21.52,0.35,7.5337,0
2025-10-23,AWS,EBS,us-west-2,vol-0123456789abcdef0,VolumeUsage.gp3,400.14,0.08,32.0111,0
2025-10-23,GCP,Cloud SQL,europe-west1,gcp-main-postgres-db,db-custom-2-7680,20.44,0.35,7.1554,0
2025-10-23,GCP,Cloud SQL,europe-west1,gcp-main-postgres-db,db-custom-2-7680,21.36,0.35,7.4771,0
2025-10-23,GCP,Cloud SQL,us-central1,gcp-main-postgres-db,db-custom-2-7680,20.89,0.35,7.3115,0
2025-10-23,AWS,Lambda,us-east-1,event-processor,RequestCount,454212.98,2e-07,0.0908,0
2025-10-23,Azure,Azure VM,southeastasia,vm-api-prod-02,Standard_D4s_v3,20.74,0.192,3.982,0
2025-10-23,Azure,Azure Storage,eastus,stappprodlogs001,BlobStorage-GB,473.31,0.02,9.4663,0
2025-10-23,Azure,Azure Storage,southeastasia,stbackupdata002,BlobStorage-GB,987.27,0.02,19.7454,0
2025-10-23,AWS,EC2,us-west-2,i-0d1e2f3a4b5c6,BoxUsage:t3.xlarge,21.11,0.1664,3.5135,0
2025-10-23,GCP,Cloud SQL,europe-west1,gcp-main-postgres-db,db-custom-2-7680,24.94,0.35,8.7276,0
2025-10-24,GCP,Compute Engine,us-central1,gcp-k8s-worker-1,n2-standard-4,22.77,0.194,4.4178,0
2025-10-24,GCP,Cloud SQL,europe-west1,gcp-main-postgres-db,db-custom-2-7680,19.75,0.35,6.9128,0
2025-10-24,Azure,Azure VM,eastus,vm-api-prod-02,Standard_D4s_v3,19.89,0.192,3.8185,0
2025-10-24,AWS,RDS,us-west-2,prod-db-cluster-primary,InstanceUsage:db.m5.large,23.49,0.38,8.9269,0
2025-10-24,Azure,Azure VM,eastus,vm-api-prod-02,Standard_D4s_v3,22.19,0.192,4.2602,0
2025-10-24,AWS,S3,us-west-2,user-media-storage-bucket,StandardStorage-GB,375.58,0.023,8.6383,0
2025-10-24,GCP,Compute Engine,asia-east1,gcp-k8s-worker-2,n2-standard-4,24.11,0.194,4.6782,0
2025-10-24,Azure,Azure Storage,westeurope,stbackupdata002,BlobStorage-GB,1314.31,0.02,26.2863,0
2025-10-24,Azure,Azure Storage,southeastasia,stbackupdata002,BlobStorage-GB,1276.62,0.02,25.5323,0
2025-10-24,Azure,Azure Storage,southeastasia,stappprodlogs001,BlobStorage-GB,1374.13,0.02,27.4826,0
2025-10-24,Azure,Azure Storage,southeastasia,stbackupdata002,BlobStorage-GB,1362.2,0.02,27.2441,0
2025-10-24,GCP,Compute Engine,asia-east1,gcp-k8s-worker-1,n2-standard-4,23.37,0.194,4.5329,0
2025-10-24,GCP,Cloud SQL,europe-west1,gcp-main-postgres-db,db-custom-2-7680,21.33,0.35,7.4647,0
2025-10-24,Azure,Azure VM,westeurope,vm-api-prod-02,Standard_D4s_v3,19.29,0.192,3.7031,0
2025-10-24,AWS,RDS,us-west-2,analytics-read-replica,InstanceUsage:db.m5.large,20.83,0.38,7.914,0
2025-10-25,Azure,Azure VM,eastus,vm-web-prod-01,Standard_D4s_v3,18.89,0.192,3.6265,0
2025-10-25,GCP,Compute Engine,us-central1,gcp-k8s-worker-1,n2-standard-4,18.95,0.194,3.6766,0
2025-10-25,Azure,Azure Storage,eastus,stbackupdata002,BlobStorage-GB,402.35,0.02,8.0471,0
2025-10-25,AWS,S3,eu-west-1,prod-analytics-data-dump,StandardStorage-GB,883.48,0.023,20.32,0
2025-10-25,GCP,Cloud SQL,europe-west1,gcp-main-postgres-db,db-custom-2-7680,22.42,0.35,7.8454,0
2025-10-25,Azure,Azure VM,westeurope,vm-web-prod-01,Standard_D4s_v3,20.0,0.192,3.8391,0
2025-10-25,Azure,Azure Storage,eastus,stappprodlogs001,BlobStorage-GB,1203.75,0.02,24.075,0
2025-10-25,Azure,Azure Storage,westeurope,stbackupdata002,BlobStorage-GB,1492.32,0.02,29.8464,0
2025-10-25,AWS,Lambda,ap-southeast-1,image-resizer-worker,RequestCount,105652.7,2e-07,0.0211,0
2025-10-25,Azure,Azure VM,eastus,vm-web-prod-01,Standard_D4s_v3,20.0,0.192,3.8397,0
2025-10-25,AWS,EC2,ap-southeast-1,i-0c9d8e7f6a5b4,BoxUsage:t3.xlarge,19.71,0.1664,3.2789,0
2025-10-25,GCP,Cloud SQL,asia-east1,gcp-main-postgres-db,db-custom-2-7680,23.6,0.35,8.2588,0
2025-10-25,GCP,Compute Engine,asia-east1,gcp-k8s-worker-2,n2-standard-4,22.09,0.194,4.2847,0
2025-10-25,Azure,Azure Storage,southeastasia,stbackupdata002,BlobStorage-GB,966.79,0.02,19.3357,0
2025-10-25,Azure,Azure VM,eastus,vm-api-prod-02,Standard_D4s_v3,19.86,0.192,3.8133,0
2025-10-26,GCP,Cloud SQL,europe-west1,gcp-main-postgres-db,db-custom-2-7680,19.84,0.35,6.9456,0
2025-10-26,AWS,S3,ap-southeast-1,prod-analytics-data-dump,StandardStorage-GB,588.48,0.023,13.5351,0
2025-10-26,GCP,Compute Engine,us-central1,gcp-k8s-worker-2,n2-standard-4,22.31,0.194,4.3282,0
2025-10-26,AWS,Lambda,us-east-1,event-processor,RequestCount,556017.85,2e-07,0.1112,0
2025-10-26,AWS,EBS,ap-southeast-1,vol-0123456789abcdef0,VolumeUsage.gp3,238.36,0.08,19.0685,0
2025-10-26,AWS,RDS,us-east-1,analytics-read-replica,InstanceUsage:db.m5.large,22.02,0.38,8.3686,0
2025-10-26,GCP,Compute Engine,us-central1,gcp-k8s-worker-1,n2-standard-4,21.42,0.194,4.155,0
2025-10-26,AWS,RDS,ap-southeast-1,analytics-read-replica,InstanceUsage:db.m5.large,21.6,0.38,8.2063,0
2025-10-26,GCP,Compute Engine,europe-west1,gcp-k8s-worker-2,n2-standard-4,21.67,0.194,4.2049,0
2025-10-26,AWS,EC2,us-west-2,i-0d1e2f3a4b5c6,BoxUsage:t3.xlarge,21.5,0.1664,3.5776,0
2025-10-26,Azure,Azure VM,eastus,vm-web-prod-01,Standard_D4s_v3,21.27,0.192,4.0847,0
2025-10-26,GCP,Cloud SQL,us-central1,gcp-main-postgres-db,db-custom-2-7680,22.99,0.35,8.0467,0
2025-10-26,Azure,Azure VM,eastus,vm-web-prod-01,Standard_D4s_v3,19.39,0.192,3.7227,0
2025-10-26,Azure,Azure VM,southeastasia,vm-web-prod-01,Standard_D4s_v3,22.58,0.192,4.3356,0
2025-10-27,Azure,Azure VM,eastus,vm-web-prod-01,Standard_D4s_v3,22.15,0.192,4.2529,0
2025-10-27,AWS,EC2,eu-west-1,i-0a8f9c1d2e3f4,BoxUsage:t3.xlarge,24.76,0.1664,4.1201,0
2025-10-27,Azure,Azure Storage,southeastasia,stappprodlogs001,BlobStorage-GB,1275.43,0.02,25.5085,0
2025-10-27,AWS,Lambda,us-east-1,image-resizer-worker,RequestCount,512114.77,2e-07,0.1024,0
2025-10-27,GCP,Compute Engine,us-central1,gcp-k8s-worker-1,n2-standard-4,22.87,0.194,4.4367,0
2025-10-27,GCP,Cloud SQL,asia-east1,gcp-main-postgres-db,db-custom-2-7680,19.64,0.35,6.8726,0
2025-10-27,AWS,EC2,us-west-2,i-0b7e6d5c4b3a2,BoxUsage:t3.xlarge,22.55,0.1664,3.7519,0
2025-10-27,AWS,EC2,us-west-2,i-0d1e2f3a4b5c6,BoxUsage:t3.xlarge,19.19,0.1664,3.1932,0
2025-10-27,Azure,Azure VM,southeastasia,vm-api-prod-02,Standard_D4s_v3,21.81,0.192,4.1873,0
2025-10-27,AWS,RDS,us-east-1,analytics-read-replica,InstanceUsage:db.m5.large,22.96,0.38,8.7266,0
2025-10-27,GCP,Cloud SQL,us-central1,gcp-main-postgres-db,db-custom-2-7680,21.78,0.35,7.6227,0
2025-10-27,Azure,Azure Storage,southeastasia,stappprodlogs001,BlobStorage-GB,459.35,0.02,9.1869,0
2025-10-27,Azure,Azure Storage,westeurope,stbackupdata002,BlobStorage-GB,522.72,0.02,10.4544,0
2025-10-27,GCP,Cloud SQL,asia-east1,gcp-main-postgres-db,db-custom-2-7680,23.81,0.35,8.3341,0
2025-10-27,Azure,Azure VM,westeurope,vm-web-prod-01,Standard_D4s_v3,22.04,0.192,4.2308,0
2025-10-27,Azure,Azure Storage,southeastasia,stbackupdata002,BlobStorage-GB,924.31,0.02,18.4862,0
2025-10-28,AWS,RDS,ap-southeast-1,prod-db-cluster-primary,InstanceUsage:db.m5.large,22.83,0.38,8.6738,0
2025-10-28,Azure,Azure Storage,eastus,stbackupdata002,BlobStorage-GB,996.98,0.02,19.9396,0
2025-10-28,AWS,S3,eu-west-1,user-media-storage-bucket,StandardStorage-GB,1073.13,0.023,24.6819,0
2025-10-28,GCP,Cloud SQL,asia-east1,gcp-main-postgres-db,db-custom-2-7680,20.3,0.35,7.1047,0
2025-10-28,Azure,Azure VM,eastus,vm-api-prod-02,Standard_D4s_v3,18.71,0.192,3.593,0
2025-10-28,AWS,RDS,us-east-1,prod-db-cluster-primary,InstanceUsage:db.m5.large,23.5,0.38,8.9281,0
2025-10-28,GCP,Compute Engine,asia-east1,gcp-k8s-worker-2,n2-standard-4,18.78,0.194,3.6437,0
2025-10-28,AWS,EBS,us-west-2,vol-0fe0d1c2b3a498765,VolumeUsage.gp3,423.59,0.08,33.8875,0
2025-10-28,Azure,Azure Storage,westeurope,stbackupdata002,BlobStorage-GB,1285.66,0.02,25.7133,0
2025-10-28,AWS,EBS,ap-southeast-1,vol-0fe0d1c2b3a498765,VolumeUsage.gp3,463.3,0.08,37.0639,0
2025-10-28,AWS,S3,us-west-2,app-logs-archive,StandardStorage-GB,650.65,0.023,14.965,0
2025-10-28,GCP,Cloud SQL,asia-east1,gcp-main-postgres-db,db-custom-2-7680,22.64,0.35,7.9253,0
2025-10-28,GCP,Compute Engine,asia-east1,gcp-k8s-worker-2,n2-standard-4,23.08,0.194,4.4772,0
2025-10-28,Azure,Azure Storage,westeurope,stbackupdata002,BlobStorage-GB,1383.05,0.02,27.661,0
2025-10-29,AWS,RDS,us-east-1,analytics-read-replica,InstanceUsage:db.m5.large,20.76,0.38,7.8886,0
2025-10-29,AWS,EC2,us-west-2,i-0b7e6d5c4b3a2,BoxUsage:t3.xlarge,23.95,0.1664,3.9858,0
2025-10-29,AWS,S3,eu-west-1,prod-analytics-data-dump,StandardStorage-GB,1016.6,0.023,23.3818,0
2025-10-29,Azure,Azure Storage,southeastasia,stappprodlogs001,BlobStorage-GB,922.03,0.02,18.4406,0
2025-10-29,Azure,Azure Storage,southeastasia,stappprodlogs001,BlobStorage-GB,1205.42,0.02,24.1084,0
2025-10-29,GCP,Compute Engine,us-central1,gcp-k8s-worker-2,n2-standard-4,20.23,0.194,3.9243,0
2025-10-29,GCP,Compute Engine,us-central1,gcp-k8s-worker-1,n2-standard-4,19.46,0.194,3.7758,0
2025-10-29,Azure,Azure Storage,southeastasia,stappprodlogs001,BlobStorage-GB,1235.88,0.02,24.7176,0
2025-10-29,Azure,Azure VM,westeurope,vm-web-prod-01,Standard_D4s_v3,20.78,0.192,3.9906,0
2025-10-29,AWS,S3,ap-southeast-1,user-media-storage-bucket,StandardStorage-GB,972.26,0.023,22.362,0
2025-10-29,AWS,EC2,ap-southeast-1,i-0d1e2f3a4b5c6,BoxUsage:t3.xlarge,22.69,0.1664,3.7755,0
2025-10-29,Azure,Azure VM,westeurope,vm-web-prod-01,Standard_D4s_v3,20.35,0.192,3.9081,0
2025-10-29,AWS,EC2,eu-west-1,i-0c9d8e7f6a5b4,BoxUsage:t3.xlarge,23.13,0.1664,3.8483,0
2025-10-29,AWS,Lambda,ap-southeast-1,event-processor,RequestCount,502989.44,2e-07,0.1006,0
2025-10-29,AWS,S3,us-east-1,app-logs-archive,StandardStorage-GB,987.93,0.023,22.7224,0
2025-10-30,Azure,Azure Storage,westeurope,stappprodlogs001,BlobStorage-GB,604.75,0.02,12.0951,0
2025-10-30,AWS,RDS,eu-west-1,analytics-read-replica,InstanceUsage:db.m5.large,21.91,0.38,8.3245,0
2025-10-30,GCP,Compute Engine,europe-west1,gcp-k8s-worker-1,n2-standard-4,21.28,0.194,4.1288,0
2025-10-30,GCP,Compute Engine,us-central1,gcp-k8s-worker-2,n2-standard-4,21.5,0.194,4.1702,0
2025-10-30,AWS,EBS,eu-west-1,vol-0123456789abcdef0,VolumeUsage.gp3,167.06,0.08,13.3649,0
2025-10-30,GCP,Cloud SQL,us-central1,gcp-main-postgres-db,db-custom-2-7680,24.43,0.35,8.5497,0
2025-10-30,AWS,EBS,eu-west-1,vol-0fe0d1c2b3a498765,VolumeUsage.gp3,303.2,0.08,24.2563,0
2025-10-30,GCP,Compute Engine,europe-west1,gcp-k8s-worker-2,n2-standard-4,23.27,0.194,4.515,0
2025-10-30,AWS,EC2,eu-west-1,i-0d1e2f3a4b5c6,BoxUsage:t3.xlarge,19.16,0.1664,3.188,0
2025-10-30,AWS,Lambda,eu-west-1,event-processor,RequestCount,707608.38,2e-07,0.1415,0
2025-10-30,AWS,EBS,eu-west-1,vol-0123456789abcdef0,VolumeUsage.gp3,298.71,0.08,23.8969,0
2025-10-30,AWS,EC2,ap-southeast-1,i-0a8f9c1d2e3f4,BoxUsage:t3.xlarge,18.67,0.1664,3.1068,0
2025-10-30,GCP,Compute Engine,us-central1,gcp-k8s-worker-2,n2-standard-4,21.55,0.194,4.1811,0
2025-10-30,AWS,S3,ap-southeast-1,app-logs-archive,StandardStorage-GB,1079.46,0.023,24.8276,0
2025-10-31,GCP,Compute Engine,us-central1,gcp-k8s-worker-2,n2-standard-4,21.43,0.194,4.1581,0
2025-10-31,AWS,S3,ap-southeast-1,app-logs-archive,StandardStorage-GB,331.55,0.023,7.6257,0
2025-10-31,GCP,Compute Engine,asia-east1,gcp-k8s-worker-1,n2-standard-4,21.39,0.194,4.1491,0
2025-10-31,Azure,Azure Storage,eastus,stbackupdata002,BlobStorage-GB,1179.6,0.02,23.592,0
2025-10-31,Azure,Azure Storage,southeastasia,stbackupdata002,BlobStorage-GB,1405.91,0.02,28.1182,0
2025-10-31,Azure,Azure Storage,eastus,stappprodlogs001,BlobStorage-GB,1180.03,0.02,23.6006,0
2025-10-31,AWS,S3,us-east-1,user-media-storage-bucket,StandardStorage-GB,940.16,0.023,21.6237,0
2025-10-31,Azure,Azure Storage,eastus,stbackupdata002,BlobStorage-GB,754.19,0.02,15.0838,0
2025-10-31,AWS,RDS,us-east-1,analytics-read-replica,InstanceUsage:db.m5.large,21.25,0.38,8.0754,0
2025-10-31,GCP,Cloud SQL,asia-east1,gcp-main-postgres-db,db-custom-2-7680,21.79,0.35,7.6256,0
2025-10-31,GCP,Cloud SQL,us-central1,gcp-main-postgres-db,db-custom-2-7680,19.79,0.35,6.9251,0
2025-10-31,AWS,EC2,eu-west-1,i-0d1e2f3a4b5c6,BoxUsage:t3.xlarge,23.3,0.1664,3.8775,0
2025-10-31,Azure,Azure VM,southeastasia,vm-web-prod-01,Standard_D4s_v3,19.75,0.192,3.7917,0
2025-10-31,AWS,Lambda,us-west-2,event-processor,RequestCount,784534.55,2e-07,0.1569,0
2025-10-31,GCP,Compute Engine,us-central1,gcp-k8s-worker-2,n2-standard-4,23.01,0.194,4.4644,0
2025-10-31,Azure,Azure Storage,eastus,stbackupdata002,BlobStorage-GB,906.49,0.02,18.1299,0
2025-11-01,GCP,Compute Engine,europe-west1,gcp-k8s-worker-2,n2-standard-4,22.63,0.194,4.3903,0
2025-11-01,Azure,Azure VM,eastus,vm-api-prod-02,Standard_D4s_v3,22.09,0.192,4.2403,0
2025-11-01,AWS,EC2,eu-west-1,i-0c9d8e7f6a5b4,BoxUsage:t3.xlarge,22.46,0.1664,3.7372,0
2025-11-01,AWS,EC2,us-west-2,i-0b7e6d5c4b3a2,BoxUsage:t3.xlarge,18.05,0.1664,3.0041,0
2025-11-01,GCP,Compute Engine,us-central1,gcp-k8s-worker-2,n2-standard-4,21.84,0.194,4.2379,0
2025-11-01,AWS,EBS,ap-southeast-1,vol-0fe0d1c2b3a498765,VolumeUsage.gp3,252.95,0.08,20.2363,0
2025-11-01,Azure,Azure Storage,southeastasia,stappprodlogs001,BlobStorage-GB,1068.08,0.02,21.3616,0
2025-11-01,AWS,S3,us-east-1,app-logs-archive,StandardStorage-GB,940.62,0.023,21.6344,0
2025-11-01,Azure,Azure Storage,westeurope,stbackupdata002,BlobStorage-GB,694.74,0.02,13.8949,0
2025-11-01,GCP,Compute Engine,europe-west1,gcp-k8s-worker-2,n2-standard-4,17.66,0.194,3.4259,0
2025-11-01,GCP,Cloud SQL,us-central1,gcp-main-postgres-db,db-custom-2-7680,24.0,0.35,8.3995,0
2025-11-01,GCP,Compute Engine,asia-east1,gcp-k8s-worker-1,n2-standard-4,18.93,0.194,3.6729,0
2025-11-01,AWS,Lambda,us-west-2,image-resizer-worker,RequestCount,160255.97,2e-07,0.0321,0
2025-11-01,AWS,EBS,us-west-2,vol-0fe0d1c2b3a498765,VolumeUsage.gp3,264.12,0.08,21.1293,0
2025-11-01,GCP,Compute Engine,europe-west1,gcp-k8s-worker-2,n2-standard-4,18.54,0.194,3.597,0
2025-11-01,Azure,Azure VM,eastus,vm-web-prod-01,Standard_D4s_v3,19.47,0.192,3.7391,0
2025-11-02,GCP,Compute Engine,asia-east1,gcp-k8s-worker-2,n2-standard-4,21.77,0.194,4.2236,0
2025-11-02,GCP,Cloud SQL,asia-east1,gcp-main-postgres-db,db-custom-2-7680,22.54,0.35,7.8878,0
2025-11-02,Azure,Azure Storage,westeurope,stappprodlogs001,BlobStorage-GB,1108.17,0.02,22.1633,0
2025-11-02,Azure,Azure Storage,westeurope,stappprodlogs001,BlobStorage-GB,1275.01,0.02,25.5001,0
2025-11-02,AWS,RDS,eu-west-1,analytics-read-replica,InstanceUsage:db.m5.large,22.18,0.38,8.4281,0
2025-11-02,GCP,Compute Engine,us-central1,gcp-k8s-worker-1,n2-standard-4,21.6,0.194,4.1897,0
2025-11-02,AWS,EBS,ap-southeast-1,vol-0fe0d1c2b3a498765,VolumeUsage.gp3,116.42,0.08,9.3138,0
2025-11-02,GCP,Cloud SQL,us-central1,gcp-main-postgres-db,db-custom-2-7680,22.37,0.35,7.8299,0
2025-11-02,Azure,Azure VM,southeastasia,vm-web-prod-01,Standard_D4s_v3,23.32,0.192,4.4767,0
2025-11-02,GCP,Cloud SQL,europe-west1,gcp-main-postgres-db,db-custom-2-7680,21.2,0.35,7.4193,0
2025-11-02,AWS,EBS,us-east-1,vol-0fe0d1c2b3a498765,VolumeUsage.gp3,393.71,0.08,31.497,0
2025-11-02,Azure,Azure Storage,southeastasia,stappprodlogs001,BlobStorage-GB,1178.47,0.02,23.5694,0
2025-11-02,AWS,RDS,ap-southeast-1,prod-db-cluster-primary,InstanceUsage:db.m5.large,21.23,0.38,8.066,0
2025-11-02,Azure,Azure Storage,westeurope,stappprodlogs001,BlobStorage-GB,1276.66,0.02,25.5333,0
2025-11-02,AWS,EC2,us-east-1,i-0d1e2f3a4b5c6,BoxUsage:t3.xlarge,20.92,0.1664,3.4809,0
2025-11-03,GCP,Compute Engine,us-central1,gcp-k8s-worker-2,n2-standard-4,20.81,0.194,4.0376,0
2025-11-03,GCP,Compute Engine,europe-west1,gcp-k8s-worker-1,n2-standard-4,18.21,0.194,3.5327,0
2025-11-03,AWS,S3,eu-west-1,user-media-storage-bucket,StandardStorage-GB,800.3,0.023,18.4069,0
2025-11-03,GCP,Cloud SQL,us-central1,gcp-main-postgres-db,db-custom-2-7680,21.91,0.35,7.6669,0
2025-11-03,GCP,Compute Engine,europe-west1,gcp-k8s-worker-2,n2-standard-4,22.41,0.194,4.3482,0
2025-11-03,GCP,Compute Engine,us-central1,gcp-k8s-worker-2,n2-standard-4,24.03,0.194,4.6621,0
2025-11-03,GCP,Compute Engine,us-central1,gcp-k8s-worker-1,n2-standard-4,21.2,0.194,4.1135,0
2025-11-03,GCP,Cloud SQL,asia-east1,gcp-main-postgres-db,db-custom-2-7680,20.3,0.35,7.1049,0
2025-11-03,AWS,Lambda,us-west-2,auth-token-verifier,RequestCount,337522.35,2e-07,0.0675,0
2025-11-03,AWS,RDS,us-east-1,prod-db-cluster-primary,InstanceUsage:db.m5.large,23.52,0.38,8.9365,0
2025-11-03,AWS,RDS,ap-southeast-1,analytics-read-replica,InstanceUsage:db.m5.large,20.45,0.38,7.7701,0
2025-11-03,Azure,Azure Storage,southeastasia,stappprodlogs001,BlobStorage-GB,669.78,0.02,13.3956,0
2025-11-03,Azure,Azure VM,southeastasia,vm-api-prod-02,Standard_D4s_v3,18.39,0.192,3.5304,0
2025-11-03,Azure,Azure VM,eastus,vm-api-prod-02,Standard_D4s_v3,22.67,0.192,4.3525,0
2025-11-03,GCP,Compute Engine,us-central1,gcp-k8s-worker-2,n2-standard-4,23.68,0.194,4.5948,0
2025-11-03,GCP,Cloud SQL,europe-west1,gcp-main-postgres-db,db-custom-2-7680,22.15,0.35,7.7535,0
2025-11-04,Azure,Azure VM,southeastasia,vm-api-prod-02,Standard_D4s_v3,19.15,0.192,3.6763,0
2025-11-04,Azure,Azure VM,eastus,vm-web-prod-01,Standard_D4s_v3,22.92,0.192,4.3998,0
2025-11-04,Azure,Azure VM,southeastasia,vm-api-prod-02,Standard_D4s_v3,22.56,0.192,4.3321,0
2025-11-04,GCP,Compute Engine,asia-east1,gcp-k8s-worker-1,n2-standard-4,23.56,0.194,4.5712,0
2025-11-04,Azure,Azure VM,westeurope,vm-api-prod-02,Standard_D4s_v3,20.22,0.192,3.8829,0
2025-11-04,AWS,EBS,us-east-1,vol-0fe0d1c2b3a498765,VolumeUsage.gp3,439.69,0.08,35.1754,0
2025-11-04,Azure,Azure Storage,eastus,stbackupdata002,BlobStorage-GB,1257.74,0.02,25.1548,0
2025-11-04,Azure,Azure Storage,westeurope,stappprodlogs001,BlobStorage-GB,1188.9,0.02,23.778,0
2025-11-04,Azure,Azure Storage,eastus,stappprodlogs001,BlobStorage-GB,580.17,0.02,11.6035,0
2025-11-04,GCP,Cloud SQL,us-central1,gcp-main-postgres-db,db-custom-2-7680,21.55,0.35,7.5414,0
2025-11-04,GCP,Compute Engine,europe-west1,gcp-k8s-worker-1,n2-standard-4,19.12,0.194,3.7095,0
2025-11-04,GCP,Cloud SQL,asia-east1,gcp-main-postgres-db,db-custom-2-7680,21.92,0.35,7.6736,0
2025-11-04,AWS,EC2,ap-southeast-1,i-0a8f9c1d2e3f4,BoxUsage:t3.xlarge,18.32,0.1664,3.0484,0
2025-11-04,GCP,Cloud SQL,us-central1,gcp-main-postgres-db,db-custom-2-7680,20.93,0.35,7.326,0
2025-11-04,Azure,Azure Storage,westeurope,stappprodlogs001,BlobStorage-GB,453.63,0.02,9.0726,0
2025-11-05,AWS,Lambda,ap-southeast-1,event-processor,RequestCount,666279.2,2e-07,0.1333,0
2025-11-05,AWS,Lambda,ap-southeast-1,event-processor,RequestCount,519214.24,2e-07,0.1038,0
2025-11-05,GCP,Cloud SQL,asia-east1,gcp-main-postgres-db,db-custom-2-7680,23.03,0.35,8.0603,0
2025-11-05,GCP,Compute Engine,us-central1,gcp-k8s-worker-1,n2-standard-4,17.54,0.194,3.4023,0
2025-11-05,AWS,EBS,ap-southeast-1,vol-0fe0d1c2b3a498765,VolumeUsage.gp3,420.92,0.08,33.6733,0
2025-11-05,Azure,Azure Storage,southeastasia,stappprodlogs001,BlobStorage-GB,1125.9,0.02,22.5181,0
2025-11-05,AWS,Lambda,ap-southeast-1,event-processor,RequestCount,318906.87,2e-07,0.0638,0
2025-11-05,GCP,Cloud SQL,us-central1,gcp-main-postgres-db,db-custom-2-7680,22.47,0.35,7.8657,0
2025-11-05,AWS,RDS,us-east-1,analytics-read-replica,InstanceUsage:db.m5.large,24.7,0.38,9.3876,0
2025-11-05,Azure,Azure Storage,southeastasia,stbackupdata002,BlobStorage-GB,1471.94,0.02,29.4387,0
2025-11-05,Azure,Azure Storage,southeastasia,stbackupdata002,BlobStorage-GB,626.4,0.02,12.5279,0
2025-11-05,AWS,S3,us-east-1,prod-analytics-data-dump,StandardStorage-GB,890.58,0.023,20.4834,0
2025-11-05,GCP,Cloud SQL,europe-west1,gcp-main-postgres-db,db-custom-2-7680,21.59,0.35,7.5564,0
2025-11-05,AWS,RDS,ap-southeast-1,prod-db-cluster-primary,InstanceUsage:db.m5.large,22.81,0.38,8.666,0
2025-11-05,AWS,EBS,eu-west-1,vol-0123456789abcdef0,VolumeUsage.gp3,460.75,0.08,36.8604,0
2025-11-06,GCP,Cloud SQL,europe-west1,gcp-main-postgres-db,db-custom-2-7680,21.47,0.35,7.5154,0
2025-11-06,GCP,Compute Engine,asia-east1,gcp-k8s-worker-1,n2-standard-4,24.02,0.194,4.66,0
2025-11-06,Azure,Azure Storage,eastus,stbackupdata002,BlobStorage-GB,685.66,0.02,13.7132,0
2025-11-06,GCP,Compute Engine,europe-west1,gcp-k8s-worker-2,n2-standard-4,18.51,0.194,3.591,0
2025-11-06,AWS,Lambda,us-west-2,event-processor,RequestCount,142809.45,2e-07,0.0286,0
2025-11-06,Azure,Azure VM,eastus,vm-api-prod-02,Standard_D4s_v3,22.5,0.192,4.3205,0
2025-11-06,Azure,Azure VM,southeastasia,vm-web-prod-01,Standard_D4s_v3,19.23,0.192,3.6915,0
2025-11-06,Azure,Azure VM,westeurope,vm-web-prod-01,Standard_D4s_v3,20.84,0.192,4.0006,0
2025-11-06,AWS,Lambda,us-east-1,event-processor,RequestCount,559785.42,2e-07,0.112,0
2025-11-06,GCP,Cloud SQL,europe-west1,gcp-main-postgres-db,db-custom-2-7680,22.33,0.35,7.8166,0
2025-11-06,Azure,Azure Storage,eastus,stbackupdata002,BlobStorage-GB,1396.69,0.02,27.9337,0
2025-11-06,GCP,Cloud SQL,europe-west1,gcp-main-postgres-db,db-custom-2-7680,19.2,0.35,6.7199,0
2025-11-06,AWS,Lambda,us-east-1,event-processor,RequestCount,459071.18,2e-07,0.0918,0
2025-11-06,Azure,Azure Storage,westeurope,stbackupdata002,BlobStorage-GB,1500.08,0.02,30.0016,0
2025-11-07,GCP,Compute Engine,us-central1,gcp-k8s-worker-1,n2-standard-4,19.46,0.194,3.7744,0
2025-11-07,GCP,Compute Engine,us-central1,gcp-k8s-worker-1,n2-standard-4,20.79,0.194,4.0341,0
2025-11-07,GCP,Compute Engine,us-central1,gcp-k8s-worker-1,n2-standard-4,24.03,0.194,4.6613,0
2025-11-07,Azure,Azure Storage,eastus,stbackupdata002,BlobStorage-GB,645.54,0.02,12.9108,0
2025-11-07,AWS,EC2,us-east-1,i-0d1e2f3a4b5c6,BoxUsage:t3.xlarge,17.85,0.1664,2.9708,0
2025-11-07,AWS,EBS,eu-west-1,vol-0123456789abcdef0,VolumeUsage.gp3,214.28,0.08,17.1426,0
2025-11-07,GCP,Cloud SQL,europe-west1,gcp-main-postgres-db,db-custom-2-7680,23.14,0.35,8.1002,0
2025-11-07,GCP,Cloud SQL,europe-west1,gcp-main-postgres-db,db-custom-2-7680,20.22,0.35,7.0782,0
2025-11-07,Azure,Azure VM,westeurope,vm-api-prod-02,Standard_D4s_v3,19.92,0.192,3.8239,0
2025-11-07,GCP,Compute Engine,europe-west1,gcp-k8s-worker-2,n2-standard-4,20.11,0.194,3.9014,0
2025-11-07,AWS,EC2,us-west-2,i-0d1e2f3a4b5c6,BoxUsage:t3.xlarge,19.98,0.1664,3.3255,0
2025-11-07,Azure,Azure VM,eastus,vm-api-prod-02,Standard_D4s_v3,17.9,0.192,3.4364,0
2025-11-07,GCP,Compute Engine,europe-west1,gcp-k8s-worker-2,n2-standard-4,22.03,0.194,4.2733,0
2025-11-07,GCP,Compute Engine,us-central1,gcp-k8s-worker-2,n2-standard-4,23.58,0.194,4.5741,0
2025-11-08,GCP,Compute Engine,asia-east1,gcp-k8s-worker-1,n2-standard-4,18.84,0.194,3.6546,0
2025-11-08,Azure,Azure Storage,eastus,stbackupdata002,BlobStorage-GB,971.17,0.02,19.4235,0
2025-11-08,Azure,Azure VM,eastus,vm-web-prod-01,Standard_D4s_v3,24.19,0.192,4.645,0
2025-11-08,AWS,EC2,eu-west-1,i-0c9d8e7f6a5b4,BoxUsage:t3.xlarge,18.41,0.1664,3.0627,0
2025-11-08,Azure,Azure VM,southeastasia,vm-api-prod-02,Standard_D4s_v3,19.61,0.192,3.7643,0
2025-11-08,GCP,Compute Engine,asia-east1,gcp-k8s-worker-2,n2-standard-4,20.67,0.194,4.0099,0
2025-11-08,AWS,Lambda,eu-west-1,auth-token-verifier,RequestCount,613912.64,2e-07,0.1228,0
2025-11-08,Azure,Azure Storage,eastus,stappprodlogs001,BlobStorage-GB,483.64,0.02,9.6727,0
2025-11-08,Azure,Azure VM,eastus,vm-api-prod-02,Standard_D4s_v3,19.59,0.192,3.7607,0
2025-11-08,Azure,Azure VM,westeurope,vm-web-prod-01,Standard_D4s_v3,20.96,0.192,4.025,0
2025-11-08,Azure,Azure Storage,eastus,stbackupdata002,BlobStorage-GB,1417.02,0.02,28.3404,0
2025-11-08,Azure,Azure Storage,eastus,stappprodlogs001,BlobStorage-GB,674.17,0.02,13.4833,0
2025-11-08,GCP,Cloud SQL,europe-west1,gcp-main-postgres-db,db-custom-2-7680,23.15,0.35,8.1031,0
2025-11-08,Azure,Azure Storage,eastus,stbackupdata002,BlobStorage-GB,571.65,0.02,11.433,0
2025-11-09,AWS,S3,us-east-1,app-logs-archive,StandardStorage-GB,920.88,0.023,21.1803,0
2025-11-09,GCP,Cloud SQL,us-central1,gcp-main-postgres-db,db-custom-2-7680,22.53,0.35,7.8869,0
2025-11-09,AWS,RDS,us-west-2,analytics-read-replica,InstanceUsage:db.m5.large,20.4,0.38,7.7524,0
2025-11-09,AWS,RDS,us-west-2,prod-db-cluster-primary,InstanceUsage:db.m5.large,22.0,0.38,8.3608,0
2025-11-09,Azure,Azure Storage,westeurope,stappprodlogs001,BlobStorage-GB,1484.63,0.02,29.6927,0
2025-11-09,AWS,EC2,ap-southeast-1,i-0b7e6d5c4b3a2,BoxUsage:t3.xlarge,17.83,0.1664,2.9675,0
2025-11-09,Azure,Azure VM,westeurope,vm-web-prod-01,Standard_D4s_v3,22.01,0.192,4.2253,0
2025-11-09,AWS,Lambda,us-west-2,event-processor,RequestCount,123349.25,2e-07,0.0247,0
2025-11-09,AWS,EC2,us-west-2,i-0d1e2f3a4b5c6,BoxUsage:t3.xlarge,21.86,0.1664,3.637,0
2025-11-09,GCP,Cloud SQL,asia-east1,gcp-main-postgres-db,db-custom-2-7680,22.35,0.35,7.8214,0
2025-11-09,Azure,Azure VM,westeurope,vm-web-prod-01,Standard_D4s_v3,19.84,0.192,3.8095,0
2025-11-09,Azure,Azure Storage,southeastasia,stbackupdata002,BlobStorage-GB,1392.47,0.02,27.8494,0
2025-11-09,GCP,Compute Engine,europe-west1,gcp-k8s-worker-2,n2-standard-4,18.45,0.194,3.5802,0
2025-11-09,GCP,Compute Engine,us-central1,gcp-k8s-worker-1,n2-standard-4,19.58,0.194,3.7987,0
2025-11-09,GCP,Compute Engine,us-central1,gcp-k8s-worker-1,n2-standard-4,18.33,0.194,3.556,0
2025-11-10,Azure,Azure VM,southeastasia,vm-api-prod-02,Standard_D4s_v3,23.14,0.192,4.4428,0
2025-11-10,Azure,Azure VM,eastus,vm-api-prod-02,Standard_D4s_v3,18.83,0.192,3.6151,0
2025-11-10,AWS,Lambda,us-west-2,auth-token-verifier,RequestCount,429023.19,2e-07,0.0858,0
2025-11-10,AWS,EC2,eu-west-1,i-0b7e6d5c4b3a2,BoxUsage:t3.xlarge,19.03,0.1664,3.1669,0
2025-11-10,GCP,Cloud SQL,europe-west1,gcp-main-postgres-db,db-custom-2-7680,23.91,0.35,8.3671,0
2025-11-10,AWS,Lambda,us-east-1,auth-token-verifier,RequestCount,742641.58,2e-07,0.1485,0
2025-11-10,Azure,Azure VM,eastus,vm-web-prod-01,Standard_D4s_v3,22.79,0.192,4.375,0
2025-11-10,GCP,Compute Engine,asia-east1,gcp-k8s-worker-2,n2-standard-4,24.31,0.194,4.7158,0
2025-11-10,AWS,Lambda,ap-southeast-1,auth-token-verifier,RequestCount,220785.28,2e-07,0.0442,0
2025-11-10,GCP,Compute Engine,europe-west1,gcp-k8s-worker-1,n2-standard-4,19.06,0.194,3.6972,0
2025-11-10,Azure,Azure Storage,westeurope,stappprodlogs001,BlobStorage-GB,982.25,0.02,19.6451,0
2025-11-10,AWS,EBS,us-west-2,vol-0fe0d1c2b3a498765,VolumeUsage.gp3,330.61,0.08,26.4491,0
2025-11-10,GCP,Cloud SQL,europe-west1,gcp-main-postgres-db,db-custom-2-7680,24.01,0.35,8.4044,0
2025-11-10,GCP,Cloud SQL,asia-east1,gcp-main-postgres-db,db-custom-2-7680,21.11,0.35,7.3889,0
2025-11-10,AWS,RDS,eu-west-1,prod-db-cluster-primary,InstanceUsage:db.m5.large,21.38,0.38,8.1243,0
2025-11-11,AWS,EC2,ap-southeast-1,i-0c9d8e7f6a5b4,BoxUsage:t3.xlarge,18.89,0.1664,3.1438,0
2025-11-11,GCP,Compute Engine,europe-west1,gcp-k8s-worker-2,n2-standard-4,23.48,0.194,4.5545,0
2025-11-11,AWS,EBS,us-west-2,vol-0123456789abcdef0,VolumeUsage.gp3,254.94,0.08,20.3949,0
2025-11-11,GCP,Compute Engine,europe-west1,gcp-k8s-worker-2,n2-standard-4,20.76,0.194,4.0272,0
2025-11-11,Azure,Azure VM,southeastasia,vm-web-prod-01,Standard_D4s_v3,21.36,0.192,4.1017,0
2025-11-11,Azure,Azure VM,westeurope,vm-api-prod-02,Standard_D4s_v3,21.11,0.192,4.0535,0
2025-11-11,GCP,Cloud SQL,us-central1,gcp-main-postgres-db,db-custom-2-7680,20.87,0.35,7.3048,0
2025-11-11,Azure,Azure VM,southeastasia,vm-api-prod-02,Standard_D4s_v3,22.51,0.192,4.3222,0
2025-11-11,Azure,Azure VM,westeurope,vm-api-prod-02,Standard_D4s_v3,21.5,0.192,4.1284,0
2025-11-11,GCP,Cloud SQL,asia-east1,gcp-main-postgres-db,db-custom-2-7680,20.85,0.35,7.2982,0
2025-11-11,AWS,EBS,us-west-2,vol-0123456789abcdef0,VolumeUsage.gp3,139.39,0.08,11.1516,0
2025-11-11,Azure,Azure Storage,eastus,stbackupdata002,BlobStorage-GB,628.69,0.02,12.5739,0
2025-11-11,AWS,EBS,us-east-1,vol-0fe0d1c2b3a498765,VolumeUsage.gp3,160.04,0.08,12.8029,0
2025-11-11,AWS,Lambda,ap-southeast-1,auth-token-verifier,RequestCount,162166.87,2e-07,0.0324,0
2025-11-12,Azure,Azure VM,westeurope,vm-web-prod-01,Standard_D4s_v3,21.89,0.192,4.2037,0
2025-11-12,Azure,Azure Storage,southeastasia,stbackupdata002,BlobStorage-GB,909.89,0.02,18.1978,0
2025-11-12,GCP,Compute Engine,europe-west1,gcp-k8s-worker-1,n2-standard-4,19.06,0.194,3.6983,0
2025-11-12,Azure,Azure Storage,southeastasia,stappprodlogs001,BlobStorage-GB,913.94,0.02,18.2788,0
2025-11-12,AWS,Lambda,us-west-2,auth-token-verifier,RequestCount,470393.09,2e-07,0.0941,0
2025-11-12,AWS,RDS,us-east-1,prod-db-cluster-primary,InstanceUsage:db.m5.large,19.86,0.38,7.5462,0
2025-11-12,AWS,EBS,eu-west-1,vol-0fe0d1c2b3a498765,VolumeUsage.gp3,336.64,0.08,26.9315,0
2025-11-12,Azure,Azure VM,westeurope,vm-api-prod-02,Standard_D4s_v3,20.44,0.192,3.9239,0
2025-11-12,GCP,Cloud SQL,europe-west1,gcp-main-postgres-db,db-custom-2-7680,19.94,0.35,6.9778,0
2025-11-12,Azure,Azure VM,southeastasia,vm-web-prod-01,Standard_D4s_v3,20.71,0.192,3.9768,0
2025-11-12,GCP,Compute Engine,us-central1,gcp-k8s-worker-2,n2-standard-4,18.68,0.194,3.6238,0
2025-11-12,AWS,RDS,eu-west-1,prod-db-cluster-primary,InstanceUsage:db.m5.large,23.05,0.38,8.7601,0
2025-11-12,GCP,Cloud SQL,us-central1,gcp-main-postgres-db,db-custom-2-7680,21.46,0.35,7.5094,0
2025-11-12,GCP,Compute Engine,us-central1,gcp-k8s-worker-2,n2-standard-4,18.32,0.194,3.5536,0
2025-11-13,GCP,Compute Engine,asia-east1,gcp-k8s-worker-2,n2-standard-4,20.83,0.194,4.0411,0
2025-11-13,Azure,Azure VM,southeastasia,vm-api-prod-02,Standard_D4s_v3,18.82,0.192,3.6136,0
2025-11-13,AWS,EBS,us-west-2,vol-0fe0d1c2b3a498765,VolumeUsage.gp3,170.87,0.08,13.6693,0
2025-11-13,AWS,Lambda,eu-west-1,auth-token-verifier,RequestCount,332008.83,2e-07,0.0664,0
2025-11-13,Azure,Azure VM,eastus,vm-web-prod-01,Standard_D4s_v3,19.65,0.192,3.7737,0
2025-11-13,GCP,Compute Engine,asia-east1,gcp-k8s-worker-2,n2-standard-4,19.25,0.194,3.7352,0
2025-11-13,GCP,Cloud SQL,asia-east1,gcp-main-postgres-db,db-custom-2-7680,21.44,0.35,7.5039,0
2025-11-13,GCP,Compute Engine,asia-east1,gcp-k8s-worker-2,n2-standard-4,23.03,0.194,4.4678,0
2025-11-13,Azure,Azure VM,southeastasia,vm-api-prod-02,Standard_D4s_v3,17.84,0.192,3.4253,0
2025-11-13,GCP,Compute Engine,europe-west1,gcp-k8s-worker-2,n2-standard-4,19.62,0.194,3.807,0
2025-11-13,GCP,Compute Engine,us-central1,gcp-k8s-worker-1,n2-standard-4,19.62,0.194,3.8069,0
2025-11-13,AWS,EBS,eu-west-1,vol-0123456789abcdef0,VolumeUsage.gp3,505.88,0.08,40.4706,0
2025-11-13,AWS,RDS,eu-west-1,analytics-read-replica,InstanceUsage:db.m5.large,24.1,0.38,9.159,0
2025-11-13,Azure,Azure VM,westeurope,vm-api-prod-02,Standard_D4s_v3,19.83,0.192,3.8074,0
2025-11-14,AWS,EC2,eu-west-1,i-0d1e2f3a4b5c6,BoxUsage:t3.xlarge,22.93,0.1664,3.8158,0
2025-11-14,GCP,Cloud SQL,asia-east1,gcp-main-postgres-db,db-custom-2-7680,23.08,0.35,8.078,0
2025-11-14,Azure,Azure Storage,eastus,stbackupdata002,BlobStorage-GB,1417.7,0.02,28.3541,0
2025-11-14,AWS,RDS,us-west-2,prod-db-cluster-primary,InstanceUsage:db.m5.large,20.5,0.38,7.7899,0
2025-11-14,GCP,Compute Engine,europe-west1,gcp-k8s-worker-1,n2-standard-4,18.07,0.194,3.5047,0
2025-11-14,GCP,Cloud SQL,asia-east1,gcp-main-postgres-db,db-custom-2-7680,21.99,0.35,7.6967,0
2025-11-14,AWS,RDS,eu-west-1,analytics-read-replica,InstanceUsage:db.m5.large,20.84,0.38,7.9192,0
2025-11-14,Azure,Azure VM,eastus,vm-api-prod-02,Standard_D4s_v3,22.26,0.192,4.274,0
2025-11-14,AWS,S3,us-west-2,user-media-storage-bucket,StandardStorage-GB,559.99,0.023,12.8798,0
2025-11-14,Azure,Azure Storage,eastus,stbackupdata002,BlobStorage-GB,1211.42,0.02,24.2284,0
2025-11-14,GCP,Cloud SQL,us-central1,gcp-main-postgres-db,db-custom-2-7680,20.17,0.35,7.058,0
2025-11-14,GCP,Compute Engine,us-central1,gcp-k8s-worker-1,n2-standard-4,20.79,0.194,4.0329,0
2025-11-14,Azure,Azure Storage,eastus,stbackupdata002,BlobStorage-GB,1191.16,0.02,23.8232,0
2025-11-14,Azure,Azure Storage,westeurope,stbackupdata002,BlobStorage-GB,665.81,0.02,13.3162,0
2025-11-14,Azure,Azure Storage,westeurope,stappprodlogs001,BlobStorage-GB,702.52,0.02,14.0504,0
2025-11-15,Azure,Azure Storage,westeurope,stappprodlogs001,BlobStorage-GB,1378.3,0.02,27.5659,0
2025-11-15,AWS,S3,eu-west-1,prod-analytics-data-dump,StandardStorage-GB,394.9,0.023,9.0827,0
2025-11-15,Azure,Azure VM,eastus,vm-web-prod-01,Standard_D4s_v3,22.83,0.192,4.3828,0
2025-11-15,GCP,Compute Engine,europe-west1,gcp-k8s-worker-1,n2-standard-4,22.38,0.194,4.3415,0
2025-11-15,Azure,Azure VM,eastus,vm-web-prod-01,Standard_D4s_v3,18.49,0.192,3.5502,0
2025-11-15,AWS,EC2,ap-southeast-1,i-0a8f9c1d2e3f4,BoxUsage:p3.8xlarge,22.75,12.24,278.46,1
2025-11-15,AWS,S3,us-west-2,app-logs-archive,StandardStorage-GB,485.04,0.023,11.1559,0
2025-11-15,Azure,Azure Storage,eastus,stbackupdata002,BlobStorage-GB,445.22,0.02,8.9044,0
2025-11-15,AWS,EC2,ap-southeast-1,i-0c9d8e7f6a5b4,BoxUsage:t3.xlarge,19.6,0.1664,3.2609,0
2025-11-15,AWS,EBS,us-east-1,vol-0fe0d1c2b3a498765,VolumeUsage.gp3,272.16,0.08,21.7729,0
2025-11-15,Azure,Azure VM,eastus,vm-web-prod-01,Standard_D4s_v3,18.4,0.192,3.5332,0
2025-11-15,AWS,EC2,us-west-2,i-0c9d8e7f6a5b4,BoxUsage:t3.xlarge,20.21,0.1664,3.3629,0
2025-11-15,Azure,Azure Storage,southeastasia,stbackupdata002,BlobStorage-GB,509.47,0.02,10.1893,0
2025-11-15,AWS,EBS,eu-west-1,vol-0fe0d1c2b3a498765,VolumeUsage.gp3,438.7,0.08,35.0958,0
2025-11-15,GCP,Compute Engine,asia-east1,gcp-k8s-worker-1,n2-standard-4,22.81,0.194,4.4257,0
2025-11-15,Azure,Azure VM,westeurope,vm-api-prod-02,Standard_D4s_v3,22.1,0.192,4.244,0
2025-11-16,Azure,Azure Storage,southeastasia,stbackupdata002,BlobStorage-GB,559.56,0.02,11.1912,0
2025-11-16,GCP,Cloud SQL,us-central1,gcp-main-postgres-db,db-custom-2-7680,23.88,0.35,8.3565,0
2025-11-16,GCP,Compute Engine,us-central1,gcp-k8s-worker-2,n2-standard-4,23.47,0.194,4.5522,0
2025-11-16,AWS,S3,ap-southeast-1,user-media-storage-bucket,StandardStorage-GB,969.73,0.023,22.3038,0
2025-11-16,GCP,Compute Engine,europe-west1,gcp-k8s-worker-2,n2-standard-4,21.51,0.194,4.1736,0
2025-11-16,AWS,Lambda,eu-west-1,auth-token-verifier,RequestCount,110847.55,2e-07,0.0222,0
2025-11-16,AWS,EBS,ap-southeast-1,vol-0fe0d1c2b3a498765,VolumeUsage.gp3,490.42,0.08,39.2337,0
2025-11-16,Azure,Azure Storage,southeastasia,stbackupdata002,BlobStorage-GB,804.91,0.02,16.0981,0
2025-11-16,Azure,Azure Storage,southeastasia,stappprodlogs001,BlobStorage-GB,490.16,0.02,9.8032,0
2025-11-16,AWS,RDS,us-east-1,analytics-read-replica,InstanceUsage:db.m5.large,19.7,0.38,7.4844,0
2025-11-16,AWS,RDS,ap-southeast-1,analytics-read-replica,InstanceUsage:db.m5.large,20.29,0.38,7.7108,0
2025-11-16,GCP,Cloud SQL,europe-west1,gcp-main-postgres-db,db-custom-2-7680,22.76,0.35,7.9646,0
2025-11-16,GCP,Compute Engine,asia-east1,gcp-k8s-worker-1,n2-standard-4,24.54,0.194,4.7608,0
2025-11-16,GCP,Compute Engine,asia-east1,gcp-k8s-worker-1,n2-standard-4,23.01,0.194,4.4638,0
2025-11-16,AWS,EBS,us-east-1,vol-0123456789abcdef0,VolumeUsage.gp3,439.09,0.08,35.1274,0
2025-11-16,Azure,Azure Storage,westeurope,stbackupdata002,BlobStorage-GB,1195.17,0.02,23.9034,0
2025-11-17,GCP,Compute Engine,asia-east1,gcp-k8s-worker-2,n2-standard-4,20.13,0.194,3.9061,0
2025-11-17,AWS,EC2,us-east-1,i-0b7e6d5c4b3a2,BoxUsage:t3.xlarge,22.67,0.1664,3.7726,0
2025-11-17,Azure,Azure Storage,southeastasia,stbackupdata002,BlobStorage-GB,1216.32,0.02,24.3265,0
2025-11-17,GCP,Cloud SQL,europe-west1,gcp-main-postgres-db,db-custom-2-7680,21.79,0.35,7.6268,0
2025-11-17,Azure,Azure VM,southeastasia,vm-api-prod-02,Standard_D4s_v3,22.37,0.192,4.2945,0
2025-11-17,Azure,Azure VM,westeurope,vm-api-prod-02,Standard_D4s_v3,19.22,0.192,3.6894,0
2025-11-17,Azure,Azure Storage,westeurope,stappprodlogs001,BlobStorage-GB,1098.91,0.02,21.9781,0
2025-11-17,AWS,EC2,ap-southeast-1,i-0a8f9c1d2e3f4,BoxUsage:p3.8xlarge,23.9,12.24,292.536,1
2025-11-17,Azure,Azure Storage,southeastasia,stbackupdata002,BlobStorage-GB,1295.66,0.02,25.9132,0
2025-11-17,AWS,EBS,ap-southeast-1,vol-0fe0d1c2b3a498765,VolumeUsage.gp3,183.7,0.08,14.696,0
2025-11-17,Azure,Azure Storage,eastus,stbackupdata002,BlobStorage-GB,1040.4,0.02,20.8079,0
2025-11-17,AWS,EC2,us-east-1,i-0d1e2f3a4b5c6,BoxUsage:t3.xlarge,23.11,0.1664,3.8458,0
2025-11-17,Azure,Azure Storage,westeurope,stappprodlogs001,BlobStorage-GB,1051.34,0.02,21.0268,0
2025-11-17,Azure,Azure Storage,westeurope,stappprodlogs001,BlobStorage-GB,438.62,0.02,8.7724,0
2025-11-18,GCP,Cloud SQL,europe-west1,gcp-main-postgres-db,db-custom-2-7680,21.97,0.35,7.6903,0
2025-11-18,AWS,EBS,us-west-2,vol-0fe0d1c2b3a498765,VolumeUsage.gp3,277.59,0.08,22.2073,0
2025-11-18,GCP,Cloud SQL,europe-west1,gcp-main-postgres-db,db-custom-2-7680,24.28,0.35,8.4973,0
2025-11-18,GCP,Compute Engine,asia-east1,gcp-k8s-worker-2,n2-standard-4,20.17,0.194,3.9132,0
2025-11-18,GCP,Cloud SQL,asia-east1,gcp-main-postgres-db,db-custom-2-7680,23.82,0.35,8.3372,0
2025-11-18,Azure,Azure Storage,southeastasia,stbackupdata002,BlobStorage-GB,614.02,0.02,12.2804,0
2025-11-18,Azure,Azure VM,westeurope,vm-web-prod-01,Standard_D4s_v3,21.48,0.192,4.1234,0
2025-11-18,GCP,Cloud SQL,europe-west1,gcp-main-postgres-db,db-custom-2-7680,22.34,0.35,7.8187,0
2025-11-18,GCP,Cloud SQL,us-central1,gcp-main-postgres-db,db-custom-2-7680,23.05,0.35,8.0671,0
2025-11-18,GCP,Cloud SQL,us-central1,gcp-main-postgres-db,db-custom-2-7680,21.31,0.35,7.4594,0
2025-11-18,Azure,Azure VM,southeastasia,vm-web-prod-01,Standard_D4s_v3,20.03,0.192,3.8449,0
2025-11-18,Azure,Azure Storage,southeastasia,stbackupdata002,BlobStorage-GB,724.3,0.02,14.486,0
2025-11-18,GCP,Cloud SQL,europe-west1,gcp-main-postgres-db,db-custom-2-7680,22.98,0.35,8.0432,0
2025-11-18,AWS,EC2,eu-west-1,i-0a8f9c1d2e3f4,BoxUsage:t3.xlarge,21.52,0.1664,3.5817,0
2025-11-18,Azure,Azure VM,southeastasia,vm-web-prod-01,Standard_D4s_v3,22.32,0.192,4.2845,0
2025-11-18,Azure,Azure VM,southeastasia,vm-web-prod-01,Standard_D4s_v3,18.83,0.192,3.6149,0
2025-11-19,GCP,Cloud SQL,europe-west1,gcp-main-postgres-db,db-custom-2-7680,20.16,0.35,7.0555,0
2025-11-19,AWS,RDS,ap-southeast-1,analytics-read-replica,InstanceUsage:db.m5.large,22.17,0.38,8.4263,0
2025-11-19,Azure,Azure Storage,westeurope,stappprodlogs001,BlobStorage-GB,927.62,0.02,18.5524,0
2025-11-19,Azure,Azure VM,eastus,vm-web-prod-01,Standard_D4s_v3,19.95,0.192,3.8295,0
2025-11-19,Azure,Azure Storage,southeastasia,stbackupdata002,BlobStorage-GB,1317.81,0.02,26.3563,0
2025-11-19,AWS,S3,us-east-1,app-logs-archive,StandardStorage-GB,1002.64,0.023,23.0606,0
2025-11-19,AWS,RDS,ap-southeast-1,analytics-read-replica,InstanceUsage:db.m5.large,23.78,0.38,9.0376,0
2025-11-19,AWS,EC2,us-east-1,i-0c9d8e7f6a5b4,BoxUsage:t3.xlarge,22.4,0.1664,3.7279,0
2025-11-19,Azure,Azure VM,southeastasia,vm-web-prod-01,Standard_D4s_v3,23.75,0.192,4.5593,0
2025-11-19,GCP,Compute Engine,us-central1,gcp-k8s-worker-1,n2-standard-4,18.72,0.194,3.6308,0
2025-11-19,AWS,RDS,ap-southeast-1,analytics-read-replica,InstanceUsage:db.m5.large,22.1,0.38,8.3972,0
2025-11-19,Azure,Azure VM,westeurope,vm-web-prod-01,Standard_D4s_v3,18.1,0.192,3.4761,0
2025-11-19,GCP,Compute Engine,europe-west1,gcp-k8s-worker-2,n2-standard-4,23.28,0.194,4.5154,0
2025-11-19,Azure,Azure Storage,southeastasia,stappprodlogs001,BlobStorage-GB,865.01,0.02,17.3002,0
2025-11-20,AWS,EC2,ap-southeast-1,i-0d1e2f3a4b5c6,BoxUsage:t3.xlarge,20.84,0.1664,3.4682,0
2025-11-20,GCP,Cloud SQL,europe-west1,gcp-main-postgres-db,db-custom-2-7680,19.93,0.35,6.9749,0
2025-11-20,GCP,Compute Engine,us-central1,gcp-k8s-worker-2,n2-standard-4,19.58,0.194,3.7978,0
2025-11-20,Azure,Azure VM,eastus,vm-web-prod-01,Standard_D4s_v3,23.89,0.192,4.5862,0
2025-11-20,Azure,Azure VM,eastus,vm-api-prod-02,Standard_D4s_v3,19.99,0.192,3.839,0
2025-11-20,Azure,Azure VM,westeurope,vm-web-prod-01,Standard_D4s_v3,22.84,0.192,4.3858,0
2025-11-20,GCP,Compute Engine,asia-east1,gcp-k8s-worker-2,n2-standard-4,22.35,0.194,4.3357,0
2025-11-20,AWS,S3,ap-southeast-1,app-logs-archive,StandardStorage-GB,418.28,0.023,9.6205,0
2025-11-20,AWS,EC2,us-west-2,i-0c9d8e7f6a5b4,BoxUsage:t3.xlarge,20.91,0.1664,3.48,0
2025-11-20,GCP,Cloud SQL,us-central1,gcp-main-postgres-db,db-custom-2-7680,22.8,0.35,7.9816,0
2025-11-20,AWS,Lambda,ap-southeast-1,event-processor,RequestCount,402346.67,2e-07,0.0805,0
2025-11-20,Azure,Azure Storage,southeastasia,stbackupdata002,BlobStorage-GB,1239.59,0.02,24.7918,0
2025-11-20,Azure,Azure VM,eastus,vm-api-prod-02,Standard_D4s_v3,20.01,0.192,3.8422,0
2025-11-20,Azure,Azure Storage,eastus,stbackupdata002,BlobStorage-GB,1479.62,0.02,29.5923,0
2025-11-20,GCP,Cloud SQL,asia-east1,gcp-main-postgres-db,db-custom-2-7680,21.56,0.35,7.5447,0
2025-11-20,Azure,Azure Storage,southeastasia,stbackupdata002,BlobStorage-GB,856.12,0.02,17.1224,0
2025-11-21,Azure,Azure Storage,westeurope,stbackupdata002,BlobStorage-GB,1360.08,0.02,27.2017,0
2025-11-21,AWS,RDS,us-east-1,analytics-read-replica,InstanceUsage:db.m5.large,19.43,0.38,7.383,0
2025-11-21,Azure,Azure Storage,eastus,stappprodlogs001,BlobStorage-GB,751.33,0.02,15.0266,0
2025-11-21,AWS,EBS,us-west-2,vol-0fe0d1c2b3a498765,VolumeUsage.gp3,167.83,0.08,13.4264,0
2025-11-21,Azure,Azure Storage,westeurope,stbackupdata002,BlobStorage-GB,566.85,0.02,11.3371,0
2025-11-21,Azure,Azure Storage,southeastasia,stappprodlogs001,BlobStorage-GB,406.08,0.02,8.1217,0
2025-11-21,Azure,Azure VM,eastus,vm-web-prod-01,Standard_D4s_v3,19.1,0.192,3.6671,0
2025-11-21,Azure,Azure VM,southeastasia,vm-api-prod-02,Standard_D4s_v3,22.78,0.192,4.3729,0
2025-11-21,AWS,EC2,ap-southeast-1,i-0b7e6d5c4b3a2,BoxUsage:t3.xlarge,24.33,0.1664,4.0488,0
2025-11-21,GCP,Cloud SQL,us-central1,gcp-main-postgres-db,db-custom-2-7680,22.66,0.35,7.9306,0
2025-11-21,AWS,Lambda,us-west-2,auth-token-verifier,RequestCount,295914.38,2e-07,0.0592,0
2025-11-21,AWS,EBS,us-west-2,vol-0fe0d1c2b3a498765,VolumeUsage.gp3,378.54,0.08,30.2835,0
2025-11-21,Azure,Azure Storage,southeastasia,stbackupdata002,BlobStorage-GB,814.65,0.02,16.2929,0
2025-11-21,Azure,Azure Storage,eastus,stappprodlogs001,BlobStorage-GB,1148.25,0.02,22.965,0
2025-11-21,AWS,EBS,us-east-1,vol-0123456789abcdef0,VolumeUsage.gp3,384.92,0.08,30.7934,0
2025-11-22,AWS,EC2,ap-southeast-1,i-0a8f9c1d2e3f4,BoxUsage:t3.xlarge,19.73,0.1664,3.2836,0
2025-11-22,Azure,Azure VM,eastus,vm-web-prod-01,Standard_D4s_v3,22.31,0.192,4.2845,0
2025-11-22,GCP,Compute Engine,europe-west1,gcp-k8s-worker-1,n2-standard-4,22.93,0.194,4.4483,0
2025-11-22,AWS,Lambda,ap-southeast-1,image-resizer-worker,RequestCount,527396.38,2e-07,0.1055,0
2025-11-22,Azure,Azure Storage,southeastasia,stappprodlogs001,BlobStorage-GB,1274.95,0.02,25.4989,0
2025-11-22,AWS,RDS,us-east-1,analytics-read-replica,InstanceUsage:db.m5.large,23.14,0.38,8.7934,0
2025-11-22,GCP,Compute Engine,europe-west1,gcp-k8s-worker-1,n2-standard-4,19.48,0.194,3.7784,0
2025-11-22,Azure,Azure VM,eastus,vm-web-prod-01,Standard_D4s_v3,19.51,0.192,3.746,0
2025-11-22,AWS,RDS,us-east-1,prod-db-cluster-primary,InstanceUsage:db.m5.large,22.72,0.38,8.6338,0
2025-11-22,Azure,Azure Storage,westeurope,stappprodlogs001,BlobStorage-GB,1379.23,0.02,27.5846,0
2025-11-22,AWS,Lambda,us-east-1,image-resizer-worker,RequestCount,356870.99,2e-07,0.0714,0
2025-11-22,AWS,EC2,ap-southeast-1,i-0c9d8e7f6a5b4,BoxUsage:t3.xlarge,18.92,0.1664,3.1479,0
2025-11-22,AWS,EBS,ap-southeast-1,vol-0123456789abcdef0,VolumeUsage.gp3,167.75,0.08,13.42,0
2025-11-22,GCP,Cloud SQL,europe-west1,gcp-main-postgres-db,db-custom-2-7680,22.31,0.35,7.809,0
2025-11-22,AWS,EBS,eu-west-1,vol-0123456789abcdef0,VolumeUsage.gp3,349.14,0.08,27.9316,0
2025-11-23,AWS,S3,us-west-2,prod-analytics-data-dump,StandardStorage-GB,982.45,0.023,22.5963,0
2025-11-23,GCP,Cloud SQL,asia-east1,gcp-main-postgres-db,db-custom-2-7680,22.26,0.35,7.7922,0
2025-11-23,AWS,EC2,ap-southeast-1,i-0c9d8e7f6a5b4,BoxUsage:t3.xlarge,20.33,0.1664,3.3822,0
2025-11-23,AWS,EC2,ap-southeast-1,i-0b7e6d5c4b3a2,BoxUsage:t3.xlarge,23.5,0.1664,3.9102,0
2025-11-23,GCP,Cloud SQL,europe-west1,gcp-main-postgres-db,db-custom-2-7680,22.94,0.35,8.0291,0
2025-11-23,AWS,EBS,us-east-1,vol-0fe0d1c2b3a498765,VolumeUsage.gp3,264.27,0.08,21.1418,0
2025-11-23,AWS,EBS,ap-southeast-1,vol-0fe0d1c2b3a498765,VolumeUsage.gp3,329.08,0.08,26.3264,0
2025-11-23,GCP,Compute Engine,europe-west1,gcp-k8s-worker-1,n2-standard-4,17.35,0.194,3.3656,0
2025-11-23,GCP,Compute Engine,europe-west1,gcp-k8s-worker-1,n2-standard-4,19.62,0.194,3.8056,0
2025-11-23,AWS,EC2,eu-west-1,i-0d1e2f3a4b5c6,BoxUsage:t3.xlarge,22.39,0.1664,3.725,0
2025-11-23,AWS,Lambda,eu-west-1,event-processor,RequestCount,233460.73,2e-07,0.0467,0
2025-11-23,Azure,Azure Storage,westeurope,stbackupdata002,BlobStorage-GB,702.31,0.02,14.0461,0
2025-11-23,Azure,Azure VM,westeurope,vm-web-prod-01,Standard_D4s_v3,23.02,0.192,4.4197,0
2025-11-23,GCP,Compute Engine,us-central1,gcp-k8s-worker-2,n2-standard-4,20.81,0.194,4.0368,0
2025-11-23,Azure,Azure Storage,eastus,stappprodlogs001,BlobStorage-GB,1129.74,0.02,22.5948,0
2025-11-24,AWS,Lambda,eu-west-1,image-resizer-worker,RequestCount,255115.15,2e-07,0.051,0
2025-11-24,GCP,Cloud SQL,europe-west1,gcp-main-postgres-db,db-custom-2-7680,19.65,0.35,6.879,0
2025-11-24,Azure,Azure VM,westeurope,vm-api-prod-02,Standard_D4s_v3,22.44,0.192,4.3078,0
2025-11-24,GCP,Cloud SQL,us-central1,gcp-main-postgres-db,db-custom-2-7680,21.94,0.35,7.6781,0
2025-11-24,GCP,Cloud SQL,us-central1,gcp-main-postgres-db,db-custom-2-7680,21.63,0.35,7.5701,0
2025-11-24,Azure,Azure VM,eastus,vm-api-prod-02,Standard_D4s_v3,24.71,0.192,4.7448,0
2025-11-24,AWS,S3,eu-west-1,app-logs-archive,StandardStorage-GB,1035.18,0.023,23.8091,0
2025-11-24,GCP,Cloud SQL,europe-west1,gcp-main-postgres-db,db-custom-2-7680,19.98,0.35,6.9925,0
2025-11-24,GCP,Compute Engine,europe-west1,gcp-k8s-worker-1,n2-standard-4,19.02,0.194,3.6898,0
2025-11-24,AWS,EC2,us-west-2,i-0a8f9c1d2e3f4,BoxUsage:t3.xlarge,19.55,0.1664,3.2525,0
2025-11-24,GCP,Cloud SQL,europe-west1,gcp-main-postgres-db,db-custom-2-7680,19.5,0.35,6.8262,0
2025-11-24,GCP,Cloud SQL,europe-west1,gcp-main-postgres-db,db-custom-2-7680,23.81,0.35,8.3349,0
2025-11-24,GCP,Cloud SQL,europe-west1,gcp-main-postgres-db,db-custom-2-7680,24.57,0.35,8.6008,0
2025-11-24,AWS,Lambda,ap-southeast-1,auth-token-verifier,RequestCount,188825.86,2e-07,0.0378,0
2025-11-25,Azure,Azure VM,eastus,vm-web-prod-01,Standard_D4s_v3,21.89,0.192,4.2027,0
2025-11-25,AWS,RDS,eu-west-1,analytics-read-replica,InstanceUsage:db.m5.large,21.79,0.38,8.2816,0
2025-11-25,Azure,Azure VM,eastus,vm-api-prod-02,Standard_D4s_v3,20.06,0.192,3.8515,0
2025-11-25,AWS,EBS,ap-southeast-1,vol-0123456789abcdef0,VolumeUsage.gp3,154.1,0.08,12.3276,0
2025-11-25,Azure,Azure Storage,southeastasia,stbackupdata002,BlobStorage-GB,1157.49,0.02,23.1498,0
2025-11-25,AWS,S3,us-east-1,prod-analytics-data-dump,StandardStorage-GB,1081.48,0.023,24.8741,0
2025-11-25,GCP,Compute Engine,asia-east1,gcp-k8s-worker-1,n2-standard-4,23.41,0.194,4.5422,0
2025-11-25,GCP,Cloud SQL,europe-west1,gcp-main-postgres-db,db-custom-2-7680,19.88,0.35,6.9577,0
2025-11-25,AWS,EBS,us-west-2,vol-0123456789abcdef0,VolumeUsage.gp3,324.35,0.08,25.9478,0
2025-11-25,GCP,Compute Engine,us-central1,gcp-k8s-worker-1,n2-standard-4,22.47,0.194,4.3591,0
2025-11-25,AWS,S3,us-east-1,prod-analytics-data-dump,StandardStorage-GB,608.01,0.023,13.9842,0
2025-11-25,GCP,Cloud SQL,us-central1,gcp-main-postgres-db,db-custom-2-7680,23.76,0.35,8.3143,0
2025-11-25,GCP,Compute Engine,asia-east1,gcp-k8s-worker-2,n2-standard-4,18.21,0.194,3.532,0
2025-11-25,Azure,Azure Storage,westeurope,stappprodlogs001,BlobStorage-GB,1060.45,0.02,21.209,0
2025-11-25,Azure,Azure Storage,eastus,stbackupdata002,BlobStorage-GB,1182.19,0.02,23.6437,0
2025-11-25,Azure,Azure Storage,eastus,stbackupdata002,BlobStorage-GB,1434.93,0.02,28.6986,0
2025-11-26,AWS,EC2,ap-southeast-1,i-0c9d8e7f6a5b4,BoxUsage:t3.xlarge,20.37,0.1664,3.3895,0
2025-11-26,AWS,EC2,eu-west-1,i-0c9d8e7f6a5b4,BoxUsage:t3.xlarge,21.44,0.1664,3.5682,0
2025-11-26,GCP,Cloud SQL,us-central1,gcp-main-postgres-db,db-custom-2-7680,24.03,0.35,8.409,0
2025-11-26,Azure,Azure Storage,southeastasia,stappprodlogs001,BlobStorage-GB,442.38,0.02,8.8476,0
2025-11-26,GCP,Compute Engine,asia-east1,gcp-k8s-worker-2,n2-standard-4,19.3,0.194,3.7447,0
2025-11-26,Azure,Azure VM,westeurope,vm-web-prod-01,Standard_D4s_v3,17.92,0.192,3.4403,0
2025-11-26,GCP,Cloud SQL,asia-east1,gcp-main-postgres-db,db-custom-2-7680,24.21,0.35,8.4746,0
2025-11-26,Azure,Azure VM,southeastasia,vm-web-prod-01,Standard_D4s_v3,19.67,0.192,3.776,0
2025-11-26,Azure,Azure Storage,westeurope,stappprodlogs001,BlobStorage-GB,1362.12,0.02,27.2423,0
2025-11-26,GCP,Cloud SQL,europe-west1,gcp-main-postgres-db,db-custom-2-7680,24.01,0.35,8.4044,0
2025-11-26,GCP,Compute Engine,asia-east1,gcp-k8s-worker-1,n2-standard-4,25.02,0.194,4.8531,0
2025-11-26,AWS,Lambda,us-east-1,image-resizer-worker,RequestCount,641548.75,2e-07,0.1283,0
2025-11-26,GCP,Compute Engine,us-central1,gcp-k8s-worker-2,n2-standard-4,20.85,0.194,4.0446,0
2025-11-26,Azure,Azure Storage,eastus,stbackupdata002,BlobStorage-GB,532.69,0.02,10.6538,0
2025-11-26,GCP,Compute Engine,asia-east1,gcp-k8s-worker-2,n2-standard-4,20.07,0.194,3.8936,0
2025-11-27,Azure,Azure Storage,southeastasia,stbackupdata002,BlobStorage-GB,576.73,0.02,11.5346,0
2025-11-27,Azure,Azure Storage,westeurope,stappprodlogs001,BlobStorage-GB,1238.74,0.02,24.7748,0
2025-11-27,AWS,EC2,ap-southeast-1,i-0d1e2f3a4b5c6,BoxUsage:t3.xlarge,21.58,0.1664,3.5911,0
2025-11-27,Azure,Azure VM,eastus,vm-api-prod-02,Standard_D4s_v3,18.1,0.192,3.4744,0
2025-11-27,AWS,EBS,ap-southeast-1,vol-0123456789abcdef0,VolumeUsage.gp3,465.48,0.08,37.2384,0
2025-11-27,Azure,Azure Storage,westeurope,stbackupdata002,BlobStorage-GB,961.73,0.02,19.2347,0
2025-11-27,AWS,RDS,eu-west-1,prod-db-cluster-primary,InstanceUsage:db.m5.large,21.25,0.38,8.0733,0
2025-11-27,AWS,EBS,eu-west-1,vol-0123456789abcdef0,VolumeUsage.gp3,337.53,0.08,27.0022,0
2025-11-27,GCP,Compute Engine,asia-east1,gcp-k8s-worker-1,n2-standard-4,19.76,0.194,3.8337,0
2025-11-27,GCP,Cloud SQL,asia-east1,gcp-main-postgres-db,db-custom-2-7680,22.47,0.35,7.865,0
2025-11-27,GCP,Cloud SQL,europe-west1,gcp-main-postgres-db,db-custom-2-7680,23.67,0.35,8.2844,0
2025-11-27,AWS,Lambda,us-east-1,image-resizer-worker,RequestCount,568195.95,2e-07,0.1136,0
2025-11-27,Azure,Azure VM,eastus,vm-web-prod-01,Standard_D4s_v3,19.79,0.192,3.7996,0
2025-11-27,Azure,Azure VM,westeurope,vm-api-prod-02,Standard_D4s_v3,18.98,0.192,3.6448,0
2025-11-27,GCP,Compute Engine,asia-east1,gcp-k8s-worker-2,n2-standard-4,20.59,0.194,3.9939,0
2025-11-27,AWS,Lambda,ap-southeast-1,auth-token-verifier,RequestCount,778647.59,2e-07,0.1557,0
2025-11-28,AWS,RDS,us-west-2,prod-db-cluster-primary,InstanceUsage:db.m5.large,20.16,0.38,7.6598,0
2025-11-28,AWS,S3,us-west-2,app-logs-archive,StandardStorage-GB,826.85,0.023,19.0175,0
2025-11-28,Azure,Azure Storage,westeurope,stbackupdata002,BlobStorage-GB,1493.1,0.02,29.862,0
2025-11-28,GCP,Cloud SQL,us-central1,gcp-main-postgres-db,db-custom-2-7680,20.17,0.35,7.0591,0
2025-11-28,AWS,EC2,us-east-1,i-0c9d8e7f6a5b4,BoxUsage:t3.xlarge,19.97,0.1664,3.3237,0
2025-11-28,Azure,Azure Storage,southeastasia,stappprodlogs001,BlobStorage-GB,486.24,0.02,9.7249,0
2025-11-28,Azure,Azure Storage,westeurope,stappprodlogs001,BlobStorage-GB,505.03,0.02,10.1006,0
2025-11-28,AWS,EBS,eu-west-1,vol-0123456789abcdef0,VolumeUsage.gp3,342.74,0.08,27.4189,0
2025-11-28,GCP,Cloud SQL,us-central1,gcp-main-postgres-db,db-custom-2-7680,20.63,0.35,7.2193,0
2025-11-28,AWS,EC2,us-west-2,i-0a8f9c1d2e3f4,BoxUsage:t3.xlarge,19.07,0.1664,3.1736,0
2025-11-28,GCP,Compute Engine,asia-east1,gcp-k8s-worker-1,n2-standard-4,22.51,0.194,4.3662,0
2025-11-28,AWS,Lambda,eu-west-1,event-processor,RequestCount,156554.85,2e-07,0.0313,0
2025-11-28,GCP,Cloud SQL,europe-west1,gcp-main-postgres-db,db-custom-2-7680,23.22,0.35,8.127,0
2025-11-28,AWS,RDS,ap-southeast-1,prod-db-cluster-primary,InstanceUsage:db.m5.large,22.44,0.38,8.5268,0
2025-11-29,GCP,Cloud SQL,europe-west1,gcp-main-postgres-db,db-custom-2-7680,23.5,0.35,8.2233,0
2025-11-29,Azure,Azure VM,eastus,vm-web-prod-01,Standard_D4s_v3,21.29,0.192,4.0876,0
2025-11-29,Azure,Azure VM,southeastasia,vm-api-prod-02,Standard_D4s_v3,19.97,0.192,3.8341,0
2025-11-29,Azure,Azure Storage,southeastasia,stbackupdata002,BlobStorage-GB,1508.3,0.02,30.166,0
2025-11-29,AWS,EBS,eu-west-1,vol-0fe0d1c2b3a498765,VolumeUsage.gp3,184.43,0.08,14.7543,0
2025-11-29,GCP,Compute Engine,europe-west1,gcp-k8s-worker-1,n2-standard-4,19.6,0.194,3.8028,0
2025-11-29,Azure,Azure VM,southeastasia,vm-api-prod-02,Standard_D4s_v3,18.71,0.192,3.5917,0
2025-11-29,GCP,Cloud SQL,us-central1,gcp-main-postgres-db,db-custom-2-7680,21.47,0.35,7.5128,0
2025-11-29,GCP,Cloud SQL,asia-east1,gcp-main-postgres-db,db-custom-2-7680,20.87,0.35,7.3035,0
2025-11-29,GCP,Cloud SQL,asia-east1,gcp-main-postgres-db,db-custom-2-7680,20.8,0.35,7.2802,0
2025-11-29,AWS,S3,eu-west-1,app-logs-archive,StandardStorage-GB,1220.25,0.023,28.0658,0
2025-11-29,AWS,RDS,ap-southeast-1,analytics-read-replica,InstanceUsage:db.m5.large,20.62,0.38,7.8342,0
2025-11-29,AWS,RDS,us-east-1,prod-db-cluster-primary,InstanceUsage:db.m5.large,23.4,0.38,8.8917,0
2025-11-29,AWS,Lambda,us-east-1,image-resizer-worker,RequestCount,565964.54,2e-07,0.1132,0
2025-11-29,Azure,Azure Storage,southeastasia,stbackupdata002,BlobStorage-GB,1307.58,0.02,26.1516,0
2025-11-30,GCP,Compute Engine,us-central1,gcp-k8s-worker-2,n2-standard-4,23.59,0.194,4.5757,0
2025-11-30,AWS,EBS,ap-southeast-1,vol-0fe0d1c2b3a498765,VolumeUsage.gp3,250.93,0.08,20.074,0
2025-11-30,GCP,Compute Engine,europe-west1,gcp-k8s-worker-2,n2-standard-4,22.86,0.194,4.4339,0
2025-11-30,GCP,Cloud SQL,asia-east1,gcp-main-postgres-db,db-custom-2-7680,19.86,0.35,6.9525,0
2025-11-30,GCP,Compute Engine,asia-east1,gcp-k8s-worker-2,n2-standard-4,19.49,0.194,3.7812,0
2025-11-30,GCP,Compute Engine,us-central1,gcp-k8s-worker-1,n2-standard-4,21.64,0.194,4.1986,0
2025-11-30,GCP,Cloud SQL,us-central1,gcp-main-postgres-db,db-custom-2-7680,22.79,0.35,7.9761,0
2025-11-30,GCP,Cloud SQL,asia-east1,gcp-main-postgres-db,db-custom-2-7680,20.93,0.35,7.3245,0
2025-11-30,Azure,Azure VM,westeurope,vm-api-prod-02,Standard_D4s_v3,23.91,0.192,4.5917,0
2025-11-30,AWS,EC2,eu-west-1,i-0c9d8e7f6a5b4,BoxUsage:t3.xlarge,19.76,0.1664,3.2873,0
2025-11-30,AWS,EC2,ap-southeast-1,i-0c9d8e7f6a5b4,BoxUsage:t3.xlarge,23.49,0.1664,3.9086,0
2025-11-30,Azure,Azure Storage,westeurope,stappprodlogs001,BlobStorage-GB,1364.32,0.02,27.2864,0
2025-11-30,GCP,Compute Engine,asia-east1,gcp-k8s-worker-2,n2-standard-4,21.71,0.194,4.211,0
2025-11-30,AWS,EC2,us-west-2,i-0d1e2f3a4b5c6,BoxUsage:t3.xlarge,18.25,0.1664,3.0375,0
2025-12-01,GCP,Compute Engine,europe-west1,gcp-k8s-worker-2,n2-standard-4,20.64,0.194,4.0043,0
2025-12-01,GCP,Compute Engine,europe-west1,gcp-k8s-worker-1,n2-standard-4,20.36,0.194,3.9506,0
2025-12-01,AWS,EBS,ap-southeast-1,vol-0123456789abcdef0,VolumeUsage.gp3,458.65,0.08,36.6917,0
2025-12-01,AWS,EBS,us-west-2,vol-0fe0d1c2b3a498765,VolumeUsage.gp3,241.71,0.08,19.3368,0
2025-12-01,GCP,Cloud SQL,us-central1,gcp-main-postgres-db,db-custom-2-7680,19.61,0.35,6.8646,0
2025-12-01,AWS,EC2,us-east-1,i-0a8f9c1d2e3f4,BoxUsage:t3.xlarge,20.64,0.1664,3.434,0
2025-12-01,AWS,EC2,us-east-1,i-0a8f9c1d2e3f4,BoxUsage:t3.xlarge,19.54,0.1664,3.2507,0
2025-12-01,Azure,Azure Storage,eastus,stappprodlogs001,BlobStorage-GB,427.73,0.02,8.5546,0
2025-12-01,AWS,EC2,ap-southeast-1,i-0c9d8e7f6a5b4,BoxUsage:t3.xlarge,23.79,0.1664,3.9589,0
2025-12-01,GCP,Cloud SQL,us-central1,gcp-main-postgres-db,db-custom-2-7680,21.39,0.35,7.4882,0
2025-12-01,Azure,Azure VM,westeurope,vm-web-prod-01,Standard_D4s_v3,24.31,0.192,4.668,0
2025-12-01,AWS,EBS,eu-west-1,vol-0fe0d1c2b3a498765,VolumeUsage.gp3,198.33,0.08,15.8668,0
2025-12-01,AWS,EC2,ap-southeast-1,i-0a8f9c1d2e3f4,BoxUsage:t3.xlarge,20.06,0.1664,3.338,0
2025-12-01,AWS,S3,ap-southeast-1,prod-analytics-data-dump,StandardStorage-GB,1091.19,0.023,25.0974,0
2025-12-01,AWS,Lambda,us-west-2,image-resizer-worker,RequestCount,158395.71,2e-07,0.0317,0
2025-12-02,Azure,Azure VM,westeurope,vm-web-prod-01,Standard_D4s_v3,18.16,0.192,3.4862,0
2025-12-02,Azure,Azure VM,eastus,vm-web-prod-01,Standard_D4s_v3,18.56,0.192,3.5644,0
2025-12-02,AWS,RDS,ap-southeast-1,prod-db-cluster-primary,InstanceUsage:db.m5.large,23.46,0.38,8.9147,0
2025-12-02,AWS,RDS,us-east-1,prod-db-cluster-primary,InstanceUsage:db.m5.large,21.55,0.38,8.1879,0
2025-12-02,Azure,Azure Storage,southeastasia,stbackupdata002,BlobStorage-GB,606.09,0.02,12.1218,0
2025-12-02,GCP,Compute Engine,asia-east1,gcp-k8s-worker-1,n2-standard-4,20.2,0.194,3.9194,0
2025-12-02,Azure,Azure VM,eastus,vm-web-prod-01,Standard_D4s_v3,20.85,0.192,4.0037,0
2025-12-02,Azure,Azure Storage,southeastasia,stbackupdata002,BlobStorage-GB,1068.95,0.02,21.379,0
2025-12-02,AWS,EC2,eu-west-1,i-0b7e6d5c4b3a2,BoxUsage:t3.xlarge,22.44,0.1664,3.7338,0
2025-12-02,GCP,Compute Engine,europe-west1,gcp-k8s-worker-2,n2-standard-4,18.6,0.194,3.6075,0
2025-12-02,AWS,EBS,us-west-2,vol-0123456789abcdef0,VolumeUsage.gp3,201.17,0.08,16.0938,0
2025-12-02,AWS,S3,ap-southeast-1,user-media-storage-bucket,StandardStorage-GB,825.39,0.023,18.9839,0
2025-12-02,Azure,Azure Storage,southeastasia,stbackupdata002,BlobStorage-GB,770.91,0.02,15.4181,0
2025-12-02,AWS,EC2,ap-southeast-1,i-0a8f9c1d2e3f4,BoxUsage:t3.xlarge,21.86,0.1664,3.6377,0
2025-12-03,Azure,Azure Storage,westeurope,stbackupdata002,BlobStorage-GB,875.73,0.02,17.5146,0
2025-12-03,Azure,Azure Storage,eastus,stappprodlogs001,BlobStorage-GB,922.82,0.02,18.4565,0
2025-12-03,AWS,RDS,eu-west-1,prod-db-cluster-primary,InstanceUsage:db.m5.large,19.69,0.38,7.4805,0
2025-12-03,AWS,Lambda,us-west-2,image-resizer-worker,RequestCount,392629.85,2e-07,0.0785,0
2025-12-03,GCP,Compute Engine,us-central1,gcp-k8s-worker-1,n2-standard-4,23.26,0.194,4.5121,0
2025-12-03,GCP,Cloud SQL,asia-east1,gcp-main-postgres-db,db-custom-2-7680,22.08,0.35,7.7272,0
2025-12-03,GCP,Cloud SQL,europe-west1,gcp-main-postgres-db,db-custom-2-7680,21.16,0.35,7.4061,0
2025-12-03,Azure,Azure VM,eastus,vm-api-prod-02,Standard_D4s_v3,22.84,0.192,4.3846,0
2025-12-03,GCP,Compute Engine,asia-east1,gcp-k8s-worker-2,n2-standard-4,22.35,0.194,4.3355,0
2025-12-03,Azure,Azure Storage,southeastasia,stappprodlogs001,BlobStorage-GB,1450.29,0.02,29.0057,0
2025-12-03,AWS,S3,us-west-2,prod-analytics-data-dump,StandardStorage-GB,794.45,0.023,18.2723,0
2025-12-03,GCP,Compute Engine,asia-east1,gcp-k8s-worker-2,n2-standard-4,22.26,0.194,4.3182,0
2025-12-03,Azure,Azure VM,westeurope,vm-api-prod-02,Standard_D4s_v3,20.04,0.192,3.848,0
2025-12-03,AWS,RDS,us-west-2,analytics-read-replica,InstanceUsage:db.m5.large,19.97,0.38,7.5877,0
2025-12-04,AWS,Lambda,ap-southeast-1,auth-token-verifier,RequestCount,421444.09,2e-07,0.0843,0
2025-12-04,GCP,Cloud SQL,europe-west1,gcp-main-postgres-db,db-custom-2-7680,22.75,0.35,7.9632,0
2025-12-04,AWS,S3,eu-west-1,app-logs-archive,StandardStorage-GB,875.79,0.023,20.1431,0
2025-12-04,Azure,Azure Storage,westeurope,stappprodlogs001,BlobStorage-GB,976.42,0.02,19.5284,0
2025-12-04,Azure,Azure Storage,westeurope,stappprodlogs001,BlobStorage-GB,877.06,0.02,17.5411,0
2025-12-04,AWS,RDS,us-west-2,prod-db-cluster-primary,InstanceUsage:db.m5.large,21.72,0.38,8.2554,0
2025-12-04,AWS,EBS,ap-southeast-1,vol-0fe0d1c2b3a498765,VolumeUsage.gp3,226.48,0.08,18.1181,0
2025-12-04,AWS,Lambda,us-west-2,auth-token-verifier,RequestCount,588743.82,2e-07,0.1177,0
2025-12-04,Azure,Azure Storage,southeastasia,stappprodlogs001,BlobStorage-GB,920.36,0.02,18.4073,0
2025-12-04,GCP,Cloud SQL,us-central1,gcp-main-postgres-db,db-custom-2-7680,20.81,0.35,7.2821,0
2025-12-04,Azure,Azure Storage,eastus,stappprodlogs001,BlobStorage-GB,1536.06,0.02,30.7213,0
2025-12-04,AWS,EBS,us-west-2,vol-0fe0d1c2b3a498765,VolumeUsage.gp3,175.61,0.08,14.0487,0
2025-12-04,GCP,Compute Engine,europe-west1,gcp-k8s-worker-1,n2-standard-4,17.79,0.194,3.4519,0
2025-12-04,AWS,RDS,us-east-1,analytics-read-replica,InstanceUsage:db.m5.large,23.4,0.38,8.892,0
2025-12-04,Azure,Azure Storage,eastus,stappprodlogs001,BlobStorage-GB,865.1,0.02,17.302,0
2025-12-05,Azure,Azure Storage,southeastasia,stappprodlogs001,BlobStorage-GB,1121.11,0.02,22.4223,0
2025-12-05,AWS,Lambda,us-west-2,auth-token-verifier,RequestCount,747001.46,2e-07,0.1494,0
2025-12-05,Azure,Azure Storage,southeastasia,stbackupdata002,BlobStorage-GB,857.05,0.02,17.141,0
2025-12-05,Azure,Azure Storage,westeurope,stappprodlogs001,BlobStorage-GB,1185.34,0.02,23.7067,0
2025-12-05,AWS,Lambda,us-west-2,event-processor,RequestCount,332510.13,2e-07,0.0665,0
2025-12-05,GCP,Cloud SQL,europe-west1,gcp-main-postgres-db,db-custom-2-7680,19.31,0.35,6.76,0
2025-12-05,Azure,Azure Storage,eastus,stbackupdata002,BlobStorage-GB,1046.5,0.02,20.93,0
2025-12-05,GCP,Compute Engine,us-central1,gcp-k8s-worker-1,n2-standard-4,19.89,0.194,3.859,0
2025-12-05,Azure,Azure Storage,eastus,stappprodlogs001,BlobStorage-GB,537.63,0.02,10.7526,0
2025-12-05,Azure,Azure VM,westeurope,vm-web-prod-01,Standard_D4s_v3,19.71,0.192,3.7852,0
2025-12-05,Azure,Azure Storage,eastus,stappprodlogs001,BlobStorage-GB,721.98,0.02,14.4395,0
2025-12-05,GCP,Cloud SQL,us-central1,gcp-main-postgres-db,db-custom-2-7680,21.66,0.35,7.5795,0
2025-12-05,Azure,Azure VM,eastus,vm-web-prod-01,Standard_D4s_v3,21.34,0.192,4.0971,0
2025-12-05,AWS,Lambda,us-east-1,image-resizer-worker,RequestCount,496243.77,2e-07,0.0992,0
2025-12-05,GCP,Compute Engine,europe-west1,gcp-k8s-worker-1,n2-standard-4,18.23,0.194,3.5361,0
2025-12-06,AWS,EC2,us-west-2,i-0a8f9c1d2e3f4,BoxUsage:t3.xlarge,23.53,0.1664,3.9159,0
2025-12-06,AWS,EC2,ap-southeast-1,i-0a8f9c1d2e3f4,BoxUsage:t3.xlarge,23.55,0.1664,3.9187,0
2025-12-06,AWS,Lambda,us-west-2,auth-token-verifier,RequestCount,352779.88,2e-07,0.0706,0
2025-12-06,GCP,Compute Engine,europe-west1,gcp-k8s-worker-2,n2-standard-4,20.86,0.194,4.0474,0
2025-12-06,GCP,Compute Engine,europe-west1,gcp-k8s-worker-1,n2-standard-4,23.74,0.194,4.605,0
2025-12-06,Azure,Azure VM,westeurope,vm-api-prod-02,Standard_D4s_v3,19.48,0.192,3.7399,0
2025-12-06,GCP,Cloud SQL,us-central1,gcp-main-postgres-db,db-custom-2-7680,21.58,0.35,7.5533,0
2025-12-06,GCP,Compute Engine,asia-east1,gcp-k8s-worker-2,n2-standard-4,19.44,0.194,3.7721,0
2025-12-06,AWS,RDS,ap-southeast-1,analytics-read-replica,InstanceUsage:db.m5.large,20.94,0.38,7.9564,0
2025-12-06,AWS,Lambda,us-east-1,auth-token-verifier,RequestCount,281183.12,2e-07,0.0562,0
2025-12-06,Azure,Azure VM,eastus,vm-api-prod-02,Standard_D4s_v3,20.79,0.192,3.9915,0
2025-12-06,Azure,Azure Storage,westeurope,stappprodlogs001,BlobStorage-GB,678.45,0.02,13.569,0
2025-12-06,GCP,Compute Engine,europe-west1,gcp-k8s-worker-1,n2-standard-4,22.54,0.194,4.3727,0
2025-12-06,GCP,Compute Engine,asia-east1,gcp-k8s-worker-1,n2-standard-4,23.24,0.194,4.5089,0
2025-12-06,AWS,S3,us-east-1,app-logs-archive,StandardStorage-GB,382.42,0.023,8.7957,0
2025-12-07,AWS,S3,us-east-1,app-logs-archive,StandardStorage-GB,946.09,0.023,21.7601,0
2025-12-07,AWS,EBS,ap-southeast-1,vol-0fe0d1c2b3a498765,VolumeUsage.gp3,389.37,0.08,31.15,0
2025-12-07,AWS,EBS,ap-southeast-1,vol-0fe0d1c2b3a498765,VolumeUsage.gp3,150.91,0.08,12.0724,0
2025-12-07,Azure,Azure Storage,eastus,stappprodlogs001,BlobStorage-GB,824.87,0.02,16.4974,0
2025-12-07,AWS,Lambda,us-west-2,event-processor,RequestCount,149934.1,2e-07,0.03,0
2025-12-07,GCP,Cloud SQL,asia-east1,gcp-main-postgres-db,db-custom-2-7680,19.29,0.35,6.7523,0
2025-12-07,GCP,Cloud SQL,europe-west1,gcp-main-postgres-db,db-custom-2-7680,22.46,0.35,7.8611,0
2025-12-07,Azure,Azure Storage,eastus,stappprodlogs001,BlobStorage-GB,649.69,0.02,12.9938,0
2025-12-07,GCP,Compute Engine,us-central1,gcp-k8s-worker-2,n2-standard-4,21.75,0.194,4.2186,0
2025-12-07,Azure,Azure VM,southeastasia,vm-web-prod-01,Standard_D4s_v3,23.36,0.192,4.4856,0
2025-12-07,Azure,Azure VM,eastus,vm-web-prod-01,Standard_D4s_v3,18.31,0.192,3.5157,0
2025-12-07,Azure,Azure Storage,southeastasia,stappprodlogs001,BlobStorage-GB,775.61,0.02,15.5122,0
2025-12-07,AWS,RDS,eu-west-1,prod-db-cluster-primary,InstanceUsage:db.m5.large,19.7,0.38,7.4858,0
2025-12-07,AWS,Lambda,eu-west-1,auth-token-verifier,RequestCount,370895.35,2e-07,0.0742,0
2025-12-08,AWS,Lambda,us-east-1,auth-token-verifier,RequestCount,371801.65,2e-07,0.0744,0
2025-12-08,GCP,Cloud SQL,europe-west1,gcp-main-postgres-db,db-custom-2-7680,22.27,0.35,7.7928,0
2025-12-08,GCP,Cloud SQL,europe-west1,gcp-main-postgres-db,db-custom-2-7680,24.74,0.35,8.6602,0
2025-12-08,Azure,Azure VM,eastus,vm-web-prod-01,Standard_D4s_v3,18.68,0.192,3.587,0
2025-12-08,Azure,Azure Storage,westeurope,stbackupdata002,BlobStorage-GB,461.72,0.02,9.2344,0
2025-12-08,AWS,RDS,us-west-2,prod-db-cluster-primary,InstanceUsage:db.m5.large,20.95,0.38,7.9624,0
2025-12-08,GCP,Cloud SQL,us-central1,gcp-main-postgres-db,db-custom-2-7680,19.84,0.35,6.9447,0
2025-12-08,AWS,Lambda,eu-west-1,event-processor,RequestCount,351199.21,2e-07,0.0702,0
2025-12-08,Azure,Azure Storage,southeastasia,stappprodlogs001,BlobStorage-GB,718.71,0.02,14.3743,0
2025-12-08,AWS,S3,us-west-2,user-media-storage-bucket,StandardStorage-GB,447.27,0.023,10.2873,0
2025-12-08,GCP,Compute Engine,us-central1,gcp-k8s-worker-1,n2-standard-4,20.49,0.194,3.9755,0
2025-12-08,AWS,EC2,us-west-2,i-0b7e6d5c4b3a2,BoxUsage:t3.xlarge,18.14,0.1664,3.0182,0
2025-12-08,Azure,Azure VM,westeurope,vm-web-prod-01,Standard_D4s_v3,18.37,0.192,3.5279,0
2025-12-08,GCP,Compute Engine,asia-east1,gcp-k8s-worker-1,n2-standard-4,21.39,0.194,4.1503,0
2025-12-08,Azure,Azure Storage,eastus,stappprodlogs001,BlobStorage-GB,1033.63,0.02,20.6726,0
2025-12-08,AWS,RDS,ap-southeast-1,analytics-read-replica,InstanceUsage:db.m5.large,20.55,0.38,7.8086,0
2025-12-09,GCP,Compute Engine,us-central1,gcp-k8s-worker-2,n2-standard-4,17.82,0.194,3.4562,0
2025-12-09,AWS,RDS,ap-southeast-1,analytics-read-replica,InstanceUsage:db.m5.large,22.79,0.38,8.6602,0
2025-12-09,Azure,Azure VM,eastus,vm-web-prod-01,Standard_D4s_v3,17.77,0.192,3.4114,0
2025-12-09,GCP,Compute Engine,us-central1,gcp-k8s-worker-2,n2-standard-4,19.95,0.194,3.8696,0
2025-12-09,Azure,Azure Storage,southeastasia,stbackupdata002,BlobStorage-GB,580.33,0.02,11.6067,0
2025-12-09,Azure,Azure VM,eastus,vm-web-prod-01,Standard_D4s_v3,22.45,0.192,4.3112,0
2025-12-09,GCP,Cloud SQL,asia-east1,gcp-main-postgres-db,db-custom-2-7680,19.37,0.35,6.778,0
2025-12-09,AWS,EC2,eu-west-1,i-0b7e6d5c4b3a2,BoxUsage:t3.xlarge,19.04,0.1664,3.1683,0
2025-12-09,Azure,Azure Storage,southeastasia,stbackupdata002,BlobStorage-GB,1279.8,0.02,25.5961,0
2025-12-09,Azure,Azure VM,southeastasia,vm-web-prod-01,Standard_D4s_v3,22.48,0.192,4.3167,0
2025-12-09,AWS,EC2,us-east-1,i-0a8f9c1d2e3f4,BoxUsage:t3.xlarge,22.78,0.1664,3.7909,0
2025-12-09,GCP,Compute Engine,europe-west1,gcp-k8s-worker-1,n2-standard-4,22.59,0.194,4.3817,0
2025-12-09,GCP,Compute Engine,us-central1,gcp-k8s-worker-2,n2-standard-4,18.78,0.194,3.6434,0
2025-12-09,GCP,Cloud SQL,asia-east1,gcp-main-postgres-db,db-custom-2-7680,23.56,0.35,8.2474,0
2025-12-09,Azure,Azure Storage,southeastasia,stbackupdata002,BlobStorage-GB,953.87,0.02,19.0773,0
2025-12-09,GCP,Compute Engine,asia-east1,gcp-k8s-worker-1,n2-standard-4,19.48,0.194,3.7797,0
2025-12-10,AWS,EBS,us-east-1,vol-0123456789abcdef0,VolumeUsage.gp3,286.82,0.08,22.9454,0
2025-12-10,AWS,EC2,us-east-1,i-0c9d8e7f6a5b4,BoxUsage:t3.xlarge,24.31,0.1664,4.0445,0
2025-12-10,Azure,Azure VM,southeastasia,vm-api-prod-02,Standard_D4s_v3,19.16,0.192,3.6782,0
2025-12-10,GCP,Compute Engine,europe-west1,gcp-k8s-worker-2,n2-standard-4,24.67,0.194,4.7866,0
2025-12-10,GCP,Cloud SQL,asia-east1,gcp-main-postgres-db,db-custom-2-7680,20.9,0.35,7.3142,0
2025-12-10,AWS,RDS,us-east-1,analytics-read-replica,InstanceUsage:db.m5.large,24.59,0.38,9.3454,0
2025-12-10,AWS,RDS,ap-southeast-1,analytics-read-replica,InstanceUsage:db.m5.large,22.41,0.38,8.5171,0
2025-12-10,AWS,EC2,ap-southeast-1,i-0d1e2f3a4b5c6,BoxUsage:t3.xlarge,23.22,0.1664,3.8633,0
2025-12-10,Azure,Azure Storage,southeastasia,stbackupdata002,BlobStorage-GB,1546.9,0.02,30.938,0
2025-12-10,GCP,Cloud SQL,europe-west1,gcp-main-postgres-db,db-custom-2-7680,23.27,0.35,8.1446,0
2025-12-10,GCP,Compute Engine,us-central1,gcp-k8s-worker-1,n2-standard-4,20.09,0.194,3.8972,0
2025-12-10,AWS,EC2,us-east-1,i-0c9d8e7f6a5b4,BoxUsage:t3.xlarge,21.4,0.1664,3.5611,0
2025-12-10,Azure,Azure VM,southeastasia,vm-web-prod-01,Standard_D4s_v3,21.23,0.192,4.0763,0
2025-12-10,Azure,Azure Storage,westeurope,stappprodlogs001,BlobStorage-GB,1527.79,0.02,30.5558,0
2025-12-11,Azure,Azure VM,southeastasia,vm-api-prod-02,Standard_D4s_v3,19.19,0.192,3.6849,0
2025-12-11,Azure,Azure Storage,eastus,stbackupdata002,BlobStorage-GB,1320.92,0.02,26.4184,0
2025-12-11,AWS,EBS,us-west-2,vol-0123456789abcdef0,VolumeUsage.gp3,259.11,0.08,20.7287,0
2025-12-11,Azure,Azure Storage,westeurope,stbackupdata002,BlobStorage-GB,1332.69,0.02,26.6539,0
2025-12-11,GCP,Compute Engine,europe-west1,gcp-k8s-worker-1,n2-standard-4,20.87,0.194,4.0492,0
2025-12-11,AWS,EC2,eu-west-1,i-0b7e6d5c4b3a2,BoxUsage:t3.xlarge,24.17,0.1664,4.0219,0
2025-12-11,AWS,RDS,us-east-1,prod-db-cluster-primary,InstanceUsage:db.m5.large,20.85,0.38,7.9229,0
2025-12-11,GCP,Compute Engine,asia-east1,gcp-k8s-worker-2,n2-standard-4,20.82,0.194,4.0397,0
2025-12-11,GCP,Compute Engine,asia-east1,gcp-k8s-worker-2,n2-standard-4,20.7,0.194,4.0159,0
2025-12-11,Azure,Azure VM,southeastasia,vm-api-prod-02,Standard_D4s_v3,24.23,0.192,4.6527,0
2025-12-11,GCP,Compute Engine,asia-east1,gcp-k8s-worker-1,n2-standard-4,23.85,0.194,4.6277,0
2025-12-11,Azure,Azure Storage,westeurope,stappprodlogs001,BlobStorage-GB,1210.85,0.02,24.2171,0
2025-12-11,GCP,Compute Engine,us-central1,gcp-k8s-worker-2,n2-standard-4,22.83,0.194,4.4294,0
2025-12-11,GCP,Compute Engine,us-central1,gcp-k8s-worker-1,n2-standard-4,19.86,0.194,3.8538,0
2025-12-11,GCP,Cloud SQL,us-central1,gcp-main-postgres-db,db-custom-2-7680,23.78,0.35,8.3221,0
2025-12-11,GCP,Cloud SQL,asia-east1,gcp-main-postgres-db,db-custom-2-7680,22.59,0.35,7.9057,0
2025-12-12,Azure,Azure VM,eastus,vm-web-prod-01,Standard_D4s_v3,19.43,0.192,3.7302,0
2025-12-12,GCP,Cloud SQL,asia-east1,gcp-main-postgres-db,db-custom-2-7680,24.18,0.35,8.4641,0
2025-12-12,AWS,RDS,ap-southeast-1,prod-db-cluster-primary,InstanceUsage:db.m5.large,22.87,0.38,8.6906,0
2025-12-12,AWS,Lambda,ap-southeast-1,event-processor,RequestCount,718519.35,2e-07,0.1437,0
2025-12-12,GCP,Compute Engine,europe-west1,gcp-k8s-worker-1,n2-standard-4,23.15,0.194,4.4907,0
2025-12-12,Azure,Azure Storage,eastus,stappprodlogs001,BlobStorage-GB,655.85,0.02,13.1169,0
2025-12-12,AWS,RDS,ap-southeast-1,prod-db-cluster-primary,InstanceUsage:db.m5.large,22.18,0.38,8.4285,0
2025-12-12,GCP,Cloud SQL,us-central1,gcp-main-postgres-db,db-custom-2-7680,21.91,0.35,7.6685,0
2025-12-12,Azure,Azure Storage,southeastasia,stbackupdata002,BlobStorage-GB,1527.73,0.02,30.5547,0
2025-12-12,Azure,Azure Storage,westeurope,stappprodlogs001,BlobStorage-GB,1497.31,0.02,29.9463,0
2025-12-12,GCP,Compute Engine,asia-east1,gcp-k8s-worker-1,n2-standard-4,24.19,0.194,4.6928,0
2025-12-12,Azure,Azure VM,westeurope,vm-web-prod-01,Standard_D4s_v3,22.31,0.192,4.2826,0
2025-12-12,Azure,Azure Storage,southeastasia,stappprodlogs001,BlobStorage-GB,963.81,0.02,19.2762,0
2025-12-12,Azure,Azure VM,southeastasia,vm-api-prod-02,Standard_D4s_v3,20.52,0.192,3.9404,0
2025-12-13,Azure,Azure VM,eastus,vm-web-prod-01,Standard_D4s_v3,21.78,0.192,4.1813,0
2025-12-13,AWS,S3,us-west-2,user-media-storage-bucket,StandardStorage-GB,1039.99,0.023,23.9199,0
2025-12-13,Azure,Azure VM,southeastasia,vm-web-prod-01,Standard_D4s_v3,20.98,0.192,4.028,0
2025-12-13,Azure,Azure Storage,eastus,stbackupdata002,BlobStorage-GB,1167.25,0.02,23.345,0
2025-12-13,AWS,S3,eu-west-1,prod-analytics-data-dump,StandardStorage-GB,1153.83,0.023,26.5381,0
2025-12-13,Azure,Azure Storage,southeastasia,stappprodlogs001,BlobStorage-GB,903.89,0.02,18.0778,0
2025-12-13,AWS,EBS,eu-west-1,vol-0123456789abcdef0,VolumeUsage.gp3,128.82,0.08,10.3054,0
2025-12-13,GCP,Compute Engine,us-central1,gcp-k8s-worker-1,n2-standard-4,17.93,0.194,3.4794,0
2025-12-13,GCP,Compute Engine,asia-east1,gcp-k8s-worker-2,n2-standard-4,23.77,0.194,4.612,0
2025-12-13,GCP,Compute Engine,europe-west1,gcp-k8s-worker-1,n2-standard-4,21.01,0.194,4.0752,0
2025-12-13,Azure,Azure VM,eastus,vm-api-prod-02,Standard_D4s_v3,19.13,0.192,3.6733,0
2025-12-13,GCP,Compute Engine,europe-west1,gcp-k8s-worker-2,n2-standard-4,24.49,0.194,4.7504,0
2025-12-13,GCP,Compute Engine,us-central1,gcp-k8s-worker-2,n2-standard-4,20.12,0.194,3.9036,0
2025-12-13,Azure,Azure VM,eastus,vm-web-prod-01,Standard_D4s_v3,18.48,0.192,3.5482,0
2025-12-13,GCP,Compute Engine,europe-west1,gcp-k8s-worker-2,n2-standard-4,19.95,0.194,3.8705,0
2025-12-13,GCP,Cloud SQL,us-central1,gcp-main-postgres-db,db-custom-2-7680,22.34,0.35,7.8179,0
2025-12-14,AWS,EBS,us-west-2,vol-0123456789abcdef0,VolumeUsage.gp3,158.13,0.08,12.6505,0
2025-12-14,Azure,Azure VM,westeurope,vm-api-prod-02,Standard_D4s_v3,20.08,0.192,3.856,0
2025-12-14,GCP,Cloud SQL,asia-east1,gcp-main-postgres-db,db-custom-2-7680,22.81,0.35,7.9847,0
2025-12-14,Azure,Azure Storage,eastus,stbackupdata002,BlobStorage-GB,1213.27,0.02,24.2654,0
2025-12-14,AWS,Lambda,us-east-1,auth-token-verifier,RequestCount,228103.93,2e-07,0.0456,0
2025-12-14,Azure,Azure Storage,eastus,stappprodlogs001,BlobStorage-GB,672.83,0.02,13.4565,0
2025-12-14,AWS,EBS,ap-southeast-1,vol-0123456789abcdef0,VolumeUsage.gp3,222.21,0.08,17.7772,0
2025-12-14,Azure,Azure VM,southeastasia,vm-web-prod-01,Standard_D4s_v3,17.78,0.192,3.4131,0
2025-12-14,GCP,Compute Engine,europe-west1,gcp-k8s-worker-1,n2-standard-4,20.47,0.194,3.9717,0
2025-12-14,GCP,Compute Engine,asia-east1,gcp-k8s-worker-2,n2-standard-4,21.7,0.194,4.209,0
2025-12-14,GCP,Compute Engine,asia-east1,gcp-k8s-worker-1,n2-standard-4,18.85,0.194,3.6566,0
2025-12-14,AWS,Lambda,ap-southeast-1,auth-token-verifier,RequestCount,774757.56,2e-07,0.155,0
2025-12-14,Azure,Azure VM,southeastasia,vm-api-prod-02,Standard_D4s_v3,19.85,0.192,3.8118,0
2025-12-14,GCP,Compute Engine,asia-east1,gcp-k8s-worker-2,n2-standard-4,20.11,0.194,3.9014,0
2025-12-15,Azure,Azure Storage,westeurope,stbackupdata002,BlobStorage-GB,510.1,0.02,10.2019,0
2025-12-15,GCP,Compute Engine,europe-west1,gcp-k8s-worker-2,n2-standard-4,17.43,0.194,3.3822,0
2025-12-15,Azure,Azure VM,eastus,vm-api-prod-02,Standard_D4s_v3,18.92,0.192,3.6333,0
2025-12-15,AWS,RDS,us-west-2,prod-db-cluster-primary,InstanceUsage:db.m5.large,21.12,0.38,8.0272,0
2025-12-15,Azure,Azure VM,westeurope,vm-api-prod-02,Standard_D4s_v3,20.01,0.192,3.8425,0
2025-12-15,GCP,Compute Engine,us-central1,gcp-k8s-worker-1,n2-standard-4,19.46,0.194,3.7751,0
2025-12-15,AWS,EBS,us-east-1,vol-0fe0d1c2b3a498765,VolumeUsage.gp3,494.34,0.08,39.5471,0
2025-12-15,AWS,RDS,us-west-2,analytics-read-replica,InstanceUsage:db.m5.large,22.11,0.38,8.4005,0
2025-12-15,GCP,Compute Engine,europe-west1,gcp-k8s-worker-1,n2-standard-4,22.59,0.194,4.3828,0
2025-12-15,Azure,Azure VM,westeurope,vm-web-prod-01,Standard_D4s_v3,20.91,0.192,4.015,0
2025-12-15,AWS,S3,us-east-1,prod-analytics-data-dump,StandardStorage-GB,974.32,0.023,22.4093,0
2025-12-15,Azure,Azure VM,southeastasia,vm-web-prod-01,Standard_D4s_v3,17.98,0.192,3.4522,0
2025-12-15,GCP,Compute Engine,europe-west1,gcp-k8s-worker-1,n2-standard-4,23.46,0.194,4.551,0
2025-12-15,Azure,Azure Storage,southeastasia,stbackupdata002,BlobStorage-GB,698.33,0.02,13.9666,0
2025-12-15,GCP,Compute Engine,asia-east1,gcp-k8s-worker-2,n2-standard-4,22.77,0.194,4.4183,0
2025-12-16,Azure,Azure VM,southeastasia,vm-web-prod-01,Standard_D4s_v3,18.91,0.192,3.6315,0
2025-12-16,GCP,Compute Engine,us-central1,gcp-k8s-worker-1,n2-standard-4,17.92,0.194,3.477,0
2025-12-16,Azure,Azure VM,southeastasia,vm-web-prod-01,Standard_D4s_v3,19.81,0.192,3.8033,0
2025-12-16,Azure,Azure VM,westeurope,vm-web-prod-01,Standard_D4s_v3,21.84,0.192,4.1941,0
2025-12-16,Azure,Azure VM,southeastasia,vm-web-prod-01,Standard_D4s_v3,21.68,0.192,4.1624,0
2025-12-16,Azure,Azure VM,westeurope,vm-api-prod-02,Standard_D4s_v3,19.71,0.192,3.7847,0
2025-12-16,Azure,Azure VM,eastus,vm-web-prod-01,Standard_D4s_v3,21.91,0.192,4.2065,0
2025-12-16,GCP,Compute Engine,europe-west1,gcp-k8s-worker-2,n2-standard-4,21.9,0.194,4.2486,0
2025-12-16,Azure,Azure Storage,eastus,stappprodlogs001,BlobStorage-GB,1183.62,0.02,23.6725,0
2025-12-16,GCP,Compute Engine,us-central1,gcp-k8s-worker-1,n2-standard-4,18.99,0.194,3.6837,0
2025-12-16,Azure,Azure VM,eastus,vm-api-prod-02,Standard_D4s_v3,21.37,0.192,4.1029,0
2025-12-16,Azure,Azure VM,southeastasia,vm-api-prod-02,Standard_D4s_v3,18.54,0.192,3.5588,0
2025-12-16,AWS,RDS,us-west-2,analytics-read-replica,InstanceUsage:db.m5.large,21.15,0.38,8.0358,0
2025-12-16,AWS,EBS,us-west-2,vol-0fe0d1c2b3a498765,VolumeUsage.gp3,149.35,0.08,11.9481,0
2025-12-16,AWS,Lambda,eu-west-1,auth-token-verifier,RequestCount,170800.49,2e-07,0.0342,0
2025-12-16,GCP,Cloud SQL,us-central1,gcp-main-postgres-db,db-custom-2-7680,21.95,0.35,7.6826,0
2025-12-17,GCP,Compute Engine,us-central1,gcp-k8s-worker-2,n2-standard-4,22.55,0.194,4.3745,0
2025-12-17,GCP,Compute Engine,us-central1,gcp-k8s-worker-1,n2-standard-4,19.25,0.194,3.7339,0
2025-12-17,GCP,Cloud SQL,europe-west1,gcp-main-postgres-db,db-custom-2-7680,23.25,0.35,8.1361,0
2025-12-17,AWS,S3,us-east-1,prod-analytics-data-dump,StandardStorage-GB,862.03,0.023,19.8268,0
2025-12-17,GCP,Cloud SQL,us-central1,gcp-main-postgres-db,db-custom-2-7680,20.6,0.35,7.2094,0
2025-12-17,AWS,RDS,eu-west-1,analytics-read-replica,InstanceUsage:db.m5.large,23.17,0.38,8.8062,0
2025-12-17,Azure,Azure Storage,eastus,stappprodlogs001,BlobStorage-GB,1156.62,0.02,23.1324,0
2025-12-17,GCP,Compute Engine,europe-west1,gcp-k8s-worker-1,n2-standard-4,19.49,0.194,3.7816,0
2025-12-17,AWS,EC2,eu-west-1,i-0b7e6d5c4b3a2,BoxUsage:t3.xlarge,19.28,0.1664,3.2076,0
2025-12-17,GCP,Cloud SQL,us-central1,gcp-main-postgres-db,db-custom-2-7680,22.83,0.35,7.9903,0
2025-12-17,AWS,RDS,us-east-1,analytics-read-replica,InstanceUsage:db.m5.large,22.4,0.38,8.5121,0
2025-12-17,AWS,RDS,ap-southeast-1,analytics-read-replica,InstanceUsage:db.m5.large,20.1,0.38,7.6389,0
2025-12-17,Azure,Azure Storage,southeastasia,stbackupdata002,BlobStorage-GB,1226.35,0.02,24.5271,0
2025-12-17,AWS,Lambda,us-east-1,event-processor,RequestCount,248485.76,2e-07,0.0497,0
2025-12-18,GCP,Compute Engine,asia-east1,gcp-k8s-worker-2,n2-standard-4,23.1,0.194,4.4806,0
2025-12-18,AWS,RDS,us-west-2,analytics-read-replica,InstanceUsage:db.m5.large,21.69,0.38,8.2409,0
2025-12-18,Azure,Azure VM,westeurope,vm-api-prod-02,Standard_D4s_v3,19.07,0.192,3.6608,0
2025-12-18,GCP,Cloud SQL,europe-west1,gcp-main-postgres-db,db-custom-2-7680,24.7,0.35,8.6462,0
2025-12-18,GCP,Compute Engine,us-central1,gcp-k8s-worker-1,n2-standard-4,17.74,0.194,3.4406,0
2025-12-18,GCP,Compute Engine,europe-west1,gcp-k8s-worker-1,n2-standard-4,20.19,0.194,3.9169,0
2025-12-18,AWS,S3,us-west-2,prod-analytics-data-dump,StandardStorage-GB,763.97,0.023,17.5713,0
2025-12-18,GCP,Cloud SQL,europe-west1,gcp-main-postgres-db,db-custom-2-7680,21.66,0.35,7.5805,0
2025-12-18,GCP,Compute Engine,asia-east1,gcp-k8s-worker-1,n2-standard-4,23.95,0.194,4.6456,0
2025-12-18,Azure,Azure Storage,southeastasia,stbackupdata002,BlobStorage-GB,596.46,0.02,11.9293,0
2025-12-18,GCP,Compute Engine,us-central1,gcp-k8s-worker-2,n2-standard-4,22.24,0.194,4.3144,0
2025-12-18,GCP,Compute Engine,asia-east1,gcp-k8s-worker-1,n2-standard-4,22.21,0.194,4.3087,0
2025-12-18,AWS,S3,eu-west-1,app-logs-archive,StandardStorage-GB,1146.11,0.023,26.3606,0
2025-12-18,Azure,Azure VM,westeurope,vm-api-prod-02,Standard_D4s_v3,22.1,0.192,4.2425,0
2025-12-18,Azure,Azure Storage,westeurope,stappprodlogs001,BlobStorage-GB,709.19,0.02,14.1839,0
2025-12-19,Azure,Azure VM,westeurope,vm-api-prod-02,Standard_D4s_v3,20.34,0.192,3.9044,0
2025-12-19,GCP,Compute Engine,us-central1,gcp-k8s-worker-1,n2-standard-4,21.01,0.194,4.0762,0
2025-12-19,GCP,Cloud SQL,asia-east1,gcp-main-postgres-db,db-custom-2-7680,19.17,0.35,6.7079,0
2025-12-19,GCP,Compute Engine,us-central1,gcp-k8s-worker-1,n2-standard-4,21.93,0.194,4.2537,0
2025-12-19,AWS,S3,ap-southeast-1,user-media-storage-bucket,StandardStorage-GB,439.36,0.023,10.1053,0
2025-12-19,AWS,Lambda,us-east-1,image-resizer-worker,RequestCount,210165.34,2e-07,0.042,0
2025-12-19,GCP,Cloud SQL,us-central1,gcp-main-postgres-db,db-custom-2-7680,21.42,0.35,7.4962,0
2025-12-19,GCP,Compute Engine,us-central1,gcp-k8s-worker-1,n2-standard-4,22.09,0.194,4.2863,0
2025-12-19,GCP,Compute Engine,europe-west1,gcp-k8s-worker-1,n2-standard-4,19.36,0.194,3.7557,0
2025-12-19,Azure,Azure VM,southeastasia,vm-web-prod-01,Standard_D4s_v3,23.05,0.192,4.4253,0
2025-12-19,AWS,EC2,ap-southeast-1,i-0b7e6d5c4b3a2,BoxUsage:t3.xlarge,21.03,0.1664,3.4995,0
2025-12-19,Azure,Azure VM,eastus,vm-api-prod-02,Standard_D4s_v3,21.43,0.192,4.1145,0
2025-12-19,AWS,S3,ap-southeast-1,app-logs-archive,StandardStorage-GB,452.29,0.023,10.4027,0
2025-12-19,Azure,Azure VM,westeurope,vm-web-prod-01,Standard_D4s_v3,20.89,0.192,4.0118,0
2025-12-19,GCP,Cloud SQL,us-central1,gcp-main-postgres-db,db-custom-2-7680,21.4,0.35,7.4913,0
2025-12-19,GCP,Compute Engine,europe-west1,gcp-k8s-worker-2,n2-standard-4,18.71,0.194,3.6301,0
2025-12-20,Azure,Azure Storage,eastus,stbackupdata002,BlobStorage-GB,936.82,0.02,18.7364,0
2025-12-20,AWS,RDS,ap-southeast-1,prod-db-cluster-primary,InstanceUsage:db.m5.large,22.64,0.38,8.6021,0
2025-12-20,GCP,Compute Engine,asia-east1,gcp-k8s-worker-1,n2-standard-4,18.45,0.194,3.5783,0
2025-12-20,GCP,Compute Engine,europe-west1,gcp-k8s-worker-1,n2-standard-4,21.32,0.194,4.1365,0
2025-12-20,AWS,Lambda,ap-southeast-1,event-processor,RequestCount,449484.44,2e-07,0.0899,0
2025-12-20,GCP,Cloud SQL,asia-east1,gcp-main-postgres-db,db-custom-2-7680,21.46,0.35,7.5119,0
2025-12-20,AWS,S3,ap-southeast-1,user-media-storage-bucket,StandardStorage-GB,582.91,0.023,13.4068,0
2025-12-20,AWS,EC2,ap-southeast-1,i-0c9d8e7f6a5b4,BoxUsage:t3.xlarge,18.54,0.1664,3.0844,0
2025-12-20,AWS,Lambda,ap-southeast-1,event-processor,RequestCount,689128.9,2e-07,0.1378,0
2025-12-20,Azure,Azure VM,eastus,vm-web-prod-01,Standard_D4s_v3,21.87,0.192,4.1988,0
2025-12-20,Azure,Azure Storage,eastus,stbackupdata002,BlobStorage-GB,1430.63,0.02,28.6126,0
2025-12-20,AWS,Lambda,us-west-2,event-processor,RequestCount,588261.11,2e-07,0.1177,0
2025-12-20,AWS,EC2,us-west-2,i-0b7e6d5c4b3a2,BoxUsage:t3.xlarge,20.23,0.1664,3.3663,0
2025-12-20,Azure,Azure Storage,eastus,stbackupdata002,BlobStorage-GB,552.63,0.02,11.0527,0
2025-12-21,Azure,Azure VM,eastus,vm-api-prod-02,Standard_D4s_v3,18.23,0.192,3.5007,0
2025-12-21,Azure,Azure VM,westeurope,vm-web-prod-01,Standard_D4s_v3,18.37,0.192,3.5278,0
2025-12-21,Azure,Azure Storage,westeurope,stappprodlogs001,BlobStorage-GB,454.23,0.02,9.0845,0
2025-12-21,Azure,Azure VM,southeastasia,vm-web-prod-01,Standard_D4s_v3,22.83,0.192,4.3829,0
2025-12-21,Azure,Azure VM,southeastasia,vm-web-prod-01,Standard_D4s_v3,19.49,0.192,3.7429,0
2025-12-21,GCP,Compute Engine,europe-west1,gcp-k8s-worker-1,n2-standard-4,18.83,0.194,3.6528,0
2025-12-21,GCP,Cloud SQL,asia-east1,gcp-main-postgres-db,db-custom-2-7680,23.68,0.35,8.2896,0
2025-12-21,AWS,EBS,us-east-1,vol-0fe0d1c2b3a498765,VolumeUsage.gp3,169.88,0.08,13.5902,0
2025-12-21,GCP,Compute Engine,europe-west1,gcp-k8s-worker-1,n2-standard-4,19.66,0.194,3.8144,0
2025-12-21,GCP,Cloud SQL,europe-west1,gcp-main-postgres-db,db-custom-2-7680,22.76,0.35,7.9666,0
2025-12-21,GCP,Cloud SQL,us-central1,gcp-main-postgres-db,db-custom-2-7680,21.09,0.35,7.3824,0
2025-12-21,AWS,S3,eu-west-1,prod-analytics-data-dump,StandardStorage-GB,355.4,0.023,8.1741,0
2025-12-21,AWS,EC2,us-east-1,i-0d1e2f3a4b5c6,BoxUsage:t3.xlarge,23.87,0.1664,3.9724,0
2025-12-21,GCP,Compute Engine,europe-west1,gcp-k8s-worker-1,n2-standard-4,22.01,0.194,4.2705,0
2025-12-21,Azure,Azure VM,eastus,vm-web-prod-01,Standard_D4s_v3,17.68,0.192,3.3937,0
2025-12-21,AWS,EBS,us-west-2,vol-0123456789abcdef0,VolumeUsage.gp3,107.82,0.08,8.6257,0
2025-12-22,Azure,Azure VM,eastus,vm-api-prod-02,Standard_D4s_v3,21.15,0.192,4.0599,0
2025-12-22,Azure,Azure VM,westeurope,vm-web-prod-01,Standard_D4s_v3,20.05,0.192,3.8487,0
2025-12-22,GCP,Compute Engine,us-central1,gcp-k8s-worker-2,n2-standard-4,17.68,0.194,3.4297,0
2025-12-22,Azure,Azure VM,southeastasia,vm-api-prod-02,Standard_D4s_v3,20.4,0.192,3.916,0
2025-12-22,GCP,Cloud SQL,europe-west1,gcp-main-postgres-db,db-custom-2-7680,21.06,0.35,7.3716,0
2025-12-22,GCP,Compute Engine,asia-east1,gcp-k8s-worker-1,n2-standard-4,23.96,0.194,4.649,0
2025-12-22,AWS,S3,ap-southeast-1,user-media-storage-bucket,StandardStorage-GB,1244.35,0.023,28.6201,0
2025-12-22,Azure,Azure VM,westeurope,vm-web-prod-01,Standard_D4s_v3,18.84,0.192,3.6173,0
2025-12-22,GCP,Compute Engine,asia-east1,gcp-k8s-worker-1,n2-standard-4,18.68,0.194,3.6234,0
2025-12-22,Azure,Azure VM,southeastasia,vm-web-prod-01,Standard_D4s_v3,20.78,0.192,3.9903,0
2025-12-22,Azure,Azure Storage,westeurope,stappprodlogs001,BlobStorage-GB,737.76,0.02,14.7553,0
2025-12-22,AWS,EC2,eu-west-1,i-0a8f9c1d2e3f4,BoxUsage:t3.xlarge,22.5,0.1664,3.7435,0
2025-12-22,AWS,RDS,us-east-1,prod-db-cluster-primary,InstanceUsage:db.m5.large,22.9,0.38,8.7004,0
2025-12-22,GCP,Compute Engine,asia-east1,gcp-k8s-worker-1,n2-standard-4,24.03,0.194,4.6612,0
2025-12-23,Azure,Azure VM,southeastasia,vm-api-prod-02,Standard_D4s_v3,18.25,0.192,3.5035,0
2025-12-23,AWS,RDS,ap-southeast-1,prod-db-cluster-primary,InstanceUsage:db.m5.large,21.64,0.38,8.2231,0
2025-12-23,GCP,Cloud SQL,europe-west1,gcp-main-postgres-db,db-custom-2-7680,21.6,0.35,7.5605,0
2025-12-23,Azure,Azure Storage,eastus,stappprodlogs001,BlobStorage-GB,602.46,0.02,12.0492,0
2025-12-23,AWS,EBS,ap-southeast-1,vol-0123456789abcdef0,VolumeUsage.gp3,468.01,0.08,37.4405,0
2025-12-23,GCP,Compute Engine,europe-west1,gcp-k8s-worker-1,n2-standard-4,21.45,0.194,4.1608,0
2025-12-23,Azure,Azure Storage,eastus,stbackupdata002,BlobStorage-GB,523.37,0.02,10.4674,0
2025-12-23,AWS,Lambda,ap-southeast-1,auth-token-verifier,RequestCount,364467.89,2e-07,0.0729,0
2025-12-23,Azure,Azure VM,eastus,vm-api-prod-02,Standard_D4s_v3,23.63,0.192,4.5376,0
2025-12-23,GCP,Compute Engine,us-central1,gcp-k8s-worker-1,n2-standard-4,19.07,0.194,3.6987,0
2025-12-23,Azure,Azure VM,southeastasia,vm-web-prod-01,Standard_D4s_v3,21.88,0.192,4.2004,0
2025-12-23,GCP,Cloud SQL,europe-west1,gcp-main-postgres-db,db-custom-2-7680,22.74,0.35,7.9602,0
2025-12-23,Azure,Azure Storage,southeastasia,stappprodlogs001,BlobStorage-GB,886.01,0.02,17.7203,0
2025-12-23,GCP,Compute Engine,us-central1,gcp-k8s-worker-2,n2-standard-4,18.89,0.194,3.6656,0
2025-12-23,Azure,Azure Storage,westeurope,stbackupdata002,BlobStorage-GB,503.4,0.02,10.0681,0
2025-12-24,Azure,Azure VM,southeastasia,vm-api-prod-02,Standard_D4s_v3,21.79,0.192,4.1844,0
2025-12-24,AWS,EC2,us-east-1,i-0a8f9c1d2e3f4,BoxUsage:t3.xlarge,22.15,0.1664,3.6865,0
2025-12-24,GCP,Cloud SQL,asia-east1,gcp-main-postgres-db,db-custom-2-7680,23.81,0.35,8.3331,0
2025-12-24,AWS,EBS,ap-southeast-1,vol-0fe0d1c2b3a498765,VolumeUsage.gp3,217.43,0.08,17.3941,0
2025-12-24,AWS,S3,ap-southeast-1,user-media-storage-bucket,StandardStorage-GB,639.16,0.023,14.7008,0
2025-12-24,Azure,Azure Storage,westeurope,stbackupdata002,BlobStorage-GB,1001.35,0.02,20.027,0
2025-12-24,AWS,EBS,us-east-1,vol-0fe0d1c2b3a498765,VolumeUsage.gp3,404.92,0.08,32.3939,0
2025-12-24,GCP,Compute Engine,us-central1,gcp-k8s-worker-1,n2-standard-4,21.77,0.194,4.223,0
2025-12-24,GCP,Compute Engine,asia-east1,gcp-k8s-worker-2,n2-standard-4,18.74,0.194,3.6355,0
2025-12-24,Azure,Azure VM,westeurope,vm-web-prod-01,Standard_D4s_v3,22.11,0.192,4.2457,0
2025-12-24,AWS,Lambda,eu-west-1,auth-token-verifier,RequestCount,665794.96,2e-07,0.1332,0
2025-12-24,GCP,Compute Engine,europe-west1,gcp-k8s-worker-2,n2-standard-4,18.81,0.194,3.6486,0
2025-12-24,Azure,Azure VM,southeastasia,vm-web-prod-01,Standard_D4s_v3,18.78,0.192,3.6058,0
2025-12-24,Azure,Azure VM,southeastasia,vm-api-prod-02,Standard_D4s_v3,20.52,0.192,3.9395,0
2025-12-24,Azure,Azure Storage,eastus,stappprodlogs001,BlobStorage-GB,777.86,0.02,15.5571,0
2025-12-25,Azure,Azure Storage,eastus,stappprodlogs001,BlobStorage-GB,1086.67,0.02,21.7334,0
2025-12-25,AWS,EBS,us-east-1,vol-0fe0d1c2b3a498765,VolumeUsage.gp3,112.7,0.08,9.0159,0
2025-12-25,AWS,EC2,ap-southeast-1,i-0a8f9c1d2e3f4,BoxUsage:t3.xlarge,21.97,0.1664,3.6563,0
2025-12-25,GCP,Cloud SQL,asia-east1,gcp-main-postgres-db,db-custom-2-7680,23.09,0.35,8.0798,0
2025-12-25,AWS,S3,us-east-1,app-logs-archive,StandardStorage-GB,810.39,0.023,18.639,0
2025-12-25,GCP,Compute Engine,europe-west1,gcp-k8s-worker-2,n2-standard-4,20.97,0.194,4.0678,0
2025-12-25,AWS,EBS,ap-southeast-1,vol-0123456789abcdef0,VolumeUsage.gp3,470.55,0.08,37.6437,0
2025-12-25,Azure,Azure Storage,westeurope,stappprodlogs001,BlobStorage-GB,1526.79,0.02,30.5358,0
2025-12-25,Azure,Azure VM,eastus,vm-api-prod-02,Standard_D4s_v3,17.34,0.192,3.3289,0
2025-12-25,AWS,EBS,eu-west-1,vol-0fe0d1c2b3a498765,VolumeUsage.gp3,441.2,0.08,35.2959,0
2025-12-25,Azure,Azure Storage,southeastasia,stbackupdata002,BlobStorage-GB,403.25,0.02,8.065,0
2025-12-25,Azure,Azure VM,eastus,vm-api-prod-02,Standard_D4s_v3,23.35,0.192,4.4824,0
2025-12-25,AWS,RDS,ap-southeast-1,prod-db-cluster-primary,InstanceUsage:db.m5.large,20.8,0.38,7.9022,0
2025-12-25,AWS,Lambda,us-east-1,event-processor,RequestCount,414210.01,2e-07,0.0828,0
2025-12-25,AWS,EBS,ap-southeast-1,vol-0123456789abcdef0,VolumeUsage.gp3,342.81,0.08,27.4251,0
2025-12-26,GCP,Compute Engine,us-central1,gcp-k8s-worker-2,n2-standard-4,22.84,0.194,4.4303,0
2025-12-26,AWS,RDS,us-west-2,prod-db-cluster-primary,InstanceUsage:db.m5.large,23.63,0.38,8.9798,0
2025-12-26,GCP,Cloud SQL,europe-west1,gcp-main-postgres-db,db-custom-2-7680,22.71,0.35,7.9486,0
2025-12-26,AWS,EC2,eu-west-1,i-0b7e6d5c4b3a2,BoxUsage:t3.xlarge,19.76,0.1664,3.2881,0
2025-12-26,AWS,EBS,us-east-1,vol-0123456789abcdef0,VolumeUsage.gp3,184.0,0.08,14.72,0
2025-12-26,GCP,Compute Engine,us-central1,gcp-k8s-worker-2,n2-standard-4,23.92,0.194,4.6408,0
2025-12-26,AWS,RDS,eu-west-1,analytics-read-replica,InstanceUsage:db.m5.large,19.95,0.38,7.5815,0
2025-12-26,Azure,Azure VM,eastus,vm-api-prod-02,Standard_D4s_v3,19.87,0.192,3.8155,0
2025-12-26,AWS,Lambda,us-east-1,image-resizer-worker,RequestCount,651143.72,2e-07,0.1302,0
2025-12-26,AWS,EC2,us-east-1,i-0d1e2f3a4b5c6,BoxUsage:t3.xlarge,24.02,0.1664,3.9973,0
2025-12-26,AWS,EC2,ap-southeast-1,i-0a8f9c1d2e3f4,BoxUsage:t3.xlarge,18.23,0.1664,3.0342,0
2025-12-26,Azure,Azure VM,eastus,vm-web-prod-01,Standard_D4s_v3,22.0,0.192,4.2246,0
2025-12-26,GCP,Compute Engine,asia-east1,gcp-k8s-worker-2,n2-standard-4,22.98,0.194,4.4582,0
2025-12-26,Azure,Azure VM,eastus,vm-api-prod-02,Standard_D4s_v3,17.48,0.192,3.3561,0
2025-12-27,Azure,Azure VM,southeastasia,vm-web-prod-01,Standard_D4s_v3,19.05,0.192,3.6579,0
2025-12-27,AWS,EBS,us-east-1,vol-0fe0d1c2b3a498765,VolumeUsage.gp3,221.05,0.08,17.6842,0
2025-12-27,Azure,Azure Storage,eastus,stbackupdata002,BlobStorage-GB,830.91,0.02,16.6181,0
2025-12-27,GCP,Cloud SQL,europe-west1,gcp-main-postgres-db,db-custom-2-7680,19.85,0.35,6.9488,0
2025-12-27,AWS,EC2,eu-west-1,i-0a8f9c1d2e3f4,BoxUsage:t3.xlarge,21.75,0.1664,3.6198,0
2025-12-27,AWS,EBS,us-east-1,vol-0fe0d1c2b3a498765,VolumeUsage.gp3,207.31,0.08,16.5845,0
2025-12-27,AWS,RDS,us-west-2,analytics-read-replica,InstanceUsage:db.m5.large,21.87,0.38,8.3116,0
2025-12-27,AWS,EBS,eu-west-1,vol-0fe0d1c2b3a498765,VolumeUsage.gp3,185.26,0.08,14.8204,0
2025-12-27,Azure,Azure Storage,eastus,stbackupdata002,BlobStorage-GB,650.77,0.02,13.0154,0
2025-12-27,Azure,Azure Storage,eastus,stbackupdata002,BlobStorage-GB,524.83,0.02,10.4967,0
2025-12-27,GCP,Cloud SQL,europe-west1,gcp-main-postgres-db,db-custom-2-7680,22.23,0.35,7.7791,0
2025-12-27,Azure,Azure VM,southeastasia,vm-api-prod-02,Standard_D4s_v3,18.43,0.192,3.5388,0
2025-12-27,Azure,Azure VM,westeurope,vm-web-prod-01,Standard_D4s_v3,24.41,0.192,4.6866,0
2025-12-27,Azure,Azure Storage,westeurope,stbackupdata002,BlobStorage-GB,805.84,0.02,16.1168,0
2025-12-27,Azure,Azure VM,southeastasia,vm-api-prod-02,Standard_D4s_v3,20.72,0.192,3.9779,0
2025-12-28,AWS,EBS,eu-west-1,vol-0fe0d1c2b3a498765,VolumeUsage.gp3,389.35,0.08,31.1483,0
2025-12-28,AWS,S3,ap-southeast-1,user-media-storage-bucket,StandardStorage-GB,450.58,0.023,10.3633,0
2025-12-28,AWS,S3,us-east-1,prod-analytics-data-dump,StandardStorage-GB,1122.94,0.023,25.8276,0
2025-12-28,AWS,RDS,eu-west-1,prod-db-cluster-primary,InstanceUsage:db.m5.large,22.13,0.38,8.4088,0
2025-12-28,Azure,Azure Storage,westeurope,stbackupdata002,BlobStorage-GB,1247.75,0.02,24.955,0
2025-12-28,Azure,Azure Storage,southeastasia,stappprodlogs001,BlobStorage-GB,948.67,0.02,18.9734,0
2025-12-28,AWS,S3,eu-west-1,prod-analytics-data-dump,StandardStorage-GB,1015.65,0.023,23.3599,0
2025-12-28,AWS,EC2,eu-west-1,i-0a8f9c1d2e3f4,BoxUsage:t3.xlarge,19.95,0.1664,3.3193,0
2025-12-28,Azure,Azure VM,southeastasia,vm-web-prod-01,Standard_D4s_v3,20.12,0.192,3.8625,0
2025-12-28,AWS,EC2,us-west-2,i-0a8f9c1d2e3f4,BoxUsage:t3.xlarge,22.12,0.1664,3.6809,0
2025-12-28,GCP,Cloud SQL,europe-west1,gcp-main-postgres-db,db-custom-2-7680,24.39,0.35,8.5375,0
2025-12-28,AWS,EBS,eu-west-1,vol-0fe0d1c2b3a498765,VolumeUsage.gp3,341.25,0.08,27.3,0
2025-12-28,AWS,Lambda,eu-west-1,image-resizer-worker,RequestCount,317067.8,2e-07,0.0634,0
2025-12-28,Azure,Azure Storage,southeastasia,stappprodlogs001,BlobStorage-GB,1429.17,0.02,28.5834,0
2025-12-28,Azure,Azure Storage,eastus,stappprodlogs001,BlobStorage-GB,507.95,0.02,10.1591,0
2025-12-29,GCP,Cloud SQL,europe-west1,gcp-main-postgres-db,db-custom-2-7680,20.89,0.35,7.3106,0
2025-12-29,GCP,Cloud SQL,us-central1,gcp-main-postgres-db,db-custom-2-7680,21.63,0.35,7.5716,0
2025-12-29,GCP,Cloud SQL,asia-east1,gcp-main-postgres-db,db-custom-2-7680,23.85,0.35,8.3475,0
2025-12-29,AWS,RDS,us-east-1,prod-db-cluster-primary,InstanceUsage:db.m5.large,21.58,0.38,8.2003,0
2025-12-29,AWS,S3,us-east-1,prod-analytics-data-dump,StandardStorage-GB,419.62,0.023,9.6512,0
2025-12-29,GCP,Cloud SQL,asia-east1,gcp-main-postgres-db,db-custom-2-7680,22.01,0.35,7.7032,0
2025-12-29,AWS,EBS,eu-west-1,vol-0fe0d1c2b3a498765,VolumeUsage.gp3,295.43,0.08,23.6348,0
2025-12-29,GCP,Cloud SQL,europe-west1,gcp-main-postgres-db,db-custom-2-7680,20.07,0.35,7.0234,0
2025-12-29,GCP,Cloud SQL,us-central1,gcp-main-postgres-db,db-custom-2-7680,20.24,0.35,7.0846,0
2025-12-29,AWS,RDS,ap-southeast-1,prod-db-cluster-primary,InstanceUsage:db.m5.large,20.6,0.38,7.8297,0
2025-12-29,AWS,Lambda,ap-southeast-1,image-resizer-worker,RequestCount,298111.19,2e-07,0.0596,0
2025-12-29,GCP,Compute Engine,us-central1,gcp-k8s-worker-1,n2-standard-4,22.63,0.194,4.39,0
2025-12-29,GCP,Cloud SQL,asia-east1,gcp-main-postgres-db,db-custom-2-7680,21.36,0.35,7.4776,0
2025-12-29,GCP,Compute Engine,europe-west1,gcp-k8s-worker-1,n2-standard-4,18.27,0.194,3.5441,0
2025-12-29,GCP,Cloud SQL,asia-east1,gcp-main-postgres-db,db-custom-2-7680,20.13,0.35,7.0471,0
2025-12-29,AWS,S3,us-west-2,user-media-storage-bucket,StandardStorage-GB,643.94,0.023,14.8107,0
2025-12-30,Azure,Azure Storage,westeurope,stappprodlogs001,BlobStorage-GB,446.1,0.02,8.9221,0
2025-12-30,Azure,Azure VM,westeurope,vm-api-prod-02,Standard_D4s_v3,23.08,0.192,4.4305,0
2025-12-30,AWS,Lambda,us-east-1,image-resizer-worker,RequestCount,726767.27,2e-07,0.1454,0
2025-12-30,Azure,Azure VM,eastus,vm-api-prod-02,Standard_D4s_v3,20.65,0.192,3.9653,0
2025-12-30,AWS,S3,ap-southeast-1,prod-analytics-data-dump,StandardStorage-GB,861.41,0.023,19.8125,0
2025-12-30,GCP,Cloud SQL,us-central1,gcp-main-postgres-db,db-custom-2-7680,23.26,0.35,8.1406,0
2025-12-30,Azure,Azure VM,westeurope,vm-api-prod-02,Standard_D4s_v3,22.03,0.192,4.229,0
2025-12-30,GCP,Cloud SQL,asia-east1,gcp-main-postgres-db,db-custom-2-7680,20.92,0.35,7.3232,0
2025-12-30,AWS,RDS,eu-west-1,analytics-read-replica,InstanceUsage:db.m5.large,21.63,0.38,8.2203,0
2025-12-30,GCP,Cloud SQL,us-central1,gcp-main-postgres-db,db-custom-2-7680,23.65,0.35,8.2788,0
2025-12-30,AWS,Lambda,us-west-2,image-resizer-worker,RequestCount,182201.49,2e-07,0.0364,0
2025-12-30,AWS,S3,us-east-1,app-logs-archive,StandardStorage-GB,615.32,0.023,14.1523,0
2025-12-30,AWS,Lambda,ap-southeast-1,image-resizer-worker,RequestCount,120014.07,2e-07,0.024,0
2025-12-30,Azure,Azure Storage,southeastasia,stbackupdata002,BlobStorage-GB,1418.41,0.02,28.3682,0
2025-12-31,Azure,Azure Storage,eastus,stappprodlogs001,BlobStorage-GB,1441.75,0.02,28.835,0
2025-12-31,GCP,Cloud SQL,europe-west1,gcp-main-postgres-db,db-custom-2-7680,21.54,0.35,7.5381,0
2025-12-31,Azure,Azure VM,eastus,vm-api-prod-02,Standard_D4s_v3,22.17,0.192,4.2563,0
2025-12-31,AWS,RDS,ap-southeast-1,prod-db-cluster-primary,InstanceUsage:db.m5.large,22.31,0.38,8.4771,0
2025-12-31,AWS,RDS,us-west-2,analytics-read-replica,InstanceUsage:db.m5.large,21.78,0.38,8.2756,0
2025-12-31,AWS,EBS,ap-southeast-1,vol-0fe0d1c2b3a498765,VolumeUsage.gp3,406.53,0.08,32.5226,0
2025-12-31,Azure,Azure Storage,eastus,stbackupdata002,BlobStorage-GB,1425.91,0.02,28.5183,0
2025-12-31,AWS,Lambda,eu-west-1,auth-token-verifier,RequestCount,677353.63,2e-07,0.1355,0
2025-12-31,AWS,RDS,eu-west-1,prod-db-cluster-primary,InstanceUsage:db.m5.large,24.32,0.38,9.2407,0
2025-12-31,AWS,Lambda,eu-west-1,event-processor,RequestCount,653095.87,2e-07,0.1306,0
2025-12-31,AWS,S3,eu-west-1,app-logs-archive,StandardStorage-GB,410.61,0.023,9.4441,0
2025-12-31,Azure,Azure Storage,westeurope,stappprodlogs001,BlobStorage-GB,1217.77,0.02,24.3553,0
2025-12-31,GCP,Compute Engine,asia-east1,gcp-k8s-worker-2,n2-standard-4,22.1,0.194,4.2869,0
2025-12-31,Azure,Azure VM,eastus,vm-api-prod-02,Standard_D4s_v3,22.73,0.192,4.3639,0
2025-12-31,AWS,S3,ap-southeast-1,app-logs-archive,StandardStorage-GB,1102.87,0.023,25.3659,0
2026-01-01,AWS,EBS,us-east-1,vol-0123456789abcdef0,VolumeUsage.gp3,181.24,0.08,14.4994,0
2026-01-01,GCP,Compute Engine,us-central1,gcp-k8s-worker-1,n2-standard-4,20.42,0.194,3.9619,0
2026-01-01,GCP,Compute Engine,europe-west1,gcp-k8s-worker-1,n2-standard-4,21.13,0.194,4.0997,0
2026-01-01,Azure,Azure VM,eastus,vm-api-prod-02,Standard_D4s_v3,23.35,0.192,4.4824,0
2026-01-01,GCP,Cloud SQL,europe-west1,gcp-main-postgres-db,db-custom-2-7680,23.23,0.35,8.129,0
2026-01-01,GCP,Compute Engine,asia-east1,gcp-k8s-worker-2,n2-standard-4,19.75,0.194,3.8307,0
2026-01-01,AWS,Lambda,us-west-2,auth-token-verifier,RequestCount,141898.88,2e-07,0.0284,0
2026-01-01,GCP,Cloud SQL,us-central1,gcp-main-postgres-db,db-custom-2-7680,23.36,0.35,8.1762,0
2026-01-01,GCP,Compute Engine,asia-east1,gcp-k8s-worker-1,n2-standard-4,21.23,0.194,4.1188,0
2026-01-01,GCP,Compute Engine,europe-west1,gcp-k8s-worker-1,n2-standard-4,23.08,0.194,4.4775,0
2026-01-01,Azure,Azure Storage,eastus,stappprodlogs001,BlobStorage-GB,475.34,0.02,9.5068,0
2026-01-01,GCP,Cloud SQL,us-central1,gcp-main-postgres-db,db-custom-2-7680,20.85,0.35,7.297,0
2026-01-01,GCP,Cloud SQL,us-central1,gcp-main-postgres-db,db-custom-2-7680,20.6,0.35,7.2096,0
2026-01-01,Azure,Azure VM,eastus,vm-web-prod-01,Standard_D4s_v3,19.44,0.192,3.7316,0
2026-01-02,AWS,RDS,us-east-1,analytics-read-replica,InstanceUsage:db.m5.large,22.56,0.38,8.5734,0
2026-01-02,Azure,Azure VM,eastus,vm-api-prod-02,Standard_D4s_v3,19.34,0.192,3.7129,0
2026-01-02,AWS,S3,us-east-1,prod-analytics-data-dump,StandardStorage-GB,944.28,0.023,21.7183,0
2026-01-02,AWS,EC2,us-east-1,i-0d1e2f3a4b5c6,BoxUsage:t3.xlarge,23.55,0.1664,3.9194,0
2026-01-02,GCP,Cloud SQL,us-central1,gcp-main-postgres-db,db-custom-2-7680,20.59,0.35,7.206,0
2026-01-02,GCP,Cloud SQL,us-central1,gcp-main-postgres-db,db-custom-2-7680,22.54,0.35,7.8892,0
2026-01-02,Azure,Azure Storage,southeastasia,stappprodlogs001,BlobStorage-GB,1077.82,0.02,21.5564,0
2026-01-02,AWS,Lambda,eu-west-1,event-processor,RequestCount,516406.97,2e-07,0.1033,0
2026-01-02,AWS,RDS,eu-west-1,analytics-read-replica,InstanceUsage:db.m5.large,23.52,0.38,8.9358,0
2026-01-02,GCP,Compute Engine,europe-west1,gcp-k8s-worker-2,n2-standard-4,20.39,0.194,3.9564,0
2026-01-02,GCP,Cloud SQL,europe-west1,gcp-main-postgres-db,db-custom-2-7680,23.59,0.35,8.2564,0
2026-01-02,GCP,Cloud SQL,us-central1,gcp-main-postgres-db,db-custom-2-7680,23.77,0.35,8.3207,0
2026-01-02,Azure,Azure Storage,eastus,stbackupdata002,BlobStorage-GB,403.99,0.02,8.0798,0
2026-01-02,GCP,Compute Engine,europe-west1,gcp-k8s-worker-2,n2-standard-4,22.08,0.194,4.2826,0
2026-01-02,Azure,Azure Storage,westeurope,stappprodlogs001,BlobStorage-GB,1428.21,0.02,28.5642,0
2026-01-03,GCP,Compute Engine,asia-east1,gcp-k8s-worker-2,n2-standard-4,23.14,0.194,4.4885,0
2026-01-03,GCP,Compute Engine,europe-west1,gcp-k8s-worker-1,n2-standard-4,23.93,0.194,4.6429,0
2026-01-03,Azure,Azure VM,eastus,vm-api-prod-02,Standard_D4s_v3,19.27,0.192,3.6991,0
2026-01-03,AWS,RDS,us-east-1,prod-db-cluster-primary,InstanceUsage:db.m5.large,21.48,0.38,8.1622,0
2026-01-03,GCP,Cloud SQL,europe-west1,gcp-main-postgres-db,db-custom-2-7680,19.97,0.35,6.9901,0
2026-01-03,GCP,Cloud SQL,europe-west1,gcp-main-postgres-db,db-custom-2-7680,23.05,0.35,8.0672,0
2026-01-03,AWS,RDS,us-east-1,prod-db-cluster-primary,InstanceUsage:db.m5.large,24.42,0.38,9.2799,0
2026-01-03,AWS,S3,eu-west-1,user-media-storage-bucket,StandardStorage-GB,642.12,0.023,14.7689,0
2026-01-03,Azure,Azure Storage,southeastasia,stappprodlogs001,BlobStorage-GB,1273.93,0.02,25.4785,0
2026-01-03,GCP,Cloud SQL,us-central1,gcp-main-postgres-db,db-custom-2-7680,20.55,0.35,7.1909,0
2026-01-03,GCP,Cloud SQL,us-central1,gcp-main-postgres-db,db-custom-2-7680,22.22,0.35,7.7775,0
2026-01-03,AWS,RDS,ap-southeast-1,prod-db-cluster-primary,InstanceUsage:db.m5.large,21.75,0.38,8.2648,0
2026-01-03,AWS,EC2,us-east-1,i-0a8f9c1d2e3f4,BoxUsage:t3.xlarge,19.82,0.1664,3.2974,0
2026-01-03,AWS,S3,us-west-2,user-media-storage-bucket,StandardStorage-GB,1064.32,0.023,24.4793,0
2026-01-03,GCP,Compute Engine,us-central1,gcp-k8s-worker-2,n2-standard-4,21.32,0.194,4.137,0
2026-01-03,AWS,EC2,ap-southeast-1,i-0b7e6d5c4b3a2,BoxUsage:t3.xlarge,18.38,0.1664,3.0591,0
2026-01-04,AWS,EC2,us-east-1,i-0c9d8e7f6a5b4,BoxUsage:t3.xlarge,22.93,0.1664,3.8164,0
2026-01-04,GCP,Cloud SQL,us-central1,gcp-main-postgres-db,db-custom-2-7680,23.86,0.35,8.3505,0
2026-01-04,GCP,Cloud SQL,europe-west1,gcp-main-postgres-db,db-custom-2-7680,20.05,0.35,7.0192,0
2026-01-04,GCP,Compute Engine,europe-west1,gcp-k8s-worker-1,n2-standard-4,21.59,0.194,4.1892,0
2026-01-04,GCP,Compute Engine,us-central1,gcp-k8s-worker-2,n2-standard-4,23.88,0.194,4.6329,0
2026-01-04,AWS,Lambda,us-west-2,image-resizer-worker,RequestCount,128640.2,2e-07,0.0257,0
2026-01-04,GCP,Cloud SQL,asia-east1,gcp-main-postgres-db,db-custom-2-7680,21.6,0.35,7.5586,0
2026-01-04,AWS,S3,us-west-2,prod-analytics-data-dump,StandardStorage-GB,807.12,0.023,18.5637,0
2026-01-04,AWS,EBS,eu-west-1,vol-0fe0d1c2b3a498765,VolumeUsage.gp3,176.33,0.08,14.1067,0
2026-01-04,Azure,Azure VM,westeurope,vm-api-prod-02,Standard_D4s_v3,20.48,0.192,3.9324,0
2026-01-04,AWS,EBS,ap-southeast-1,vol-0123456789abcdef0,VolumeUsage.gp3,306.62,0.08,24.5299,0
2026-01-04,GCP,Compute Engine,us-central1,gcp-k8s-worker-1,n2-standard-4,21.91,0.194,4.2508,0
2026-01-04,Azure,Azure VM,eastus,vm-web-prod-01,Standard_D4s_v3,18.67,0.192,3.585,0
2026-01-04,AWS,EC2,ap-southeast-1,i-0b7e6d5c4b3a2,BoxUsage:t3.xlarge,21.75,0.1664,3.6192,0
2026-01-05,AWS,RDS,ap-southeast-1,prod-db-cluster-primary,InstanceUsage:db.m5.large,21.8,0.38,8.2848,0
2026-01-05,GCP,Compute Engine,us-central1,gcp-k8s-worker-2,n2-standard-4,21.03,0.194,4.0792,0
2026-01-05,GCP,Cloud SQL,europe-west1,gcp-main-postgres-db,db-custom-2-7680,23.28,0.35,8.1478,0
2026-01-05,Azure,Azure VM,eastus,vm-api-prod-02,Standard_D4s_v3,19.82,0.192,3.8052,0
2026-01-05,GCP,Compute Engine,us-central1,gcp-k8s-worker-1,n2-standard-4,20.04,0.194,3.8876,0
2026-01-05,Azure,Azure Storage,westeurope,stbackupdata002,BlobStorage-GB,571.93,0.02,11.4386,0
2026-01-05,Azure,Azure VM,eastus,vm-api-prod-02,Standard_D4s_v3,24.74,0.192,4.7492,0
2026-01-05,Azure,Azure VM,westeurope,vm-api-prod-02,Standard_D4s_v3,17.21,0.192,3.3045,0
2026-01-05,Azure,Azure VM,southeastasia,vm-api-prod-02,Standard_D4s_v3,24.5,0.192,4.7038,0
2026-01-05,AWS,Lambda,us-east-1,event-processor,RequestCount,314906.65,2e-07,0.063,0
2026-01-05,AWS,Lambda,ap-southeast-1,image-resizer-worker,RequestCount,127233.28,2e-07,0.0254,0
2026-01-05,Azure,Azure VM,eastus,vm-api-prod-02,Standard_D4s_v3,22.86,0.192,4.3894,0
2026-01-05,AWS,EC2,ap-southeast-1,i-0a8f9c1d2e3f4,BoxUsage:t3.xlarge,19.79,0.1664,3.2936,0
2026-01-05,AWS,EC2,us-west-2,i-0d1e2f3a4b5c6,BoxUsage:t3.xlarge,21.8,0.1664,3.6273,0
2026-01-05,AWS,RDS,us-west-2,prod-db-cluster-primary,InstanceUsage:db.m5.large,22.17,0.38,8.4246,0
2026-01-05,GCP,Compute Engine,us-central1,gcp-k8s-worker-2,n2-standard-4,22.62,0.194,4.3886,0
2026-01-06,AWS,EBS,ap-southeast-1,vol-0123456789abcdef0,VolumeUsage.gp3,440.26,0.08,35.2207,0
2026-01-06,GCP,Compute Engine,europe-west1,gcp-k8s-worker-1,n2-standard-4,24.82,0.194,4.8148,0
2026-01-06,GCP,Cloud SQL,us-central1,gcp-main-postgres-db,db-custom-2-7680,22.23,0.35,7.7805,0
2026-01-06,GCP,Compute Engine,us-central1,gcp-k8s-worker-1,n2-standard-4,22.87,0.194,4.4377,0
2026-01-06,Azure,Azure VM,eastus,vm-api-prod-02,Standard_D4s_v3,19.06,0.192,3.6588,0
2026-01-06,Azure,Azure Storage,westeurope,stbackupdata002,BlobStorage-GB,1369.75,0.02,27.395,0
2026-01-06,Azure,Azure Storage,eastus,stbackupdata002,BlobStorage-GB,1314.78,0.02,26.2955,0
2026-01-06,Azure,Azure VM,southeastasia,vm-web-prod-01,Standard_D4s_v3,19.25,0.192,3.6961,0
2026-01-06,AWS,RDS,eu-west-1,prod-db-cluster-primary,InstanceUsage:db.m5.large,23.52,0.38,8.9383,0
2026-01-06,GCP,Cloud SQL,asia-east1,gcp-main-postgres-db,db-custom-2-7680,20.61,0.35,7.2129,0
2026-01-06,GCP,Compute Engine,us-central1,gcp-k8s-worker-1,n2-standard-4,21.24,0.194,4.1201,0
2026-01-06,Azure,Azure Storage,westeurope,stappprodlogs001,BlobStorage-GB,629.0,0.02,12.5799,0
2026-01-06,Azure,Azure Storage,eastus,stbackupdata002,BlobStorage-GB,613.68,0.02,12.2736,0
2026-01-06,Azure,Azure VM,southeastasia,vm-web-prod-01,Standard_D4s_v3,19.08,0.192,3.6637,0
2026-01-07,Azure,Azure Storage,southeastasia,stappprodlogs001,BlobStorage-GB,513.92,0.02,10.2785,0
2026-01-07,GCP,Compute Engine,asia-east1,gcp-k8s-worker-1,n2-standard-4,19.22,0.194,3.7279,0
2026-01-07,AWS,RDS,us-east-1,analytics-read-replica,InstanceUsage:db.m5.large,24.53,0.38,9.3213,0
2026-01-07,GCP,Cloud SQL,europe-west1,gcp-main-postgres-db,db-custom-2-7680,20.91,0.35,7.3199,0
2026-01-07,Azure,Azure VM,southeastasia,vm-web-prod-01,Standard_D4s_v3,23.06,0.192,4.4275,0
2026-01-07,Azure,Azure VM,eastus,vm-api-prod-02,Standard_D4s_v3,17.4,0.192,3.3416,0
2026-01-07,AWS,EC2,ap-southeast-1,i-0d1e2f3a4b5c6,BoxUsage:t3.xlarge,20.29,0.1664,3.3764,0
2026-01-07,GCP,Compute Engine,asia-east1,gcp-k8s-worker-1,n2-standard-4,22.45,0.194,4.3554,0
2026-01-07,AWS,RDS,ap-southeast-1,prod-db-cluster-primary,InstanceUsage:db.m5.large,21.62,0.38,8.2168,0
2026-01-07,AWS,Lambda,ap-southeast-1,image-resizer-worker,RequestCount,156724.87,2e-07,0.0313,0
2026-01-07,Azure,Azure VM,westeurope,vm-api-prod-02,Standard_D4s_v3,21.63,0.192,4.152,0
2026-01-07,GCP,Cloud SQL,us-central1,gcp-main-postgres-db,db-custom-2-7680,21.53,0.35,7.5359,0
2026-01-07,GCP,Cloud SQL,asia-east1,gcp-main-postgres-db,db-custom-2-7680,20.62,0.35,7.2175,0
2026-01-07,GCP,Compute Engine,asia-east1,gcp-k8s-worker-2,n2-standard-4,22.42,0.194,4.3493,0
2026-01-08,Azure,Azure VM,southeastasia,vm-web-prod-01,Standard_D4s_v3,20.53,0.192,3.9418,0
2026-01-08,Azure,Azure VM,southeastasia,vm-web-prod-01,Standard_D4s_v3,21.97,0.192,4.2189,0
2026-01-08,Azure,Azure VM,eastus,vm-api-prod-02,Standard_D4s_v3,21.53,0.192,4.134,0
2026-01-08,GCP,Cloud SQL,asia-east1,gcp-main-postgres-db,db-custom-2-7680,22.81,0.35,7.9838,0
2026-01-08,AWS,EC2,ap-southeast-1,i-0a8f9c1d2e3f4,BoxUsage:t3.xlarge,19.78,0.1664,3.2912,0
2026-01-08,GCP,Compute Engine,us-central1,gcp-k8s-worker-1,n2-standard-4,23.85,0.194,4.6278,0
2026-01-08,Azure,Azure VM,eastus,vm-api-prod-02,Standard_D4s_v3,18.3,0.192,3.5131,0
2026-01-08,Azure,Azure Storage,westeurope,stappprodlogs001,BlobStorage-GB,1344.82,0.02,26.8964,0
2026-01-08,GCP,Cloud SQL,us-central1,gcp-main-postgres-db,db-custom-2-7680,20.33,0.35,7.1168,0
2026-01-08,AWS,EC2,us-west-2,i-0d1e2f3a4b5c6,BoxUsage:t3.xlarge,21.27,0.1664,3.5391,0
2026-01-08,GCP,Cloud SQL,europe-west1,gcp-main-postgres-db,db-custom-2-7680,22.09,0.35,7.733,0
2026-01-08,GCP,Cloud SQL,us-central1,gcp-main-postgres-db,db-custom-2-7680,20.85,0.35,7.2987,0
2026-01-08,Azure,Azure Storage,westeurope,stbackupdata002,BlobStorage-GB,883.21,0.02,17.6643,0
2026-01-08,AWS,S3,us-east-1,prod-analytics-data-dump,StandardStorage-GB,1116.39,0.023,25.6769,0
2026-01-08,Azure,Azure Storage,southeastasia,stbackupdata002,BlobStorage-GB,716.58,0.02,14.3315,0
2026-01-09,Azure,Azure Storage,westeurope,stbackupdata002,BlobStorage-GB,846.96,0.02,16.9391,0
2026-01-09,AWS,Lambda,us-east-1,event-processor,RequestCount,624995.62,2e-07,0.125,0
2026-01-09,Azure,Azure Storage,southeastasia,stappprodlogs001,BlobStorage-GB,421.84,0.02,8.4368,0
2026-01-09,AWS,RDS,ap-southeast-1,prod-db-cluster-primary,InstanceUsage:db.m5.large,23.05,0.38,8.7599,0
2026-01-09,GCP,Cloud SQL,us-central1,gcp-main-postgres-db,db-custom-2-7680,21.46,0.35,7.5124,0
2026-01-09,AWS,EC2,eu-west-1,i-0d1e2f3a4b5c6,BoxUsage:t3.xlarge,23.4,0.1664,3.8944,0
2026-01-09,GCP,Cloud SQL,asia-east1,gcp-main-postgres-db,db-custom-2-7680,21.72,0.35,7.6008,0
2026-01-09,AWS,RDS,us-west-2,analytics-read-replica,InstanceUsage:db.m5.large,22.65,0.38,8.6062,0
2026-01-09,Azure,Azure Storage,westeurope,stappprodlogs001,BlobStorage-GB,1155.68,0.02,23.1137,0
2026-01-09,AWS,S3,us-east-1,user-media-storage-bucket,StandardStorage-GB,929.6,0.023,21.3808,0
2026-01-09,GCP,Compute Engine,us-central1,gcp-k8s-worker-2,n2-standard-4,18.51,0.194,3.5902,0
2026-01-09,GCP,Cloud SQL,europe-west1,gcp-main-postgres-db,db-custom-2-7680,21.57,0.35,7.55,0
2026-01-09,AWS,S3,eu-west-1,user-media-storage-bucket,StandardStorage-GB,449.98,0.023,10.3496,0
2026-01-09,GCP,Compute Engine,asia-east1,gcp-k8s-worker-1,n2-standard-4,19.65,0.194,3.8118,0
2026-01-09,AWS,Lambda,us-east-1,event-processor,RequestCount,643969.09,2e-07,0.1288,0
2026-01-09,GCP,Compute Engine,asia-east1,gcp-k8s-worker-2,n2-standard-4,21.24,0.194,4.1202,0
2026-01-10,GCP,Compute Engine,us-central1,gcp-k8s-worker-2,n2-standard-4,23.2,0.194,4.5016,0
2026-01-10,Azure,Azure Storage,southeastasia,stappprodlogs001,BlobStorage-GB,729.36,0.02,14.5872,0
2026-01-10,AWS,S3,eu-west-1,user-media-storage-bucket,StandardStorage-GB,326.05,0.023,7.4992,0
2026-01-10,GCP,Cloud SQL,us-central1,gcp-main-postgres-db,db-custom-2-7680,23.07,0.35,8.073,0
2026-01-10,AWS,EC2,ap-southeast-1,i-0b7e6d5c4b3a2,BoxUsage:t3.xlarge,23.82,0.1664,3.963,0
2026-01-10,Azure,Azure Storage,eastus,stbackupdata002,BlobStorage-GB,1291.09,0.02,25.8218,0
2026-01-10,AWS,EC2,us-east-1,i-0a8f9c1d2e3f4,BoxUsage:t3.xlarge,21.62,0.1664,3.5979,0
2026-01-10,GCP,Compute Engine,europe-west1,gcp-k8s-worker-1,n2-standard-4,22.3,0.194,4.3266,0
2026-01-10,AWS,S3,ap-southeast-1,app-logs-archive,StandardStorage-GB,521.66,0.023,11.9981,0
2026-01-10,Azure,Azure VM,southeastasia,vm-web-prod-01,Standard_D4s_v3,20.82,0.192,3.9972,0
2026-01-10,AWS,EC2,eu-west-1,i-0b7e6d5c4b3a2,BoxUsage:t3.xlarge,20.59,0.1664,3.4264,0
2026-01-10,Azure,Azure Storage,westeurope,stappprodlogs001,BlobStorage-GB,995.42,0.02,19.9084,0
2026-01-10,Azure,Azure Storage,southeastasia,stappprodlogs001,BlobStorage-GB,798.48,0.02,15.9696,0
2026-01-10,Azure,Azure Storage,westeurope,stappprodlogs001,BlobStorage-GB,982.91,0.02,19.6583,0
2026-01-11,AWS,EC2,ap-southeast-1,i-0d1e2f3a4b5c6,BoxUsage:t3.xlarge,19.6,0.1664,3.2609,0
2026-01-11,AWS,S3,us-east-1,prod-analytics-data-dump,StandardStorage-GB,495.29,0.023,11.3917,0
2026-01-11,GCP,Compute Engine,us-central1,gcp-k8s-worker-2,n2-standard-4,21.92,0.194,4.2533,0
2026-01-11,GCP,Compute Engine,europe-west1,gcp-k8s-worker-2,n2-standard-4,22.28,0.194,4.3227,0
2026-01-11,AWS,RDS,us-west-2,analytics-read-replica,InstanceUsage:db.m5.large,21.77,0.38,8.2708,0
2026-01-11,Azure,Azure VM,eastus,vm-api-prod-02,Standard_D4s_v3,22.35,0.192,4.2909,0
2026-01-11,GCP,Compute Engine,us-central1,gcp-k8s-worker-2,n2-standard-4,19.14,0.194,3.7136,0
2026-01-11,Azure,Azure VM,southeastasia,vm-web-prod-01,Standard_D4s_v3,17.96,0.192,3.4475,0
2026-01-11,AWS,Lambda,eu-west-1,image-resizer-worker,RequestCount,501265.49,2e-07,0.1003,0
2026-01-11,GCP,Compute Engine,europe-west1,gcp-k8s-worker-1,n2-standard-4,20.45,0.194,3.9673,0
2026-01-11,AWS,Lambda,us-east-1,image-resizer-worker,RequestCount,636797.08,2e-07,0.1274,0
2026-01-11,Azure,Azure Storage,westeurope,stbackupdata002,BlobStorage-GB,1403.07,0.02,28.0615,0
2026-01-11,Azure,Azure Storage,westeurope,stbackupdata002,BlobStorage-GB,848.26,0.02,16.9651,0
2026-01-11,Azure,Azure VM,eastus,vm-web-prod-01,Standard_D4s_v3,21.11,0.192,4.0532,0
2026-01-12,Azure,Azure Storage,westeurope,stbackupdata002,BlobStorage-GB,1436.47,0.02,28.7293,0
2026-01-12,AWS,EC2,us-west-2,i-0b7e6d5c4b3a2,BoxUsage:t3.xlarge,19.7,0.1664,3.2783,0
2026-01-12,GCP,Cloud SQL,us-central1,gcp-main-postgres-db,db-custom-2-7680,19.47,0.35,6.8157,0
2026-01-12,Azure,Azure Storage,southeastasia,stbackupdata002,BlobStorage-GB,1498.04,0.02,29.9608,0
2026-01-12,AWS,RDS,us-east-1,prod-db-cluster-primary,InstanceUsage:db.m5.large,23.39,0.38,8.8891,0
2026-01-12,GCP,Compute Engine,us-central1,gcp-k8s-worker-1,n2-standard-4,18.09,0.194,3.5099,0
2026-01-12,Azure,Azure VM,eastus,vm-api-prod-02,Standard_D4s_v3,20.52,0.192,3.94,0
2026-01-12,AWS,EBS,ap-southeast-1,vol-0fe0d1c2b3a498765,VolumeUsage.gp3,99.73,0.08,7.9787,0
2026-01-12,GCP,Compute Engine,asia-east1,gcp-k8s-worker-2,n2-standard-4,19.11,0.194,3.7079,0
2026-01-12,AWS,Lambda,us-east-1,auth-token-verifier,RequestCount,308347.4,2e-07,0.0617,0
2026-01-12,Azure,Azure VM,eastus,vm-api-prod-02,Standard_D4s_v3,17.91,0.192,3.4385,0
2026-01-12,GCP,Cloud SQL,asia-east1,gcp-main-postgres-db,db-custom-2-7680,21.26,0.35,7.4398,0
2026-01-12,GCP,Compute Engine,us-central1,gcp-k8s-worker-2,n2-standard-4,20.52,0.194,3.98,0
2026-01-12,Azure,Azure Storage,southeastasia,stbackupdata002,BlobStorage-GB,1062.79,0.02,21.2558,0
2026-01-12,Azure,Azure VM,eastus,vm-api-prod-02,Standard_D4s_v3,22.66,0.192,4.35,0
2026-01-13,AWS,S3,us-west-2,prod-analytics-data-dump,StandardStorage-GB,701.05,0.023,16.1242,0
2026-01-13,GCP,Compute Engine,us-central1,gcp-k8s-worker-2,n2-standard-4,18.89,0.194,3.664,0
2026-01-13,GCP,Cloud SQL,asia-east1,gcp-main-postgres-db,db-custom-2-7680,21.9,0.35,7.6656,0
2026-01-13,GCP,Cloud SQL,europe-west1,gcp-main-postgres-db,db-custom-2-7680,24.65,0.35,8.6282,0
2026-01-13,Azure,Azure VM,southeastasia,vm-api-prod-02,Standard_D4s_v3,21.63,0.192,4.1525,0
2026-01-13,Azure,Azure VM,westeurope,vm-api-prod-02,Standard_D4s_v3,20.0,0.192,3.8393,0
2026-01-13,AWS,Lambda,eu-west-1,event-processor,RequestCount,238459.7,2e-07,0.0477,0
2026-01-13,Azure,Azure Storage,eastus,stappprodlogs001,BlobStorage-GB,1400.82,0.02,28.0165,0
2026-01-13,GCP,Cloud SQL,asia-east1,gcp-main-postgres-db,db-custom-2-7680,20.98,0.35,7.3447,0
2026-01-13,Azure,Azure Storage,southeastasia,stbackupdata002,BlobStorage-GB,1160.58,0.02,23.2116,0
2026-01-13,AWS,S3,eu-west-1,app-logs-archive,StandardStorage-GB,425.91,0.023,9.7959,0
2026-01-13,Azure,Azure Storage,westeurope,stbackupdata002,BlobStorage-GB,1021.46,0.02,20.4291,0
2026-01-13,Azure,Azure VM,eastus,vm-api-prod-02,Standard_D4s_v3,20.03,0.192,3.8454,0
2026-01-13,AWS,EC2,us-west-2,i-0d1e2f3a4b5c6,BoxUsage:t3.xlarge,20.49,0.1664,3.4098,0
2026-01-13,AWS,Lambda,eu-west-1,auth-token-verifier,RequestCount,790552.85,2e-07,0.1581,0
2026-01-14,Azure,Azure Storage,eastus,stbackupdata002,BlobStorage-GB,779.89,0.02,15.5977,0
2026-01-14,Azure,Azure VM,westeurope,vm-web-prod-01,Standard_D4s_v3,21.21,0.192,4.0716,0
2026-01-14,AWS,RDS,us-west-2,prod-db-cluster-primary,InstanceUsage:db.m5.large,20.98,0.38,7.9738,0
2026-01-14,AWS,EC2,us-west-2,i-0c9d8e7f6a5b4,BoxUsage:t3.xlarge,21.54,0.1664,3.5848,0
2026-01-14,AWS,EC2,us-west-2,i-0c9d8e7f6a5b4,BoxUsage:t3.xlarge,22.55,0.1664,3.7529,0
2026-01-14,GCP,Compute Engine,asia-east1,gcp-k8s-worker-2,n2-standard-4,19.3,0.194,3.7451,0
2026-01-14,AWS,RDS,us-west-2,prod-db-cluster-primary,InstanceUsage:db.m5.large,23.34,0.38,8.8709,0
2026-01-14,Azure,Azure VM,southeastasia,vm-api-prod-02,Standard_D4s_v3,19.51,0.192,3.7459,0
2026-01-14,GCP,Compute Engine,asia-east1,gcp-k8s-worker-2,n2-standard-4,18.4,0.194,3.5687,0
2026-01-14,Azure,Azure Storage,southeastasia,stappprodlogs001,BlobStorage-GB,486.77,0.02,9.7355,0
2026-01-14,Azure,Azure VM,southeastasia,vm-api-prod-02,Standard_D4s_v3,22.03,0.192,4.2297,0
2026-01-14,AWS,EBS,us-east-1,vol-0fe0d1c2b3a498765,VolumeUsage.gp3,450.05,0.08,36.0044,0
2026-01-14,Azure,Azure VM,westeurope,vm-web-prod-01,Standard_D4s_v3,22.63,0.192,4.3459,0
2026-01-14,AWS,RDS,eu-west-1,analytics-read-replica,InstanceUsage:db.m5.large,20.4,0.38,7.7523,0
2026-01-15,AWS,Lambda,us-east-1,event-processor,RequestCount,211027.02,2e-07,0.0422,0
2026-01-15,AWS,EC2,eu-west-1,i-0b7e6d5c4b3a2,BoxUsage:t3.xlarge,22.72,0.1664,3.7799,0
2026-01-15,GCP,Compute Engine,asia-east1,gcp-k8s-worker-1,n2-standard-4,18.47,0.194,3.5825,0
2026-01-15,Azure,Azure VM,eastus,vm-web-prod-01,Standard_D4s_v3,24.44,0.192,4.6924,0
2026-01-15,GCP,Compute Engine,europe-west1,gcp-k8s-worker-2,n2-standard-4,23.67,0.194,4.5916,0
2026-01-15,Azure,Azure Storage,westeurope,stappprodlogs001,BlobStorage-GB,1523.24,0.02,30.4648,0
2026-01-15,Azure,Azure Storage,eastus,stbackupdata002,BlobStorage-GB,1207.78,0.02,24.1556,0
2026-01-15,AWS,Lambda,ap-southeast-1,event-processor,RequestCount,499903.41,2e-07,0.1,0
2026-01-15,Azure,Azure Storage,southeastasia,stappprodlogs001,BlobStorage-GB,724.77,0.02,14.4955,0
2026-01-15,Azure,Azure VM,eastus,vm-api-prod-02,Standard_D4s_v3,20.51,0.192,3.9378,0
2026-01-15,AWS,EC2,us-west-2,i-0d1e2f3a4b5c6,BoxUsage:t3.xlarge,19.0,0.1664,3.1622,0
2026-01-15,GCP,Cloud SQL,us-central1,gcp-main-postgres-db,db-custom-2-7680,20.96,0.35,7.3367,0
2026-01-15,GCP,Cloud SQL,us-central1,gcp-main-postgres-db,db-custom-2-7680,22.81,0.35,7.983,0
2026-01-15,Azure,Azure VM,southeastasia,vm-web-prod-01,Standard_D4s_v3,23.8,0.192,4.5699,0
2026-01-15,GCP,Cloud SQL,asia-east1,gcp-main-postgres-db,db-custom-2-7680,20.82,0.35,7.2886,0
2026-01-15,AWS,S3,eu-west-1,user-media-storage-bucket,StandardStorage-GB,448.56,0.023,10.3168,0
2026-01-16,Azure,Azure Storage,eastus,stbackupdata002,BlobStorage-GB,1442.98,0.02,28.8596,0
2026-01-16,GCP,Cloud SQL,europe-west1,gcp-main-postgres-db,db-custom-2-7680,20.7,0.35,7.2443,0
2026-01-16,Azure,Azure Storage,southeastasia,stappprodlogs001,BlobStorage-GB,849.61,0.02,16.9922,0
2026-01-16,GCP,Compute Engine,asia-east1,gcp-k8s-worker-2,n2-standard-4,21.71,0.194,4.2111,0
2026-01-16,Azure,Azure VM,southeastasia,vm-api-prod-02,Standard_D4s_v3,21.04,0.192,4.0396,0
2026-01-16,AWS,Lambda,us-east-1,image-resizer-worker,RequestCount,654148.17,2e-07,0.1308,0
2026-01-16,AWS,Lambda,us-west-2,auth-token-verifier,RequestCount,246261.46,2e-07,0.0493,0
2026-01-16,Azure,Azure Storage,southeastasia,stappprodlogs001,BlobStorage-GB,1189.27,0.02,23.7854,0
2026-01-16,GCP,Compute Engine,us-central1,gcp-k8s-worker-1,n2-standard-4,22.31,0.194,4.3289,0
2026-01-16,GCP,Cloud SQL,asia-east1,gcp-main-postgres-db,db-custom-2-7680,21.8,0.35,7.6303,0
2026-01-16,AWS,RDS,us-west-2,analytics-read-replica,InstanceUsage:db.m5.large,24.01,0.38,9.1234,0
2026-01-16,AWS,Lambda,ap-southeast-1,event-processor,RequestCount,248055.44,2e-07,0.0496,0
2026-01-16,GCP,Compute Engine,us-central1,gcp-k8s-worker-2,n2-standard-4,17.42,0.194,3.3787,0
2026-01-16,Azure,Azure VM,eastus,vm-web-prod-01,Standard_D4s_v3,23.0,0.192,4.4166,0
2026-01-16,Azure,Azure VM,southeastasia,vm-api-prod-02,Standard_D4s_v3,23.83,0.192,4.5757,0
2026-01-17,Azure,Azure Storage,southeastasia,stappprodlogs001,BlobStorage-GB,716.62,0.02,14.3324,0
2026-01-17,Azure,Azure VM,southeastasia,vm-web-prod-01,Standard_D4s_v3,20.2,0.192,3.8775,0
2026-01-17,Azure,Azure VM,westeurope,vm-web-prod-01,Standard_D4s_v3,22.92,0.192,4.4009,0
2026-01-17,Azure,Azure Storage,westeurope,stbackupdata002,BlobStorage-GB,443.74,0.02,8.8749,0
2026-01-17,AWS,S3,us-east-1,user-media-storage-bucket,StandardStorage-GB,778.53,0.023,17.9062,0
2026-01-17,Azure,Azure VM,southeastasia,vm-api-prod-02,Standard_D4s_v3,17.92,0.192,3.4413,0
2026-01-17,AWS,S3,ap-southeast-1,user-media-storage-bucket,StandardStorage-GB,1086.39,0.023,24.987,0
2026-01-17,AWS,EBS,ap-southeast-1,vol-0123456789abcdef0,VolumeUsage.gp3,170.69,0.08,13.6548,0
2026-01-17,Azure,Azure Storage,westeurope,stappprodlogs001,BlobStorage-GB,1040.29,0.02,20.8059,0
2026-01-17,AWS,EBS,eu-west-1,vol-0123456789abcdef0,VolumeUsage.gp3,215.5,0.08,17.2398,0
2026-01-17,GCP,Cloud SQL,europe-west1,gcp-main-postgres-db,db-custom-2-7680,20.91,0.35,7.3202,0
2026-01-17,AWS,EC2,ap-southeast-1,i-0d1e2f3a4b5c6,BoxUsage:t3.xlarge,20.99,0.1664,3.4921,0
2026-01-17,GCP,Cloud SQL,us-central1,gcp-main-postgres-db,db-custom-2-7680,21.66,0.35,7.5822,0
2026-01-17,Azure,Azure VM,eastus,vm-web-prod-01,Standard_D4s_v3,20.89,0.192,4.0107,0
2026-01-17,GCP,Cloud SQL,us-central1,gcp-main-postgres-db,db-custom-2-7680,24.0,0.35,8.3985,0
2026-01-17,AWS,EBS,ap-southeast-1,vol-0fe0d1c2b3a498765,VolumeUsage.gp3,421.14,0.08,33.6915,0
2026-01-18,Azure,Azure Storage,southeastasia,stappprodlogs001,BlobStorage-GB,1151.79,0.02,23.0357,0
2026-01-18,Azure,Azure Storage,westeurope,stappprodlogs001,BlobStorage-GB,868.54,0.02,17.3707,0
2026-01-18,GCP,Cloud SQL,us-central1,gcp-main-postgres-db,db-custom-2-7680,24.19,0.35,8.4656,0
2026-01-18,Azure,Azure VM,eastus,vm-api-prod-02,Standard_D4s_v3,20.26,0.192,3.89,0
2026-01-18,AWS,RDS,ap-southeast-1,prod-db-cluster-primary,InstanceUsage:db.m5.large,21.58,0.38,8.2007,0
2026-01-18,AWS,EBS,us-west-2,vol-0fe0d1c2b3a498765,VolumeUsage.gp3,323.2,0.08,25.8562,0
2026-01-18,Azure,Azure Storage,westeurope,stbackupdata002,BlobStorage-GB,893.73,0.02,17.8745,0
2026-01-18,GCP,Cloud SQL,asia-east1,gcp-main-postgres-db,db-custom-2-7680,20.7,0.35,7.2448,0
2026-01-18,GCP,Cloud SQL,europe-west1,gcp-main-postgres-db,db-custom-2-7680,20.84,0.35,7.2937,0
2026-01-18,Azure,Azure VM,westeurope,vm-api-prod-02,Standard_D4s_v3,19.64,0.192,3.771,0
2026-01-18,Azure,Azure Storage,westeurope,stappprodlogs001,BlobStorage-GB,763.23,0.02,15.2646,0
2026-01-18,AWS,EC2,eu-west-1,i-0d1e2f3a4b5c6,BoxUsage:t3.xlarge,21.82,0.1664,3.6309,0
2026-01-18,GCP,Cloud SQL,us-central1,gcp-main-postgres-db,db-custom-2-7680,21.34,0.35,7.4679,0
2026-01-18,AWS,Lambda,us-west-2,image-resizer-worker,RequestCount,289780.26,2e-07,0.058,0
2026-01-18,Azure,Azure VM,southeastasia,vm-api-prod-02,Standard_D4s_v3,19.46,0.192,3.7359,0
2026-01-18,AWS,Lambda,eu-west-1,auth-token-verifier,RequestCount,257178.98,2e-07,0.0514,0
2026-01-19,GCP,Compute Engine,europe-west1,gcp-k8s-worker-2,n2-standard-4,21.96,0.194,4.26,0
2026-01-19,Azure,Azure VM,westeurope,vm-api-prod-02,Standard_D4s_v3,23.39,0.192,4.4903,0
2026-01-19,GCP,Compute Engine,asia-east1,gcp-k8s-worker-2,n2-standard-4,24.35,0.194,4.7238,0
2026-01-19,Azure,Azure VM,eastus,vm-api-prod-02,Standard_D4s_v3,21.37,0.192,4.1029,0
2026-01-19,AWS,S3,ap-southeast-1,app-logs-archive,StandardStorage-GB,903.88,0.023,20.7893,0
2026-01-19,AWS,EBS,ap-southeast-1,vol-0fe0d1c2b3a498765,VolumeUsage.gp3,200.06,0.08,16.0052,0
2026-01-19,GCP,Compute Engine,europe-west1,gcp-k8s-worker-1,n2-standard-4,20.54,0.194,3.9846,0
2026-01-19,Azure,Azure VM,westeurope,vm-api-prod-02,Standard_D4s_v3,22.33,0.192,4.2865,0
2026-01-19,AWS,RDS,us-east-1,analytics-read-replica,InstanceUsage:db.m5.large,23.02,0.38,8.7465,0
2026-01-19,AWS,RDS,us-west-2,prod-db-cluster-primary,InstanceUsage:db.m5.large,22.22,0.38,8.4426,0
2026-01-19,AWS,S3,us-east-1,app-logs-archive,StandardStorage-GB,806.11,0.023,18.5405,0
2026-01-19,GCP,Cloud SQL,europe-west1,gcp-main-postgres-db,db-custom-2-7680,19.78,0.35,6.9238,0
2026-01-19,Azure,Azure Storage,southeastasia,stappprodlogs001,BlobStorage-GB,1105.43,0.02,22.1086,0
2026-01-19,Azure,Azure Storage,eastus,stappprodlogs001,BlobStorage-GB,798.34,0.02,15.9667,0
2026-01-19,AWS,Lambda,eu-west-1,event-processor,RequestCount,689121.88,2e-07,0.1378,0
2026-01-20,Azure,Azure VM,southeastasia,vm-web-prod-01,Standard_D4s_v3,20.06,0.192,3.8512,0
2026-01-20,AWS,EC2,eu-west-1,i-0b7e6d5c4b3a2,BoxUsage:t3.xlarge,19.31,0.1664,3.2136,0
2026-01-20,GCP,Compute Engine,asia-east1,gcp-k8s-worker-2,n2-standard-4,19.81,0.194,3.8425,0
2026-01-20,GCP,Cloud SQL,asia-east1,gcp-main-postgres-db,db-custom-2-7680,22.43,0.35,7.8493,0
2026-01-20,GCP,Cloud SQL,europe-west1,gcp-main-postgres-db,db-custom-2-7680,24.23,0.35,8.4818,0
2026-01-20,Azure,Azure VM,southeastasia,vm-web-prod-01,Standard_D4s_v3,19.99,0.192,3.8386,0
2026-01-20,Azure,Azure Storage,southeastasia,stappprodlogs001,BlobStorage-GB,418.39,0.02,8.3678,0
2026-01-20,Azure,Azure VM,southeastasia,vm-web-prod-01,Standard_D4s_v3,18.49,0.192,3.5497,0
2026-01-20,Azure,Azure VM,southeastasia,vm-api-prod-02,Standard_D4s_v3,20.72,0.192,3.9791,0
2026-01-20,Azure,Azure Storage,southeastasia,stappprodlogs001,BlobStorage-GB,1193.9,0.02,23.8781,0
2026-01-20,Azure,Azure Storage,southeastasia,stbackupdata002,BlobStorage-GB,759.94,0.02,15.1988,0
2026-01-20,GCP,Compute Engine,europe-west1,gcp-k8s-worker-2,n2-standard-4,23.1,0.194,4.4812,0
2026-01-20,AWS,S3,ap-southeast-1,prod-analytics-data-dump,StandardStorage-GB,528.91,0.023,12.165,0
2026-01-20,GCP,Compute Engine,asia-east1,gcp-k8s-worker-1,n2-standard-4,20.52,0.194,3.9801,0
2026-01-20,Azure,Azure Storage,eastus,stappprodlogs001,BlobStorage-GB,547.27,0.02,10.9453,0
2026-01-20,Azure,Azure VM,eastus,vm-api-prod-02,Standard_D4s_v3,21.84,0.192,4.1927,0
2026-01-21,Azure,Azure VM,southeastasia,vm-api-prod-02,Standard_D4s_v3,21.97,0.192,4.2179,0
2026-01-21,Azure,Azure VM,eastus,vm-web-prod-01,Standard_D4s_v3,22.95,0.192,4.4064,0
2026-01-21,GCP,Cloud SQL,asia-east1,gcp-main-postgres-db,db-custom-2-7680,20.97,0.35,7.3412,0
2026-01-21,Azure,Azure Storage,southeastasia,stappprodlogs001,BlobStorage-GB,789.05,0.02,15.7809,0
2026-01-21,Azure,Azure VM,westeurope,vm-api-prod-02,Standard_D4s_v3,22.04,0.192,4.2321,0
2026-01-21,GCP,Cloud SQL,us-central1,gcp-main-postgres-db,db-custom-2-7680,23.25,0.35,8.1387,0
2026-01-21,AWS,EC2,us-west-2,i-0d1e2f3a4b5c6,BoxUsage:t3.xlarge,18.83,0.1664,3.1331,0
2026-01-21,AWS,Lambda,us-east-1,image-resizer-worker,RequestCount,726049.61,2e-07,0.1452,0
2026-01-21,GCP,Cloud SQL,europe-west1,gcp-main-postgres-db,db-custom-2-7680,22.77,0.35,7.9707,0
2026-01-21,AWS,EBS,us-west-2,vol-0123456789abcdef0,VolumeUsage.gp3,233.95,0.08,18.7164,0
2026-01-21,GCP,Compute Engine,europe-west1,gcp-k8s-worker-1,n2-standard-4,20.54,0.194,3.984,0
2026-01-21,GCP,Compute Engine,us-central1,gcp-k8s-worker-2,n2-standard-4,20.86,0.194,4.047,0
2026-01-21,Azure,Azure VM,eastus,vm-api-prod-02,Standard_D4s_v3,17.92,0.192,3.4408,0
2026-01-21,AWS,EC2,eu-west-1,i-0c9d8e7f6a5b4,BoxUsage:t3.xlarge,17.97,0.1664,2.991,0
2026-01-21,Azure,Azure VM,southeastasia,vm-web-prod-01,Standard_D4s_v3,19.79,0.192,3.7999,0
2026-01-21,AWS,S3,eu-west-1,prod-analytics-data-dump,StandardStorage-GB,474.49,0.023,10.9133,0
2026-01-22,Azure,Azure Storage,eastus,stappprodlogs001,BlobStorage-GB,655.8,0.02,13.116,0
2026-01-22,Azure,Azure Storage,southeastasia,stappprodlogs001,BlobStorage-GB,1292.23,0.02,25.8447,0
2026-01-22,GCP,Cloud SQL,europe-west1,gcp-main-postgres-db,db-custom-2-7680,19.94,0.35,6.9805,0
2026-01-22,AWS,Lambda,eu-west-1,auth-token-verifier,RequestCount,652932.89,2e-07,0.1306,0
2026-01-22,Azure,Azure VM,westeurope,vm-web-prod-01,Standard_D4s_v3,23.46,0.192,4.5046,0
2026-01-22,GCP,Cloud SQL,europe-west1,gcp-main-postgres-db,db-custom-2-7680,21.47,0.35,7.5141,0
2026-01-22,Azure,Azure Storage,eastus,stbackupdata002,BlobStorage-GB,1203.87,0.02,24.0774,0
2026-01-22,GCP,Cloud SQL,asia-east1,gcp-main-postgres-db,db-custom-2-7680,20.41,0.35,7.1449,0
2026-01-22,AWS,S3,us-west-2,user-media-storage-bucket,StandardStorage-GB,1216.9,0.023,27.9888,0
2026-01-22,GCP,Compute Engine,europe-west1,gcp-k8s-worker-1,n2-standard-4,18.95,0.194,3.6766,0
2026-01-22,Azure,Azure VM,southeastasia,vm-api-prod-02,Standard_D4s_v3,22.89,0.192,4.3943,0
2026-01-22,AWS,S3,eu-west-1,app-logs-archive,StandardStorage-GB,590.17,0.023,13.5738,0
2026-01-22,Azure,Azure Storage,southeastasia,stappprodlogs001,BlobStorage-GB,588.98,0.02,11.7795,0
2026-01-22,Azure,Azure Storage,eastus,stbackupdata002,BlobStorage-GB,755.89,0.02,15.1177,0
2026-01-23,AWS,RDS,us-east-1,prod-db-cluster-primary,InstanceUsage:db.m5.large,22.23,0.38,8.4467,0
2026-01-23,Azure,Azure Storage,westeurope,stbackupdata002,BlobStorage-GB,1446.43,0.02,28.9285,0
2026-01-23,AWS,EBS,ap-southeast-1,vol-0123456789abcdef0,VolumeUsage.gp3,411.46,0.08,32.9172,0
2026-01-23,GCP,Compute Engine,asia-east1,gcp-k8s-worker-1,n2-standard-4,21.82,0.194,4.2336,0
2026-01-23,Azure,Azure Storage,westeurope,stbackupdata002,BlobStorage-GB,1123.55,0.02,22.4709,0
2026-01-23,GCP,Cloud SQL,us-central1,gcp-main-postgres-db,db-custom-2-7680,25.08,0.35,8.7789,0
2026-01-23,Azure,Azure Storage,westeurope,stappprodlogs001,BlobStorage-GB,1257.02,0.02,25.1405,0
2026-01-23,GCP,Cloud SQL,europe-west1,gcp-main-postgres-db,db-custom-2-7680,20.85,0.35,7.2984,0
2026-01-23,AWS,RDS,eu-west-1,analytics-read-replica,InstanceUsage:db.m5.large,22.33,0.38,8.4871,0
2026-01-23,Azure,Azure Storage,southeastasia,stbackupdata002,BlobStorage-GB,1116.88,0.02,22.3375,0
2026-01-23,GCP,Cloud SQL,asia-east1,gcp-main-postgres-db,db-custom-2-7680,22.11,0.35,7.7394,0
2026-01-23,Azure,Azure Storage,westeurope,stbackupdata002,BlobStorage-GB,503.03,0.02,10.0607,0
2026-01-23,AWS,RDS,ap-southeast-1,prod-db-cluster-primary,InstanceUsage:db.m5.large,20.69,0.38,7.8641,0
2026-01-23,Azure,Azure Storage,eastus,stbackupdata002,BlobStorage-GB,774.39,0.02,15.4877,0
2026-01-23,GCP,Compute Engine,europe-west1,gcp-k8s-worker-2,n2-standard-4,23.81,0.194,4.6188,0
2026-01-24,AWS,RDS,eu-west-1,analytics-read-replica,InstanceUsage:db.m5.large,23.2,0.38,8.8146,0
2026-01-24,GCP,Compute Engine,europe-west1,gcp-k8s-worker-1,n2-standard-4,20.47,0.194,3.9715,0
2026-01-24,Azure,Azure VM,eastus,vm-api-prod-02,Standard_D4s_v3,22.59,0.192,4.3378,0
2026-01-24,AWS,EBS,eu-west-1,vol-0fe0d1c2b3a498765,VolumeUsage.gp3,194.27,0.08,15.5414,0
2026-01-24,GCP,Cloud SQL,asia-east1,gcp-main-postgres-db,db-custom-2-7680,21.03,0.35,7.3614,0
2026-01-24,GCP,Compute Engine,us-central1,gcp-k8s-worker-1,n2-standard-4,18.7,0.194,3.6277,0
2026-01-24,AWS,Lambda,us-east-1,auth-token-verifier,RequestCount,778992.48,2e-07,0.1558,0
2026-01-24,Azure,Azure VM,westeurope,vm-web-prod-01,Standard_D4s_v3,21.16,0.192,4.0635,0
2026-01-24,AWS,S3,us-west-2,user-media-storage-bucket,StandardStorage-GB,468.91,0.023,10.7848,0
2026-01-24,AWS,S3,eu-west-1,prod-analytics-data-dump,StandardStorage-GB,583.73,0.023,13.4257,0
2026-01-24,Azure,Azure VM,eastus,vm-web-prod-01,Standard_D4s_v3,22.14,0.192,4.2513,0
2026-01-24,GCP,Cloud SQL,asia-east1,gcp-main-postgres-db,db-custom-2-7680,20.03,0.35,7.0104,0
2026-01-24,AWS,EBS,eu-west-1,vol-0fe0d1c2b3a498765,VolumeUsage.gp3,350.62,0.08,28.0495,0
2026-01-24,Azure,Azure VM,eastus,vm-web-prod-01,Standard_D4s_v3,19.23,0.192,3.6928,0
2026-01-24,GCP,Cloud SQL,us-central1,gcp-main-postgres-db,db-custom-2-7680,21.2,0.35,7.4197,0
2026-01-24,AWS,S3,eu-west-1,prod-analytics-data-dump,StandardStorage-GB,440.48,0.023,10.1309,0
2026-01-25,AWS,Lambda,eu-west-1,event-processor,RequestCount,168905.35,2e-07,0.0338,0
2026-01-25,AWS,Lambda,ap-southeast-1,event-processor,RequestCount,686619.39,2e-07,0.1373,0
2026-01-25,Azure,Azure VM,westeurope,vm-api-prod-02,Standard_D4s_v3,24.14,0.192,4.6349,0
2026-01-25,Azure,Azure Storage,eastus,stappprodlogs001,BlobStorage-GB,740.3,0.02,14.8061,0
2026-01-25,AWS,Lambda,us-east-1,auth-token-verifier,RequestCount,775343.8,2e-07,0.1551,0
2026-01-25,GCP,Compute Engine,us-central1,gcp-k8s-worker-1,n2-standard-4,18.81,0.194,3.6489,0
2026-01-25,GCP,Compute Engine,europe-west1,gcp-k8s-worker-1,n2-standard-4,21.8,0.194,4.2287,0
2026-01-25,AWS,S3,us-west-2,prod-analytics-data-dump,StandardStorage-GB,481.98,0.023,11.0856,0
2026-01-25,AWS,RDS,ap-southeast-1,analytics-read-replica,InstanceUsage:db.m5.large,23.08,0.38,8.7723,0
2026-01-25,AWS,S3,eu-west-1,prod-analytics-data-dump,StandardStorage-GB,960.53,0.023,22.0921,0
2026-01-25,Azure,Azure Storage,eastus,stbackupdata002,BlobStorage-GB,615.39,0.02,12.3077,0
2026-01-25,Azure,Azure VM,eastus,vm-web-prod-01,Standard_D4s_v3,23.57,0.192,4.5261,0
2026-01-25,AWS,EBS,us-east-1,vol-0123456789abcdef0,VolumeUsage.gp3,296.39,0.08,23.7111,0
2026-01-25,Azure,Azure VM,westeurope,vm-api-prod-02,Standard_D4s_v3,18.9,0.192,3.6297,0
2026-01-25,Azure,Azure VM,southeastasia,vm-web-prod-01,Standard_D4s_v3,22.58,0.192,4.3352,0
2026-01-25,Azure,Azure VM,eastus,vm-api-prod-02,Standard_D4s_v3,18.12,0.192,3.4783,0
2026-01-26,GCP,Compute Engine,us-central1,gcp-k8s-worker-1,n2-standard-4,21.98,0.194,4.2636,0
2026-01-26,Azure,Azure VM,southeastasia,vm-web-prod-01,Standard_D4s_v3,21.29,0.192,4.0876,0
2026-01-26,AWS,EBS,eu-west-1,vol-0123456789abcdef0,VolumeUsage.gp3,440.65,0.08,35.252,0
2026-01-26,GCP,Compute Engine,us-central1,gcp-k8s-worker-1,n2-standard-4,24.64,0.194,4.7796,0
2026-01-26,GCP,Cloud SQL,us-central1,gcp-main-postgres-db,db-custom-2-7680,20.68,0.35,7.2379,0
2026-01-26,GCP,Cloud SQL,asia-east1,gcp-main-postgres-db,db-custom-2-7680,22.31,0.35,7.8094,0
2026-01-26,Azure,Azure Storage,eastus,stbackupdata002,BlobStorage-GB,803.91,0.02,16.0782,0
2026-01-26,Azure,Azure VM,southeastasia,vm-api-prod-02,Standard_D4s_v3,21.96,0.192,4.2167,0
2026-01-26,Azure,Azure Storage,eastus,stbackupdata002,BlobStorage-GB,917.68,0.02,18.3536,0
2026-01-26,AWS,EC2,us-west-2,i-0a8f9c1d2e3f4,BoxUsage:t3.xlarge,22.41,0.1664,3.7285,0
2026-01-26,GCP,Compute Engine,asia-east1,gcp-k8s-worker-2,n2-standard-4,22.43,0.194,4.3516,0
2026-01-26,GCP,Cloud SQL,us-central1,gcp-main-postgres-db,db-custom-2-7680,22.04,0.35,7.7139,0
2026-01-26,GCP,Cloud SQL,europe-west1,gcp-main-postgres-db,db-custom-2-7680,22.72,0.35,7.9503,0
2026-01-26,GCP,Cloud SQL,europe-west1,gcp-main-postgres-db,db-custom-2-7680,21.29,0.35,7.4524,0
2026-01-27,AWS,RDS,us-west-2,analytics-read-replica,InstanceUsage:db.m5.large,20.98,0.38,7.9728,0
2026-01-27,AWS,Lambda,ap-southeast-1,event-processor,RequestCount,222490.3,2e-07,0.0445,0
2026-01-27,GCP,Cloud SQL,europe-west1,gcp-main-postgres-db,db-custom-2-7680,22.37,0.35,7.8302,0
2026-01-27,GCP,Cloud SQL,us-central1,gcp-main-postgres-db,db-custom-2-7680,24.12,0.35,8.4413,0
2026-01-27,GCP,Cloud SQL,us-central1,gcp-main-postgres-db,db-custom-2-7680,20.4,0.35,7.1416,0
2026-01-27,Azure,Azure VM,southeastasia,vm-web-prod-01,Standard_D4s_v3,21.17,0.192,4.0649,0
2026-01-27,GCP,Compute Engine,us-central1,gcp-k8s-worker-2,n2-standard-4,18.43,0.194,3.5748,0
2026-01-27,Azure,Azure Storage,southeastasia,stappprodlogs001,BlobStorage-GB,663.36,0.02,13.2671,0
2026-01-27,AWS,RDS,us-east-1,prod-db-cluster-primary,InstanceUsage:db.m5.large,21.13,0.38,8.0283,0
2026-01-27,Azure,Azure VM,southeastasia,vm-web-prod-01,Standard_D4s_v3,18.2,0.192,3.4935,0
2026-01-27,AWS,Lambda,us-west-2,auth-token-verifier,RequestCount,361134.5,2e-07,0.0722,0
2026-01-27,Azure,Azure Storage,southeastasia,stbackupdata002,BlobStorage-GB,1378.69,0.02,27.5739,0
2026-01-27,Azure,Azure VM,westeurope,vm-web-prod-01,Standard_D4s_v3,24.82,0.192,4.7647,0
2026-01-27,GCP,Compute Engine,asia-east1,gcp-k8s-worker-1,n2-standard-4,22.21,0.194,4.3081,0
2026-01-27,AWS,EBS,us-west-2,vol-0fe0d1c2b3a498765,VolumeUsage.gp3,166.45,0.08,13.316,0
2026-01-27,Azure,Azure VM,southeastasia,vm-web-prod-01,Standard_D4s_v3,22.49,0.192,4.3175,0
2026-01-28,GCP,Cloud SQL,us-central1,gcp-main-postgres-db,db-custom-2-7680,23.04,0.35,8.0633,0
2026-01-28,AWS,RDS,ap-southeast-1,prod-db-cluster-primary,InstanceUsage:db.m5.large,21.72,0.38,8.2552,0
2026-01-28,AWS,Lambda,eu-west-1,image-resizer-worker,RequestCount,662364.66,2e-07,0.1325,0
2026-01-28,GCP,Compute Engine,us-central1,gcp-k8s-worker-2,n2-standard-4,19.37,0.194,3.7582,0
2026-01-28,Azure,Azure VM,westeurope,vm-api-prod-02,Standard_D4s_v3,20.97,0.192,4.0255,0
2026-01-28,GCP,Cloud SQL,europe-west1,gcp-main-postgres-db,db-custom-2-7680,22.01,0.35,7.7022,0
2026-01-28,AWS,EBS,us-east-1,vol-0123456789abcdef0,VolumeUsage.gp3,473.97,0.08,37.9175,0
2026-01-28,GCP,Cloud SQL,us-central1,gcp-main-postgres-db,db-custom-2-7680,23.02,0.35,8.0558,0
2026-01-28,GCP,Cloud SQL,asia-east1,gcp-main-postgres-db,db-custom-2-7680,23.26,0.35,8.1413,0
2026-01-28,GCP,Cloud SQL,us-central1,gcp-main-postgres-db,db-custom-2-7680,21.76,0.35,7.6169,0
2026-01-28,Azure,Azure VM,eastus,vm-web-prod-01,Standard_D4s_v3,22.25,0.192,4.2716,0
2026-01-28,GCP,Cloud SQL,europe-west1,gcp-main-postgres-db,db-custom-2-7680,22.41,0.35,7.8432,0
2026-01-28,Azure,Azure VM,southeastasia,vm-web-prod-01,Standard_D4s_v3,22.68,0.192,4.3546,0
2026-01-28,GCP,Cloud SQL,us-central1,gcp-main-postgres-db,db-custom-2-7680,24.43,0.35,8.5511,0
2026-01-28,Azure,Azure VM,southeastasia,vm-web-prod-01,Standard_D4s_v3,18.96,0.192,3.6402,0
2026-01-29,Azure,Azure Storage,westeurope,stbackupdata002,BlobStorage-GB,835.05,0.02,16.701,0
2026-01-29,Azure,Azure Storage,westeurope,stappprodlogs001,BlobStorage-GB,883.26,0.02,17.6651,0
2026-01-29,AWS,EC2,eu-west-1,i-0b7e6d5c4b3a2,BoxUsage:t3.xlarge,24.64,0.1664,4.1002,0
2026-01-29,GCP,Compute Engine,us-central1,gcp-k8s-worker-1,n2-standard-4,21.28,0.194,4.1289,0
2026-01-29,GCP,Compute Engine,asia-east1,gcp-k8s-worker-2,n2-standard-4,17.66,0.194,3.426,0
2026-01-29,Azure,Azure VM,westeurope,vm-web-prod-01,Standard_D4s_v3,19.71,0.192,3.7846,0
2026-01-29,Azure,Azure VM,westeurope,vm-web-prod-01,Standard_D4s_v3,23.62,0.192,4.5341,0
2026-01-29,GCP,Cloud SQL,asia-east1,gcp-main-postgres-db,db-custom-2-7680,23.47,0.35,8.2129,0
2026-01-29,GCP,Compute Engine,europe-west1,gcp-k8s-worker-1,n2-standard-4,18.4,0.194,3.5704,0
2026-01-29,AWS,S3,eu-west-1,app-logs-archive,StandardStorage-GB,935.84,0.023,21.5242,0
2026-01-29,Azure,Azure Storage,westeurope,stappprodlogs001,BlobStorage-GB,1429.45,0.02,28.5889,0
2026-01-29,AWS,Lambda,us-west-2,image-resizer-worker,RequestCount,698165.23,2e-07,0.1396,0
2026-01-29,GCP,Compute Engine,asia-east1,gcp-k8s-worker-2,n2-standard-4,19.87,0.194,3.8556,0
2026-01-29,Azure,Azure Storage,southeastasia,stappprodlogs001,BlobStorage-GB,733.66,0.02,14.6733,0
2026-01-29,GCP,Cloud SQL,europe-west1,gcp-main-postgres-db,db-custom-2-7680,22.94,0.35,8.0273,0
2026-01-29,Azure,Azure Storage,westeurope,stappprodlogs001,BlobStorage-GB,1376.6,0.02,27.5319,0
2026-01-30,GCP,Compute Engine,asia-east1,gcp-k8s-worker-1,n2-standard-4,19.69,0.194,3.8194,0
2026-01-30,AWS,RDS,us-east-1,prod-db-cluster-primary,InstanceUsage:db.m5.large,22.53,0.38,8.5602,0
2026-01-30,Azure,Azure VM,southeastasia,vm-api-prod-02,Standard_D4s_v3,24.27,0.192,4.6601,0
2026-01-30,GCP,Cloud SQL,europe-west1,gcp-main-postgres-db,db-custom-2-7680,23.12,0.35,8.0912,0
2026-01-30,GCP,Compute Engine,europe-west1,gcp-k8s-worker-1,n2-standard-4,21.55,0.194,4.1811,0
2026-01-30,GCP,Cloud SQL,asia-east1,gcp-main-postgres-db,db-custom-2-7680,22.83,0.35,7.9902,0
2026-01-30,AWS,S3,us-east-1,app-logs-archive,StandardStorage-GB,1161.92,0.023,26.724,0
2026-01-30,AWS,EBS,ap-southeast-1,vol-0123456789abcdef0,VolumeUsage.gp3,457.27,0.08,36.5815,0
2026-01-30,Azure,Azure Storage,westeurope,stbackupdata002,BlobStorage-GB,494.48,0.02,9.8896,0
2026-01-30,AWS,RDS,us-west-2,analytics-read-replica,InstanceUsage:db.m5.large,21.79,0.38,8.28,0
2026-01-30,GCP,Cloud SQL,asia-east1,gcp-main-postgres-db,db-custom-2-7680,21.09,0.35,7.3802,0
2026-01-30,GCP,Compute Engine,asia-east1,gcp-k8s-worker-1,n2-standard-4,19.36,0.194,3.755,0
2026-01-30,Azure,Azure Storage,eastus,stappprodlogs001,BlobStorage-GB,778.51,0.02,15.5703,0
2026-01-30,GCP,Compute Engine,us-central1,gcp-k8s-worker-2,n2-standard-4,18.79,0.194,3.6457,0
2026-01-31,GCP,Compute Engine,europe-west1,gcp-k8s-worker-1,n2-standard-4,19.66,0.194,3.8148,0
2026-01-31,GCP,Cloud SQL,europe-west1,gcp-main-postgres-db,db-custom-2-7680,24.17,0.35,8.4586,0
2026-01-31,GCP,Compute Engine,us-central1,gcp-k8s-worker-2,n2-standard-4,18.5,0.194,3.5889,0
2026-01-31,GCP,Compute Engine,europe-west1,gcp-k8s-worker-2,n2-standard-4,18.99,0.194,3.6843,0
2026-01-31,AWS,EBS,us-west-2,vol-0fe0d1c2b3a498765,VolumeUsage.gp3,106.97,0.08,8.5574,0
2026-01-31,AWS,EBS,eu-west-1,vol-0123456789abcdef0,VolumeUsage.gp3,465.99,0.08,37.2794,0
2026-01-31,AWS,EBS,us-west-2,vol-0fe0d1c2b3a498765,VolumeUsage.gp3,141.33,0.08,11.3066,0
2026-01-31,GCP,Cloud SQL,us-central1,gcp-main-postgres-db,db-custom-2-7680,21.0,0.35,7.3503,0
2026-01-31,GCP,Compute Engine,asia-east1,gcp-k8s-worker-2,n2-standard-4,17.64,0.194,3.4231,0
2026-01-31,AWS,EBS,eu-west-1,vol-0123456789abcdef0,VolumeUsage.gp3,431.89,0.08,34.5508,0
2026-01-31,AWS,S3,eu-west-1,app-logs-archive,StandardStorage-GB,855.77,0.023,19.6827,0
2026-01-31,GCP,Cloud SQL,europe-west1,gcp-main-postgres-db,db-custom-2-7680,19.87,0.35,6.9553,0
2026-01-31,Azure,Azure VM,westeurope,vm-web-prod-01,Standard_D4s_v3,18.31,0.192,3.5157,0
2026-01-31,AWS,EC2,ap-southeast-1,i-0d1e2f3a4b5c6,BoxUsage:t3.xlarge,22.56,0.1664,3.7538,0
2026-01-31,GCP,Compute Engine,us-central1,gcp-k8s-worker-2,n2-standard-4,19.35,0.194,3.754,0
2026-02-01,GCP,Cloud SQL,asia-east1,gcp-main-postgres-db,db-custom-2-7680,22.43,0.35,7.8502,0
2026-02-01,AWS,RDS,ap-southeast-1,prod-db-cluster-primary,InstanceUsage:db.m5.large,20.82,0.38,7.913,0
2026-02-01,Azure,Azure VM,eastus,vm-api-prod-02,Standard_D4s_v3,25.07,0.192,4.8143,0
2026-02-01,GCP,Compute Engine,us-central1,gcp-k8s-worker-2,n2-standard-4,19.6,0.194,3.8033,0
2026-02-01,GCP,Cloud SQL,us-central1,gcp-main-postgres-db,db-custom-2-7680,22.14,0.35,7.7477,0
2026-02-01,AWS,S3,us-east-1,user-media-storage-bucket,StandardStorage-GB,1200.29,0.023,27.6066,0
2026-02-01,AWS,RDS,ap-southeast-1,prod-db-cluster-primary,InstanceUsage:db.m5.large,21.49,0.38,8.1665,0
2026-02-01,GCP,Cloud SQL,europe-west1,gcp-main-postgres-db,db-custom-2-7680,21.61,0.35,7.5629,0
2026-02-01,Azure,Azure Storage,westeurope,stappprodlogs001,BlobStorage-GB,935.38,0.02,18.7075,0
2026-02-01,AWS,Lambda,us-east-1,image-resizer-worker,RequestCount,147839.78,2e-07,0.0296,0
2026-02-01,Azure,Azure VM,southeastasia,vm-web-prod-01,Standard_D4s_v3,21.59,0.192,4.1444,0
2026-02-01,AWS,RDS,us-west-2,analytics-read-replica,InstanceUsage:db.m5.large,23.04,0.38,8.7547,0
2026-02-01,AWS,RDS,ap-southeast-1,analytics-read-replica,InstanceUsage:db.m5.large,20.83,0.38,7.9162,0
2026-02-01,AWS,Lambda,us-east-1,image-resizer-worker,RequestCount,498282.14,2e-07,0.0997,0
2026-02-01,GCP,Cloud SQL,asia-east1,gcp-main-postgres-db,db-custom-2-7680,20.36,0.35,7.1259,0
2026-02-02,Azure,Azure Storage,eastus,stbackupdata002,BlobStorage-GB,464.21,0.02,9.2842,0
2026-02-02,Azure,Azure VM,westeurope,vm-web-prod-01,Standard_D4s_v3,19.6,0.192,3.7625,0
2026-02-02,AWS,RDS,ap-southeast-1,prod-db-cluster-primary,InstanceUsage:db.m5.large,22.56,0.38,8.5738,0
2026-02-02,AWS,EBS,us-east-1,vol-0123456789abcdef0,VolumeUsage.gp3,247.19,0.08,19.7755,0
2026-02-02,Azure,Azure VM,southeastasia,vm-web-prod-01,Standard_D4s_v3,23.12,0.192,4.4388,0
2026-02-02,AWS,S3,ap-southeast-1,app-logs-archive,StandardStorage-GB,648.92,0.023,14.9251,0
2026-02-02,AWS,EC2,ap-southeast-1,i-0b7e6d5c4b3a2,BoxUsage:t3.xlarge,18.86,0.1664,3.138,0
2026-02-02,GCP,Cloud SQL,asia-east1,gcp-main-postgres-db,db-custom-2-7680,21.52,0.35,7.5337,0
2026-02-02,AWS,EC2,ap-southeast-1,i-0b7e6d5c4b3a2,BoxUsage:t3.xlarge,23.83,0.1664,3.9653,0
2026-02-02,GCP,Cloud SQL,europe-west1,gcp-main-postgres-db,db-custom-2-7680,21.29,0.35,7.4509,0
2026-02-02,AWS,EBS,eu-west-1,vol-0123456789abcdef0,VolumeUsage.gp3,465.78,0.08,37.262,0
2026-02-02,AWS,EC2,us-east-1,i-0b7e6d5c4b3a2,BoxUsage:t3.xlarge,23.38,0.1664,3.891,0
2026-02-02,Azure,Azure VM,southeastasia,vm-api-prod-02,Standard_D4s_v3,19.13,0.192,3.6721,0
2026-02-02,Azure,Azure VM,westeurope,vm-api-prod-02,Standard_D4s_v3,21.87,0.192,4.1997,0
2026-02-02,Azure,Azure Storage,southeastasia,stappprodlogs001,BlobStorage-GB,850.07,0.02,17.0015,0
2026-02-02,Azure,Azure VM,eastus,vm-web-prod-01,Standard_D4s_v3,20.0,0.192,3.8394,0
2026-02-03,AWS,S3,us-west-2,app-logs-archive,StandardStorage-GB,492.89,0.023,11.3365,0
2026-02-03,Azure,Azure Storage,westeurope,stbackupdata002,BlobStorage-GB,548.07,0.02,10.9613,0
2026-02-03,Azure,Azure Storage,westeurope,stbackupdata002,BlobStorage-GB,878.37,0.02,17.5674,0
2026-02-03,AWS,Lambda,us-west-2,event-processor,RequestCount,362394.84,2e-07,0.0725,0
2026-02-03,Azure,Azure VM,eastus,vm-api-prod-02,Standard_D4s_v3,21.24,0.192,4.0775,0
2026-02-03,Azure,Azure Storage,eastus,stbackupdata002,BlobStorage-GB,1205.72,0.02,24.1145,0
2026-02-03,AWS,S3,eu-west-1,app-logs-archive,StandardStorage-GB,1002.23,0.023,23.0514,0
2026-02-03,GCP,Cloud SQL,europe-west1,gcp-main-postgres-db,db-custom-2-7680,22.65,0.35,7.9268,0
2026-02-03,GCP,Cloud SQL,asia-east1,gcp-main-postgres-db,db-custom-2-7680,21.38,0.35,7.4813,0
2026-02-03,GCP,Compute Engine,us-central1,gcp-k8s-worker-1,n2-standard-4,20.47,0.194,3.971,0
2026-02-03,AWS,Lambda,us-east-1,event-processor,RequestCount,139307.63,2e-07,0.0279,0
2026-02-03,AWS,EC2,ap-southeast-1,i-0a8f9c1d2e3f4,BoxUsage:t3.xlarge,20.99,0.1664,3.4933,0
2026-02-03,Azure,Azure VM,southeastasia,vm-api-prod-02,Standard_D4s_v3,21.34,0.192,4.0981,0
2026-02-03,Azure,Azure Storage,eastus,stappprodlogs001,BlobStorage-GB,1417.32,0.02,28.3464,0
2026-02-04,GCP,Cloud SQL,europe-west1,gcp-main-postgres-db,db-custom-2-7680,20.74,0.35,7.2603,0
2026-02-04,AWS,EC2,eu-west-1,i-0a8f9c1d2e3f4,BoxUsage:t3.xlarge,20.68,0.1664,3.4409,0
2026-02-04,Azure,Azure Storage,westeurope,stbackupdata002,BlobStorage-GB,559.3,0.02,11.1859,0
2026-02-04,AWS,EC2,us-west-2,i-0d1e2f3a4b5c6,BoxUsage:t3.xlarge,17.72,0.1664,2.9493,0
2026-02-04,GCP,Cloud SQL,us-central1,gcp-main-postgres-db,db-custom-2-7680,22.3,0.35,7.8054,0
2026-02-04,AWS,EBS,us-west-2,vol-0123456789abcdef0,VolumeUsage.gp3,158.99,0.08,12.7194,0
2026-02-04,Azure,Azure Storage,westeurope,stbackupdata002,BlobStorage-GB,1149.28,0.02,22.9855,0
2026-02-04,AWS,S3,us-west-2,user-media-storage-bucket,StandardStorage-GB,1042.13,0.023,23.9689,0
2026-02-04,GCP,Compute Engine,asia-east1,gcp-k8s-worker-1,n2-standard-4,21.78,0.194,4.2251,0
2026-02-04,AWS,Lambda,us-west-2,auth-token-verifier,RequestCount,386684.01,2e-07,0.0773,0
2026-02-04,AWS,Lambda,us-west-2,image-resizer-worker,RequestCount,802786.25,2e-07,0.1606,0
2026-02-04,AWS,Lambda,ap-southeast-1,auth-token-verifier,RequestCount,724039.59,2e-07,0.1448,0
2026-02-04,GCP,Cloud SQL,us-central1,gcp-main-postgres-db,db-custom-2-7680,20.98,0.35,7.3423,0
2026-02-04,Azure,Azure VM,westeurope,vm-web-prod-01,Standard_D4s_v3,21.16,0.192,4.0625,0
2026-02-04,GCP,Cloud SQL,europe-west1,gcp-main-postgres-db,db-custom-2-7680,21.08,0.35,7.3797,0
2026-02-04,GCP,Compute Engine,europe-west1,gcp-k8s-worker-2,n2-standard-4,22.23,0.194,4.3127,0
2026-02-05,AWS,S3,us-east-1,prod-analytics-data-dump,StandardStorage-GB,59639.88,0.023,1371.7172,1
2026-02-05,Azure,Azure VM,southeastasia,vm-api-prod-02,Standard_D4s_v3,24.09,0.192,4.6247,0
2026-02-05,Azure,Azure Storage,southeastasia,stappprodlogs001,BlobStorage-GB,915.83,0.02,18.3166,0
2026-02-05,Azure,Azure Storage,westeurope,stbackupdata002,BlobStorage-GB,834.52,0.02,16.6905,0
2026-02-05,Azure,Azure Storage,westeurope,stappprodlogs001,BlobStorage-GB,1138.06,0.02,22.7612,0
2026-02-05,GCP,Compute Engine,asia-east1,gcp-k8s-worker-1,n2-standard-4,19.22,0.194,3.7296,0
2026-02-05,GCP,Cloud SQL,asia-east1,gcp-main-postgres-db,db-custom-2-7680,20.33,0.35,7.1156,0
2026-02-05,AWS,EBS,us-west-2,vol-0123456789abcdef0,VolumeUsage.gp3,423.64,0.08,33.8909,0
2026-02-05,AWS,Lambda,eu-west-1,auth-token-verifier,RequestCount,132844.83,2e-07,0.0266,0
2026-02-05,AWS,RDS,eu-west-1,prod-db-cluster-primary,InstanceUsage:db.m5.large,23.11,0.38,8.7829,0
2026-02-05,AWS,RDS,ap-southeast-1,prod-db-cluster-primary,InstanceUsage:db.m5.large,22.69,0.38,8.6234,0
2026-02-05,GCP,Compute Engine,asia-east1,gcp-k8s-worker-2,n2-standard-4,20.33,0.194,3.9437,0
2026-02-05,AWS,EBS,eu-west-1,vol-0fe0d1c2b3a498765,VolumeUsage.gp3,448.55,0.08,35.8843,0
2026-02-05,GCP,Cloud SQL,europe-west1,gcp-main-postgres-db,db-custom-2-7680,22.53,0.35,7.8872,0
2026-02-05,Azure,Azure Storage,westeurope,stbackupdata002,BlobStorage-GB,753.75,0.02,15.075,0
2026-02-06,GCP,Cloud SQL,us-central1,gcp-main-postgres-db,db-custom-2-7680,21.85,0.35,7.6465,0
2026-02-06,Azure,Azure VM,southeastasia,vm-api-prod-02,Standard_D4s_v3,18.97,0.192,3.642,0
2026-02-06,GCP,Cloud SQL,europe-west1,gcp-main-postgres-db,db-custom-2-7680,19.37,0.35,6.781,0
2026-02-06,Azure,Azure Storage,westeurope,stappprodlogs001,BlobStorage-GB,998.84,0.02,19.9768,0
2026-02-06,Azure,Azure Storage,southeastasia,stbackupdata002,BlobStorage-GB,936.78,0.02,18.7355,0
2026-02-06,AWS,S3,us-west-2,user-media-storage-bucket,StandardStorage-GB,953.96,0.023,21.941,0
2026-02-06,AWS,RDS,us-west-2,prod-db-cluster-primary,InstanceUsage:db.m5.large,23.26,0.38,8.8398,0
2026-02-06,AWS,Lambda,us-west-2,event-processor,RequestCount,101034.63,2e-07,0.0202,0
2026-02-06,Azure,Azure VM,westeurope,vm-web-prod-01,Standard_D4s_v3,22.24,0.192,4.27,0
2026-02-06,AWS,Lambda,us-west-2,auth-token-verifier,RequestCount,129321.14,2e-07,0.0259,0
2026-02-06,AWS,S3,us-east-1,prod-analytics-data-dump,StandardStorage-GB,56973.17,0.023,1310.3829,1
2026-02-06,Azure,Azure Storage,southeastasia,stappprodlogs001,BlobStorage-GB,1026.16,0.02,20.5232,0
2026-02-06,GCP,Cloud SQL,asia-east1,gcp-main-postgres-db,db-custom-2-7680,20.88,0.35,7.308,0
2026-02-06,GCP,Compute Engine,europe-west1,gcp-k8s-worker-2,n2-standard-4,22.6,0.194,4.3835,0
2026-02-07,AWS,RDS,eu-west-1,prod-db-cluster-primary,InstanceUsage:db.m5.large,20.98,0.38,7.9731,0
2026-02-07,AWS,EBS,us-west-2,vol-0fe0d1c2b3a498765,VolumeUsage.gp3,233.45,0.08,18.6756,0
2026-02-07,Azure,Azure VM,westeurope,vm-api-prod-02,Standard_D4s_v3,21.94,0.192,4.2131,0
2026-02-07,AWS,S3,ap-southeast-1,prod-analytics-data-dump,StandardStorage-GB,48120.37,0.023,1106.7685,1
2026-02-07,GCP,Compute Engine,europe-west1,gcp-k8s-worker-2,n2-standard-4,18.28,0.194,3.5468,0
2026-02-07,Azure,Azure Storage,westeurope,stappprodlogs001,BlobStorage-GB,951.6,0.02,19.032,0
2026-02-07,Azure,Azure VM,westeurope,vm-api-prod-02,Standard_D4s_v3,19.18,0.192,3.6835,0
2026-02-07,Azure,Azure VM,eastus,vm-api-prod-02,Standard_D4s_v3,22.48,0.192,4.3161,0
2026-02-07,AWS,RDS,ap-southeast-1,prod-db-cluster-primary,InstanceUsage:db.m5.large,20.55,0.38,7.8091,0
2026-02-07,Azure,Azure VM,eastus,vm-api-prod-02,Standard_D4s_v3,19.54,0.192,3.7525,0
2026-02-07,Azure,Azure Storage,westeurope,stbackupdata002,BlobStorage-GB,946.31,0.02,18.9261,0
2026-02-07,GCP,Compute Engine,us-central1,gcp-k8s-worker-1,n2-standard-4,17.99,0.194,3.4903,0
2026-02-07,Azure,Azure Storage,westeurope,stbackupdata002,BlobStorage-GB,729.47,0.02,14.5895,0
2026-02-07,GCP,Compute Engine,asia-east1,gcp-k8s-worker-2,n2-standard-4,21.96,0.194,4.2594,0
2026-02-07,GCP,Compute Engine,us-central1,gcp-k8s-worker-1,n2-standard-4,18.37,0.194,3.5631,0
2026-02-08,Azure,Azure VM,westeurope,vm-api-prod-02,Standard_D4s_v3,23.77,0.192,4.5632,0
2026-02-08,Azure,Azure VM,eastus,vm-api-prod-02,Standard_D4s_v3,18.43,0.192,3.5376,0
2026-02-08,AWS,Lambda,ap-southeast-1,event-processor,RequestCount,640094.57,2e-07,0.128,0
2026-02-08,AWS,RDS,us-east-1,prod-db-cluster-primary,InstanceUsage:db.m5.large,22.1,0.38,8.3977,0
2026-02-08,GCP,Compute Engine,asia-east1,gcp-k8s-worker-1,n2-standard-4,23.98,0.194,4.6525,0
2026-02-08,GCP,Compute Engine,europe-west1,gcp-k8s-worker-2,n2-standard-4,20.52,0.194,3.9812,0
2026-02-08,AWS,S3,us-east-1,user-media-storage-bucket,StandardStorage-GB,628.04,0.023,14.4449,0
2026-02-08,Azure,Azure Storage,southeastasia,stappprodlogs001,BlobStorage-GB,1080.45,0.02,21.609,0
2026-02-08,Azure,Azure Storage,southeastasia,stbackupdata002,BlobStorage-GB,468.39,0.02,9.3678,0
2026-02-08,Azure,Azure VM,westeurope,vm-web-prod-01,Standard_D4s_v3,20.83,0.192,3.9993,0
2026-02-08,GCP,Compute Engine,us-central1,gcp-k8s-worker-2,n2-standard-4,22.22,0.194,4.3097,0
2026-02-08,AWS,S3,eu-west-1,app-logs-archive,StandardStorage-GB,848.58,0.023,19.5173,0
2026-02-08,Azure,Azure Storage,westeurope,stbackupdata002,BlobStorage-GB,1017.46,0.02,20.3491,0
2026-02-08,AWS,S3,eu-west-1,app-logs-archive,StandardStorage-GB,529.06,0.023,12.1684,0
2026-02-08,AWS,RDS,us-west-2,analytics-read-replica,InstanceUsage:db.m5.large,22.36,0.38,8.4962,0
2026-02-09,GCP,Cloud SQL,us-central1,gcp-main-postgres-db,db-custom-2-7680,22.34,0.35,7.8199,0
2026-02-09,AWS,S3,us-west-2,app-logs-archive,StandardStorage-GB,580.9,0.023,13.3607,0
2026-02-09,AWS,EC2,us-west-2,i-0d1e2f3a4b5c6,BoxUsage:t3.xlarge,17.74,0.1664,2.9515,0
2026-02-09,AWS,RDS,us-west-2,prod-db-cluster-primary,InstanceUsage:db.m5.large,20.6,0.38,7.8285,0
2026-02-09,Azure,Azure VM,southeastasia,vm-web-prod-01,Standard_D4s_v3,22.77,0.192,4.3722,0
2026-02-09,AWS,Lambda,ap-southeast-1,event-processor,RequestCount,142304.94,2e-07,0.0285,0
2026-02-09,AWS,RDS,eu-west-1,analytics-read-replica,InstanceUsage:db.m5.large,20.0,0.38,7.6008,0
2026-02-09,AWS,EBS,us-east-1,vol-0123456789abcdef0,VolumeUsage.gp3,311.42,0.08,24.9137,0
2026-02-09,Azure,Azure VM,southeastasia,vm-api-prod-02,Standard_D4s_v3,20.45,0.192,3.9267,0
2026-02-09,GCP,Compute Engine,asia-east1,gcp-k8s-worker-2,n2-standard-4,21.65,0.194,4.2004,0
2026-02-09,Azure,Azure Storage,westeurope,stappprodlogs001,BlobStorage-GB,763.27,0.02,15.2653,0
2026-02-09,AWS,EBS,us-west-2,vol-0fe0d1c2b3a498765,VolumeUsage.gp3,464.3,0.08,37.1437,0
2026-02-09,Azure,Azure Storage,westeurope,stappprodlogs001,BlobStorage-GB,1171.44,0.02,23.4288,0
2026-02-09,AWS,S3,us-east-1,app-logs-archive,StandardStorage-GB,456.6,0.023,10.5018,0
2026-02-10,GCP,Compute Engine,asia-east1,gcp-k8s-worker-2,n2-standard-4,18.38,0.194,3.5659,0
2026-02-10,AWS,EC2,us-east-1,i-0c9d8e7f6a5b4,BoxUsage:t3.xlarge,18.69,0.1664,3.1106,0
2026-02-10,AWS,RDS,us-east-1,analytics-read-replica,InstanceUsage:db.m5.large,22.28,0.38,8.4657,0
2026-02-10,AWS,EC2,us-east-1,i-0a8f9c1d2e3f4,BoxUsage:t3.xlarge,23.4,0.1664,3.8931,0
2026-02-10,Azure,Azure Storage,southeastasia,stbackupdata002,BlobStorage-GB,1295.79,0.02,25.9157,0
2026-02-10,Azure,Azure Storage,westeurope,stbackupdata002,BlobStorage-GB,1026.44,0.02,20.5288,0
2026-02-10,AWS,S3,us-west-2,user-media-storage-bucket,StandardStorage-GB,507.42,0.023,11.6707,0
2026-02-10,GCP,Compute Engine,asia-east1,gcp-k8s-worker-2,n2-standard-4,19.27,0.194,3.7386,0
2026-02-10,Azure,Azure VM,eastus,vm-web-prod-01,Standard_D4s_v3,20.91,0.192,4.0153,0
2026-02-10,GCP,Cloud SQL,us-central1,gcp-main-postgres-db,db-custom-2-7680,20.22,0.35,7.0769,0
2026-02-10,Azure,Azure VM,southeastasia,vm-api-prod-02,Standard_D4s_v3,20.6,0.192,3.9547,0
2026-02-10,AWS,EBS,eu-west-1,vol-0fe0d1c2b3a498765,VolumeUsage.gp3,185.41,0.08,14.8324,0
2026-02-10,GCP,Cloud SQL,europe-west1,gcp-main-postgres-db,db-custom-2-7680,21.29,0.35,7.4516,0
2026-02-10,Azure,Azure VM,westeurope,vm-web-prod-01,Standard_D4s_v3,17.98,0.192,3.4519,0
2026-02-10,GCP,Cloud SQL,us-central1,gcp-main-postgres-db,db-custom-2-7680,23.0,0.35,8.0486,0
2026-02-10,AWS,S3,us-west-2,app-logs-archive,StandardStorage-GB,942.75,0.023,21.6833,0
2026-02-11,Azure,Azure VM,southeastasia,vm-api-prod-02,Standard_D4s_v3,22.92,0.192,4.4007,0
2026-02-11,Azure,Azure Storage,eastus,stbackupdata002,BlobStorage-GB,1132.74,0.02,22.6548,0
2026-02-11,Azure,Azure Storage,westeurope,stappprodlogs001,BlobStorage-GB,1024.95,0.02,20.499,0
2026-02-11,Azure,Azure VM,westeurope,vm-api-prod-02,Standard_D4s_v3,22.45,0.192,4.3106,0
2026-02-11,AWS,EC2,eu-west-1,i-0c9d8e7f6a5b4,BoxUsage:t3.xlarge,18.28,0.1664,3.0425,0
2026-02-11,GCP,Compute Engine,asia-east1,gcp-k8s-worker-2,n2-standard-4,21.78,0.194,4.226,0
2026-02-11,GCP,Cloud SQL,us-central1,gcp-main-postgres-db,db-custom-2-7680,23.47,0.35,8.2132,0
2026-02-11,GCP,Cloud SQL,asia-east1,gcp-main-postgres-db,db-custom-2-7680,20.33,0.35,7.114,0
2026-02-11,Azure,Azure VM,eastus,vm-api-prod-02,Standard_D4s_v3,20.52,0.192,3.9397,0
2026-02-11,Azure,Azure VM,southeastasia,vm-web-prod-01,Standard_D4s_v3,19.09,0.192,3.6657,0
2026-02-11,GCP,Compute Engine,europe-west1,gcp-k8s-worker-2,n2-standard-4,20.02,0.194,3.8835,0
2026-02-11,AWS,EC2,us-east-1,i-0d1e2f3a4b5c6,BoxUsage:t3.xlarge,18.31,0.1664,3.0471,0
2026-02-11,AWS,EC2,eu-west-1,i-0b7e6d5c4b3a2,BoxUsage:t3.xlarge,20.42,0.1664,3.3983,0
2026-02-11,GCP,Cloud SQL,us-central1,gcp-main-postgres-db,db-custom-2-7680,20.64,0.35,7.2223,0
2026-02-11,AWS,EC2,us-east-1,i-0a8f9c1d2e3f4,BoxUsage:t3.xlarge,24.65,0.1664,4.1025,0
2026-02-12,AWS,EC2,us-east-1,i-0d1e2f3a4b5c6,BoxUsage:t3.xlarge,18.06,0.1664,3.0056,0
2026-02-12,Azure,Azure Storage,southeastasia,stbackupdata002,BlobStorage-GB,1109.0,0.02,22.1799,0
2026-02-12,Azure,Azure Storage,eastus,stbackupdata002,BlobStorage-GB,767.76,0.02,15.3553,0
2026-02-12,AWS,EC2,us-east-1,i-0c9d8e7f6a5b4,BoxUsage:t3.xlarge,19.93,0.1664,3.3164,0
2026-02-12,AWS,S3,us-east-1,prod-analytics-data-dump,StandardStorage-GB,315.56,0.023,7.2579,0
2026-02-12,Azure,Azure VM,westeurope,vm-api-prod-02,Standard_D4s_v3,23.05,0.192,4.4249,0
2026-02-12,AWS,S3,ap-southeast-1,prod-analytics-data-dump,StandardStorage-GB,1092.45,0.023,25.1262,0
2026-02-12,GCP,Cloud SQL,us-central1,gcp-main-postgres-db,db-custom-2-7680,20.28,0.35,7.0987,0
2026-02-12,Azure,Azure VM,westeurope,vm-api-prod-02,Standard_D4s_v3,21.07,0.192,4.0447,0
2026-02-12,GCP,Cloud SQL,europe-west1,gcp-main-postgres-db,db-custom-2-7680,23.19,0.35,8.1169,0
2026-02-12,GCP,Compute Engine,asia-east1,gcp-k8s-worker-2,n2-standard-4,21.95,0.194,4.2574,0
2026-02-12,GCP,Cloud SQL,us-central1,gcp-main-postgres-db,db-custom-2-7680,23.43,0.35,8.2012,0
2026-02-12,Azure,Azure VM,southeastasia,vm-web-prod-01,Standard_D4s_v3,21.28,0.192,4.0856,0
2026-02-12,Azure,Azure VM,southeastasia,vm-web-prod-01,Standard_D4s_v3,22.74,0.192,4.3653,0
2026-02-12,AWS,EBS,us-west-2,vol-0123456789abcdef0,VolumeUsage.gp3,425.41,0.08,34.0332,0
2026-02-13,GCP,Compute Engine,europe-west1,gcp-k8s-worker-2,n2-standard-4,20.6,0.194,3.9968,0
2026-02-13,AWS,EC2,us-west-2,i-0b7e6d5c4b3a2,BoxUsage:t3.xlarge,19.69,0.1664,3.2764,0
2026-02-13,GCP,Cloud SQL,us-central1,gcp-main-postgres-db,db-custom-2-7680,24.27,0.35,8.4948,0
2026-02-13,GCP,Compute Engine,europe-west1,gcp-k8s-worker-1,n2-standard-4,19.26,0.194,3.7368,0
2026-02-13,AWS,S3,ap-southeast-1,user-media-storage-bucket,StandardStorage-GB,518.23,0.023,11.9194,0
2026-02-13,Azure,Azure Storage,westeurope,stappprodlogs001,BlobStorage-GB,1209.63,0.02,24.1926,0
2026-02-13,GCP,Cloud SQL,us-central1,gcp-main-postgres-db,db-custom-2-7680,20.46,0.35,7.1596,0
2026-02-13,AWS,EBS,eu-west-1,vol-0123456789abcdef0,VolumeUsage.gp3,254.97,0.08,20.398,0
2026-02-13,GCP,Compute Engine,asia-east1,gcp-k8s-worker-2,n2-standard-4,17.82,0.194,3.4577,0
2026-02-13,Azure,Azure VM,southeastasia,vm-api-prod-02,Standard_D4s_v3,18.91,0.192,3.631,0
2026-02-13,Azure,Azure VM,westeurope,vm-api-prod-02,Standard_D4s_v3,21.76,0.192,4.177,0
2026-02-13,GCP,Compute Engine,europe-west1,gcp-k8s-worker-2,n2-standard-4,21.91,0.194,4.2502,0
2026-02-13,AWS,Lambda,eu-west-1,event-processor,RequestCount,160247.52,2e-07,0.032,0
2026-02-13,Azure,Azure Storage,eastus,stbackupdata002,BlobStorage-GB,441.98,0.02,8.8397,0
2026-02-13,Azure,Azure Storage,southeastasia,stappprodlogs001,BlobStorage-GB,872.51,0.02,17.4501,0
2026-02-13,Azure,Azure Storage,southeastasia,stappprodlogs001,BlobStorage-GB,652.58,0.02,13.0516,0
2026-02-14,GCP,Cloud SQL,asia-east1,gcp-main-postgres-db,db-custom-2-7680,21.01,0.35,7.3551,0
2026-02-14,Azure,Azure Storage,westeurope,stappprodlogs001,BlobStorage-GB,1177.87,0.02,23.5575,0
2026-02-14,AWS,RDS,ap-southeast-1,prod-db-cluster-primary,InstanceUsage:db.m5.large,21.24,0.38,8.0714,0
2026-02-14,Azure,Azure Storage,eastus,stbackupdata002,BlobStorage-GB,868.41,0.02,17.3681,0
2026-02-14,AWS,EC2,ap-southeast-1,i-0a8f9c1d2e3f4,BoxUsage:t3.xlarge,20.86,0.1664,3.4709,0
2026-02-14,AWS,Lambda,us-east-1,auth-token-verifier,RequestCount,587245.97,2e-07,0.1174,0
2026-02-14,Azure,Azure VM,eastus,vm-api-prod-02,Standard_D4s_v3,20.27,0.192,3.8925,0
2026-02-14,Azure,Azure VM,southeastasia,vm-web-prod-01,Standard_D4s_v3,18.99,0.192,3.6461,0
2026-02-14,AWS,S3,eu-west-1,prod-analytics-data-dump,StandardStorage-GB,961.36,0.023,22.1112,0
2026-02-14,GCP,Compute Engine,asia-east1,gcp-k8s-worker-2,n2-standard-4,17.84,0.194,3.4608,0
2026-02-14,AWS,Lambda,eu-west-1,event-processor,RequestCount,271797.8,2e-07,0.0544,0
2026-02-14,AWS,EC2,us-east-1,i-0b7e6d5c4b3a2,BoxUsage:t3.xlarge,17.94,0.1664,2.9852,0
2026-02-14,GCP,Cloud SQL,us-central1,gcp-main-postgres-db,db-custom-2-7680,21.12,0.35,7.3916,0
2026-02-14,GCP,Compute Engine,europe-west1,gcp-k8s-worker-1,n2-standard-4,19.41,0.194,3.7654,0
2026-02-14,GCP,Cloud SQL,europe-west1,gcp-main-postgres-db,db-custom-2-7680,21.46,0.35,7.5125,0
2026-02-15,Azure,Azure VM,eastus,vm-web-prod-01,Standard_D4s_v3,22.31,0.192,4.2834,0
2026-02-15,AWS,EBS,us-west-2,vol-0fe0d1c2b3a498765,VolumeUsage.gp3,179.26,0.08,14.341,0
2026-02-15,GCP,Compute Engine,europe-west1,gcp-k8s-worker-1,n2-standard-4,24.55,0.194,4.7618,0
2026-02-15,GCP,Cloud SQL,asia-east1,gcp-main-postgres-db,db-custom-2-7680,21.37,0.35,7.4783,0
2026-02-15,Azure,Azure VM,southeastasia,vm-api-prod-02,Standard_D4s_v3,20.03,0.192,3.8459,0
2026-02-15,GCP,Cloud SQL,asia-east1,gcp-main-postgres-db,db-custom-2-7680,21.42,0.35,7.4983,0
2026-02-15,GCP,Cloud SQL,us-central1,gcp-main-postgres-db,db-custom-2-7680,21.6,0.35,7.5603,0
2026-02-15,AWS,EBS,us-west-2,vol-0fe0d1c2b3a498765,VolumeUsage.gp3,473.87,0.08,37.9099,0
2026-02-15,Azure,Azure Storage,southeastasia,stappprodlogs001,BlobStorage-GB,774.57,0.02,15.4913,0
2026-02-15,Azure,Azure Storage,southeastasia,stappprodlogs001,BlobStorage-GB,661.06,0.02,13.2213,0
2026-02-15,Azure,Azure Storage,westeurope,stappprodlogs001,BlobStorage-GB,878.78,0.02,17.5757,0
2026-02-15,Azure,Azure Storage,southeastasia,stbackupdata002,BlobStorage-GB,1461.41,0.02,29.2283,0
2026-02-15,AWS,EC2,eu-west-1,i-0c9d8e7f6a5b4,BoxUsage:t3.xlarge,20.29,0.1664,3.3759,0
2026-02-15,AWS,Lambda,us-east-1,image-resizer-worker,RequestCount,140354.47,2e-07,0.0281,0
2026-02-15,Azure,Azure Storage,westeurope,stbackupdata002,BlobStorage-GB,1075.48,0.02,21.5097,0
2026-02-16,Azure,Azure Storage,westeurope,stappprodlogs001,BlobStorage-GB,1199.07,0.02,23.9813,0
2026-02-16,GCP,Cloud SQL,europe-west1,gcp-main-postgres-db,db-custom-2-7680,21.66,0.35,7.5799,0
2026-02-16,AWS,RDS,us-east-1,prod-db-cluster-primary,InstanceUsage:db.m5.large,20.56,0.38,7.8123,0
2026-02-16,Azure,Azure VM,eastus,vm-api-prod-02,Standard_D4s_v3,22.51,0.192,4.3217,0
2026-02-16,AWS,EC2,eu-west-1,i-0d1e2f3a4b5c6,BoxUsage:t3.xlarge,18.27,0.1664,3.0408,0
2026-02-16,AWS,S3,ap-southeast-1,prod-analytics-data-dump,StandardStorage-GB,749.54,0.023,17.2393,0
2026-02-16,Azure,Azure Storage,eastus,stappprodlogs001,BlobStorage-GB,428.83,0.02,8.5765,0
2026-02-16,GCP,Cloud SQL,us-central1,gcp-main-postgres-db,db-custom-2-7680,21.18,0.35,7.4133,0
2026-02-16,AWS,EC2,us-east-1,i-0c9d8e7f6a5b4,BoxUsage:t3.xlarge,24.38,0.1664,4.0575,0
2026-02-16,AWS,EC2,ap-southeast-1,i-0b7e6d5c4b3a2,BoxUsage:t3.xlarge,18.53,0.1664,3.0838,0
2026-02-16,AWS,EC2,us-east-1,i-0c9d8e7f6a5b4,BoxUsage:t3.xlarge,18.71,0.1664,3.1126,0
2026-02-16,AWS,S3,us-west-2,prod-analytics-data-dump,StandardStorage-GB,644.04,0.023,14.8129,0
2026-02-16,Azure,Azure Storage,southeastasia,stappprodlogs001,BlobStorage-GB,913.55,0.02,18.271,0
2026-02-16,Azure,Azure Storage,southeastasia,stbackupdata002,BlobStorage-GB,591.31,0.02,11.8262,0
2026-02-16,Azure,Azure Storage,eastus,stappprodlogs001,BlobStorage-GB,649.14,0.02,12.9828,0
2026-02-17,AWS,EC2,us-west-2,i-0a8f9c1d2e3f4,BoxUsage:t3.xlarge,17.67,0.1664,2.9398,0
2026-02-17,GCP,Compute Engine,europe-west1,gcp-k8s-worker-2,n2-standard-4,24.58,0.194,4.7693,0
2026-02-17,AWS,S3,us-east-1,app-logs-archive,StandardStorage-GB,352.29,0.023,8.1028,0
2026-02-17,Azure,Azure Storage,eastus,stappprodlogs001,BlobStorage-GB,822.06,0.02,16.4412,0
2026-02-17,AWS,EBS,eu-west-1,vol-0fe0d1c2b3a498765,VolumeUsage.gp3,153.89,0.08,12.3112,0
2026-02-17,AWS,S3,us-east-1,app-logs-archive,StandardStorage-GB,884.13,0.023,20.3349,0
2026-02-17,GCP,Compute Engine,us-central1,gcp-k8s-worker-2,n2-standard-4,20.72,0.194,4.019,0
2026-02-17,Azure,Azure Storage,westeurope,stappprodlogs001,BlobStorage-GB,867.73,0.02,17.3546,0
2026-02-17,GCP,Compute Engine,europe-west1,gcp-k8s-worker-2,n2-standard-4,19.19,0.194,3.7235,0
2026-02-17,Azure,Azure VM,southeastasia,vm-web-prod-01,Standard_D4s_v3,20.92,0.192,4.0163,0
2026-02-17,Azure,Azure Storage,eastus,stbackupdata002,BlobStorage-GB,1371.56,0.02,27.4313,0
2026-02-17,GCP,Cloud SQL,us-central1,gcp-main-postgres-db,db-custom-2-7680,20.44,0.35,7.1551,0
2026-02-17,Azure,Azure VM,westeurope,vm-web-prod-01,Standard_D4s_v3,22.44,0.192,4.3093,0
2026-02-17,GCP,Cloud SQL,europe-west1,gcp-main-postgres-db,db-custom-2-7680,22.25,0.35,7.789,0
2026-02-17,Azure,Azure Storage,westeurope,stbackupdata002,BlobStorage-GB,557.79,0.02,11.1558,0
2026-02-18,Azure,Azure Storage,westeurope,stbackupdata002,BlobStorage-GB,604.48,0.02,12.0896,0
2026-02-18,GCP,Compute Engine,europe-west1,gcp-k8s-worker-1,n2-standard-4,21.46,0.194,4.1626,0
2026-02-18,AWS,S3,us-east-1,prod-analytics-data-dump,StandardStorage-GB,1085.79,0.023,24.9732,0
2026-02-18,Azure,Azure VM,southeastasia,vm-api-prod-02,Standard_D4s_v3,19.89,0.192,3.8195,0
2026-02-18,AWS,EC2,us-west-2,i-0a8f9c1d2e3f4,BoxUsage:t3.xlarge,21.31,0.1664,3.5466,0
2026-02-18,GCP,Cloud SQL,asia-east1,gcp-main-postgres-db,db-custom-2-7680,24.91,0.35,8.7175,0
2026-02-18,AWS,RDS,ap-southeast-1,prod-db-cluster-primary,InstanceUsage:db.m5.large,22.35,0.38,8.4914,0
2026-02-18,GCP,Compute Engine,us-central1,gcp-k8s-worker-1,n2-standard-4,18.17,0.194,3.5258,0
2026-02-18,GCP,Compute Engine,europe-west1,gcp-k8s-worker-2,n2-standard-4,21.56,0.194,4.1834,0
2026-02-18,AWS,S3,us-east-1,user-media-storage-bucket,StandardStorage-GB,1098.37,0.023,25.2624,0
2026-02-18,AWS,RDS,ap-southeast-1,analytics-read-replica,InstanceUsage:db.m5.large,22.47,0.38,8.5392,0
2026-02-18,Azure,Azure VM,eastus,vm-web-prod-01,Standard_D4s_v3,23.94,0.192,4.5973,0
2026-02-18,GCP,Compute Engine,asia-east1,gcp-k8s-worker-1,n2-standard-4,19.68,0.194,3.8183,0
2026-02-18,GCP,Cloud SQL,europe-west1,gcp-main-postgres-db,db-custom-2-7680,22.28,0.35,7.7975,0
2026-02-19,AWS,EC2,us-east-1,i-0b7e6d5c4b3a2,BoxUsage:t3.xlarge,22.61,0.1664,3.7618,0
2026-02-19,Azure,Azure VM,westeurope,vm-web-prod-01,Standard_D4s_v3,20.7,0.192,3.9744,0
2026-02-19,AWS,EC2,us-east-1,i-0c9d8e7f6a5b4,BoxUsage:t3.xlarge,17.41,0.1664,2.8965,0
2026-02-19,AWS,S3,us-west-2,prod-analytics-data-dump,StandardStorage-GB,836.01,0.023,19.2283,0
2026-02-19,Azure,Azure VM,southeastasia,vm-web-prod-01,Standard_D4s_v3,23.16,0.192,4.4464,0
2026-02-19,Azure,Azure Storage,westeurope,stbackupdata002,BlobStorage-GB,768.06,0.02,15.3612,0
2026-02-19,Azure,Azure Storage,southeastasia,stbackupdata002,BlobStorage-GB,1220.88,0.02,24.4175,0
2026-02-19,GCP,Compute Engine,us-central1,gcp-k8s-worker-1,n2-standard-4,19.28,0.194,3.74,0
2026-02-19,AWS,Lambda,us-east-1,image-resizer-worker,RequestCount,325719.69,2e-07,0.0651,0
2026-02-19,AWS,EBS,eu-west-1,vol-0fe0d1c2b3a498765,VolumeUsage.gp3,430.65,0.08,34.4521,0
2026-02-19,AWS,RDS,ap-southeast-1,analytics-read-replica,InstanceUsage:db.m5.large,24.43,0.38,9.282,0
2026-02-19,AWS,S3,us-west-2,app-logs-archive,StandardStorage-GB,1107.34,0.023,25.4689,0
2026-02-19,Azure,Azure Storage,westeurope,stappprodlogs001,BlobStorage-GB,901.97,0.02,18.0394,0
2026-02-19,Azure,Azure VM,eastus,vm-web-prod-01,Standard_D4s_v3,21.5,0.192,4.1279,0
2026-02-19,Azure,Azure VM,southeastasia,vm-web-prod-01,Standard_D4s_v3,23.9,0.192,4.5892,0
2026-02-20,AWS,Lambda,ap-southeast-1,auth-token-verifier,RequestCount,303850.32,2e-07,0.0608,0
2026-02-20,AWS,Lambda,ap-southeast-1,auth-token-verifier,RequestCount,329325.33,2e-07,0.0659,0
2026-02-20,Azure,Azure VM,westeurope,vm-api-prod-02,Standard_D4s_v3,23.33,0.192,4.4785,0
2026-02-20,Azure,Azure Storage,southeastasia,stbackupdata002,BlobStorage-GB,1075.69,0.02,21.5138,0
2026-02-20,AWS,EC2,us-east-1,i-0a8f9c1d2e3f4,BoxUsage:t3.xlarge,18.76,0.1664,3.1225,0
2026-02-20,GCP,Compute Engine,europe-west1,gcp-k8s-worker-1,n2-standard-4,21.26,0.194,4.1243,0
2026-02-20,AWS,RDS,us-west-2,analytics-read-replica,InstanceUsage:db.m5.large,23.16,0.38,8.8008,0
2026-02-20,Azure,Azure Storage,eastus,stappprodlogs001,BlobStorage-GB,577.6,0.02,11.552,0
2026-02-20,AWS,Lambda,eu-west-1,event-processor,RequestCount,601750.24,2e-07,0.1204,0
2026-02-20,AWS,EBS,us-west-2,vol-0123456789abcdef0,VolumeUsage.gp3,440.94,0.08,35.2748,0
2026-02-20,Azure,Azure VM,southeastasia,vm-api-prod-02,Standard_D4s_v3,22.26,0.192,4.2734,0
2026-02-20,Azure,Azure Storage,westeurope,stbackupdata002,BlobStorage-GB,970.04,0.02,19.4008,0
2026-02-20,AWS,EBS,eu-west-1,vol-0123456789abcdef0,VolumeUsage.gp3,181.38,0.08,14.5103,0
2026-02-20,AWS,S3,ap-southeast-1,prod-analytics-data-dump,StandardStorage-GB,1131.6,0.023,26.0268,0
2026-02-20,AWS,EC2,eu-west-1,i-0d1e2f3a4b5c6,BoxUsage:t3.xlarge,22.28,0.1664,3.7072,0
2026-02-21,Azure,Azure Storage,southeastasia,stbackupdata002,BlobStorage-GB,737.89,0.02,14.7578,0
2026-02-21,Azure,Azure Storage,southeastasia,stbackupdata002,BlobStorage-GB,1059.88,0.02,21.1975,0
2026-02-21,AWS,S3,us-east-1,user-media-storage-bucket,StandardStorage-GB,422.71,0.023,9.7224,0
2026-02-21,Azure,Azure VM,southeastasia,vm-web-prod-01,Standard_D4s_v3,17.42,0.192,3.3439,0
2026-02-21,Azure,Azure Storage,eastus,stbackupdata002,BlobStorage-GB,1100.09,0.02,22.0018,0
2026-02-21,Azure,Azure Storage,eastus,stbackupdata002,BlobStorage-GB,1389.64,0.02,27.7929,0
2026-02-21,AWS,Lambda,eu-west-1,event-processor,RequestCount,213379.59,2e-07,0.0427,0
2026-02-21,GCP,Cloud SQL,us-central1,gcp-main-postgres-db,db-custom-2-7680,22.62,0.35,7.917,0
2026-02-21,Azure,Azure VM,westeurope,vm-api-prod-02,Standard_D4s_v3,21.75,0.192,4.1753,0
2026-02-21,AWS,EBS,us-east-1,vol-0123456789abcdef0,VolumeUsage.gp3,432.33,0.08,34.5864,0
2026-02-21,AWS,RDS,eu-west-1,prod-db-cluster-primary,InstanceUsage:db.m5.large,20.33,0.38,7.7243,0
2026-02-21,Azure,Azure Storage,southeastasia,stbackupdata002,BlobStorage-GB,1085.94,0.02,21.7188,0
2026-02-21,GCP,Compute Engine,us-central1,gcp-k8s-worker-1,n2-standard-4,19.86,0.194,3.8522,0
2026-02-21,AWS,EBS,us-east-1,vol-0fe0d1c2b3a498765,VolumeUsage.gp3,349.07,0.08,27.9253,0
2026-02-22,GCP,Compute Engine,us-central1,gcp-k8s-worker-2,n2-standard-4,19.36,0.194,3.7559,0
2026-02-22,Azure,Azure VM,westeurope,vm-api-prod-02,Standard_D4s_v3,24.55,0.192,4.7128,0
2026-02-22,GCP,Cloud SQL,asia-east1,gcp-main-postgres-db,db-custom-2-7680,19.84,0.35,6.9448,0
2026-02-22,GCP,Compute Engine,europe-west1,gcp-k8s-worker-1,n2-standard-4,21.18,0.194,4.1097,0
2026-02-22,GCP,Cloud SQL,asia-east1,gcp-main-postgres-db,db-custom-2-7680,24.72,0.35,8.653,0
2026-02-22,GCP,Compute Engine,us-central1,gcp-k8s-worker-1,n2-standard-4,20.32,0.194,3.9416,0
2026-02-22,AWS,RDS,eu-west-1,analytics-read-replica,InstanceUsage:db.m5.large,20.51,0.38,7.7922,0
2026-02-22,GCP,Compute Engine,europe-west1,gcp-k8s-worker-1,n2-standard-4,20.29,0.194,3.9356,0
2026-02-22,Azure,Azure Storage,eastus,stappprodlogs001,BlobStorage-GB,1336.95,0.02,26.7391,0
2026-02-22,GCP,Compute Engine,us-central1,gcp-k8s-worker-1,n2-standard-4,23.53,0.194,4.5649,0
2026-02-22,GCP,Cloud SQL,asia-east1,gcp-main-postgres-db,db-custom-2-7680,24.43,0.35,8.5503,0
2026-02-22,GCP,Cloud SQL,asia-east1,gcp-main-postgres-db,db-custom-2-7680,22.49,0.35,7.8709,0
2026-02-22,AWS,EC2,eu-west-1,i-0d1e2f3a4b5c6,BoxUsage:t3.xlarge,19.12,0.1664,3.1808,0
2026-02-22,GCP,Compute Engine,europe-west1,gcp-k8s-worker-1,n2-standard-4,20.02,0.194,3.8848,0
2026-02-22,GCP,Cloud SQL,europe-west1,gcp-main-postgres-db,db-custom-2-7680,22.69,0.35,7.9422,0
2026-02-23,GCP,Cloud SQL,asia-east1,gcp-main-postgres-db,db-custom-2-7680,23.92,0.35,8.3736,0
2026-02-23,AWS,RDS,us-east-1,analytics-read-replica,InstanceUsage:db.m5.large,21.34,0.38,8.1111,0
2026-02-23,GCP,Cloud SQL,asia-east1,gcp-main-postgres-db,db-custom-2-7680,22.17,0.35,7.7597,0
2026-02-23,Azure,Azure VM,eastus,vm-api-prod-02,Standard_D4s_v3,20.03,0.192,3.8459,0
2026-02-23,AWS,EC2,us-west-2,i-0a8f9c1d2e3f4,BoxUsage:t3.xlarge,23.34,0.1664,3.8834,0
2026-02-23,Azure,Azure Storage,southeastasia,stappprodlogs001,BlobStorage-GB,467.18,0.02,9.3437,0
2026-02-23,Azure,Azure VM,southeastasia,vm-web-prod-01,Standard_D4s_v3,20.7,0.192,3.9753,0
2026-02-23,GCP,Cloud SQL,us-central1,gcp-main-postgres-db,db-custom-2-7680,22.5,0.35,7.8745,0
2026-02-23,GCP,Cloud SQL,us-central1,gcp-main-postgres-db,db-custom-2-7680,19.92,0.35,6.9715,0
2026-02-23,GCP,Cloud SQL,us-central1,gcp-main-postgres-db,db-custom-2-7680,23.44,0.35,8.2029,0
2026-02-23,GCP,Cloud SQL,asia-east1,gcp-main-postgres-db,db-custom-2-7680,22.17,0.35,7.7582,0
2026-02-23,AWS,RDS,ap-southeast-1,prod-db-cluster-primary,InstanceUsage:db.m5.large,23.01,0.38,8.7423,0
2026-02-23,AWS,S3,ap-southeast-1,prod-analytics-data-dump,StandardStorage-GB,652.68,0.023,15.0116,0
2026-02-23,Azure,Azure VM,westeurope,vm-web-prod-01,Standard_D4s_v3,19.4,0.192,3.7251,0
2026-02-24,Azure,Azure Storage,southeastasia,stbackupdata002,BlobStorage-GB,807.4,0.02,16.148,0
2026-02-24,Azure,Azure Storage,westeurope,stappprodlogs001,BlobStorage-GB,1452.58,0.02,29.0516,0
2026-02-24,Azure,Azure VM,southeastasia,vm-api-prod-02,Standard_D4s_v3,24.03,0.192,4.6143,0
2026-02-24,AWS,RDS,ap-southeast-1,analytics-read-replica,InstanceUsage:db.m5.large,19.37,0.38,7.3594,0
2026-02-24,GCP,Cloud SQL,us-central1,gcp-main-postgres-db,db-custom-2-7680,23.46,0.35,8.2108,0
2026-02-24,GCP,Compute Engine,asia-east1,gcp-k8s-worker-1,n2-standard-4,20.95,0.194,4.0646,0
2026-02-24,Azure,Azure Storage,eastus,stappprodlogs001,BlobStorage-GB,1339.88,0.02,26.7977,0
2026-02-24,AWS,EC2,us-east-1,i-0d1e2f3a4b5c6,BoxUsage:t3.xlarge,19.27,0.1664,3.2058,0
2026-02-24,AWS,S3,us-west-2,user-media-storage-bucket,StandardStorage-GB,458.32,0.023,10.5413,0
2026-02-24,GCP,Compute Engine,europe-west1,gcp-k8s-worker-2,n2-standard-4,18.82,0.194,3.6516,0
2026-02-24,AWS,RDS,eu-west-1,analytics-read-replica,InstanceUsage:db.m5.large,21.87,0.38,8.3095,0
2026-02-24,GCP,Cloud SQL,asia-east1,gcp-main-postgres-db,db-custom-2-7680,24.48,0.35,8.5697,0
2026-02-24,GCP,Cloud SQL,asia-east1,gcp-main-postgres-db,db-custom-2-7680,21.86,0.35,7.65,0
2026-02-24,Azure,Azure VM,southeastasia,vm-api-prod-02,Standard_D4s_v3,18.67,0.192,3.5852,0
2026-02-25,GCP,Cloud SQL,us-central1,gcp-main-postgres-db,db-custom-2-7680,21.18,0.35,7.4116,0
2026-02-25,Azure,Azure VM,westeurope,vm-web-prod-01,Standard_D4s_v3,17.83,0.192,3.4232,0
2026-02-25,AWS,S3,us-west-2,user-media-storage-bucket,StandardStorage-GB,305.46,0.023,7.0256,0
2026-02-25,GCP,Compute Engine,asia-east1,gcp-k8s-worker-1,n2-standard-4,21.3,0.194,4.1315,0
2026-02-25,AWS,EC2,eu-west-1,i-0b7e6d5c4b3a2,BoxUsage:t3.xlarge,19.91,0.1664,3.3129,0
2026-02-25,Azure,Azure VM,westeurope,vm-web-prod-01,Standard_D4s_v3,21.68,0.192,4.1629,0
2026-02-25,GCP,Compute Engine,us-central1,gcp-k8s-worker-2,n2-standard-4,18.83,0.194,3.6521,0
2026-02-25,GCP,Cloud SQL,asia-east1,gcp-main-postgres-db,db-custom-2-7680,21.33,0.35,7.4639,0
2026-02-25,AWS,Lambda,us-east-1,image-resizer-worker,RequestCount,737254.05,2e-07,0.1475,0
2026-02-25,GCP,Compute Engine,asia-east1,gcp-k8s-worker-2,n2-standard-4,23.81,0.194,4.6192,0
2026-02-25,AWS,S3,us-east-1,user-media-storage-bucket,StandardStorage-GB,595.47,0.023,13.6957,0
2026-02-25,Azure,Azure Storage,eastus,stappprodlogs001,BlobStorage-GB,1042.55,0.02,20.8511,0
2026-02-25,GCP,Compute Engine,europe-west1,gcp-k8s-worker-1,n2-standard-4,18.13,0.194,3.5176,0
2026-02-25,Azure,Azure VM,southeastasia,vm-web-prod-01,Standard_D4s_v3,24.22,0.192,4.6506,0
2026-02-25,GCP,Cloud SQL,europe-west1,gcp-main-postgres-db,db-custom-2-7680,19.72,0.35,6.9007,0
2026-02-26,Azure,Azure VM,southeastasia,vm-api-prod-02,Standard_D4s_v3,24.11,0.192,4.6287,0
2026-02-26,GCP,Compute Engine,asia-east1,gcp-k8s-worker-2,n2-standard-4,20.38,0.194,3.9537,0
2026-02-26,AWS,RDS,eu-west-1,prod-db-cluster-primary,InstanceUsage:db.m5.large,20.64,0.38,7.8451,0
2026-02-26,AWS,Lambda,eu-west-1,auth-token-verifier,RequestCount,404230.47,2e-07,0.0808,0
2026-02-26,Azure,Azure VM,westeurope,vm-web-prod-01,Standard_D4s_v3,19.9,0.192,3.8202,0
2026-02-26,Azure,Azure Storage,eastus,stappprodlogs001,BlobStorage-GB,981.07,0.02,19.6214,0
2026-02-26,GCP,Cloud SQL,europe-west1,gcp-main-postgres-db,db-custom-2-7680,22.6,0.35,7.9101,0
2026-02-26,GCP,Compute Engine,europe-west1,gcp-k8s-worker-2,n2-standard-4,23.57,0.194,4.5727,0
2026-02-26,AWS,EBS,us-east-1,vol-0123456789abcdef0,VolumeUsage.gp3,399.66,0.08,31.9725,0
2026-02-26,AWS,EC2,us-east-1,i-0d1e2f3a4b5c6,BoxUsage:t3.xlarge,18.27,0.1664,3.0401,0
2026-02-26,GCP,Compute Engine,asia-east1,gcp-k8s-worker-1,n2-standard-4,17.93,0.194,3.4777,0
2026-02-26,GCP,Cloud SQL,europe-west1,gcp-main-postgres-db,db-custom-2-7680,19.24,0.35,6.7336,0
2026-02-26,AWS,Lambda,us-east-1,image-resizer-worker,RequestCount,235740.96,2e-07,0.0471,0
2026-02-26,GCP,Compute Engine,asia-east1,gcp-k8s-worker-2,n2-standard-4,22.32,0.194,4.33,0
2026-02-27,Azure,Azure VM,eastus,vm-api-prod-02,Standard_D4s_v3,18.23,0.192,3.4998,0
2026-02-27,AWS,Lambda,eu-west-1,auth-token-verifier,RequestCount,370505.44,2e-07,0.0741,0
2026-02-27,GCP,Cloud SQL,asia-east1,gcp-main-postgres-db,db-custom-2-7680,20.28,0.35,7.0994,0
2026-02-27,AWS,Lambda,ap-southeast-1,event-processor,RequestCount,763098.54,2e-07,0.1526,0
2026-02-27,GCP,Compute Engine,us-central1,gcp-k8s-worker-1,n2-standard-4,20.1,0.194,3.8995,0
2026-02-27,GCP,Cloud SQL,europe-west1,gcp-main-postgres-db,db-custom-2-7680,21.86,0.35,7.6495,0
2026-02-27,AWS,RDS,us-east-1,analytics-read-replica,InstanceUsage:db.m5.large,21.98,0.38,8.3543,0
2026-02-27,AWS,RDS,ap-southeast-1,analytics-read-replica,InstanceUsage:db.m5.large,22.26,0.38,8.459,0
2026-02-27,GCP,Compute Engine,asia-east1,gcp-k8s-worker-2,n2-standard-4,22.68,0.194,4.399,0
2026-02-27,GCP,Compute Engine,us-central1,gcp-k8s-worker-2,n2-standard-4,19.01,0.194,3.6882,0
2026-02-27,GCP,Compute Engine,europe-west1,gcp-k8s-worker-2,n2-standard-4,21.4,0.194,4.1519,0
2026-02-27,GCP,Compute Engine,us-central1,gcp-k8s-worker-2,n2-standard-4,22.38,0.194,4.3416,0
2026-02-27,AWS,Lambda,ap-southeast-1,auth-token-verifier,RequestCount,794635.98,2e-07,0.1589,0
2026-02-27,AWS,Lambda,us-west-2,image-resizer-worker,RequestCount,697953.76,2e-07,0.1396,0
2026-02-27,AWS,RDS,ap-southeast-1,analytics-read-replica,InstanceUsage:db.m5.large,19.4,0.38,7.3707,0
2026-02-28,AWS,RDS,eu-west-1,analytics-read-replica,InstanceUsage:db.m5.large,21.66,0.38,8.2292,0
2026-02-28,AWS,EC2,us-west-2,i-0d1e2f3a4b5c6,BoxUsage:t3.xlarge,18.15,0.1664,3.0193,0
2026-02-28,AWS,EBS,us-west-2,vol-0fe0d1c2b3a498765,VolumeUsage.gp3,147.2,0.08,11.7762,0
2026-02-28,GCP,Compute Engine,us-central1,gcp-k8s-worker-2,n2-standard-4,19.6,0.194,3.8032,0
2026-02-28,GCP,Compute Engine,europe-west1,gcp-k8s-worker-2,n2-standard-4,22.85,0.194,4.4335,0
2026-02-28,AWS,Lambda,us-west-2,event-processor,RequestCount,186741.19,2e-07,0.0373,0
2026-02-28,AWS,S3,us-west-2,prod-analytics-data-dump,StandardStorage-GB,468.08,0.023,10.7659,0
2026-02-28,Azure,Azure VM,eastus,vm-web-prod-01,Standard_D4s_v3,24.05,0.192,4.6178,0
2026-02-28,GCP,Cloud SQL,us-central1,gcp-main-postgres-db,db-custom-2-7680,23.78,0.35,8.3232,0
2026-02-28,AWS,Lambda,eu-west-1,auth-token-verifier,RequestCount,163440.58,2e-07,0.0327,0
2026-02-28,GCP,Compute Engine,asia-east1,gcp-k8s-worker-1,n2-standard-4,23.54,0.194,4.5659,0
2026-02-28,AWS,EC2,eu-west-1,i-0b7e6d5c4b3a2,BoxUsage:t3.xlarge,18.62,0.1664,3.0976,0
2026-02-28,Azure,Azure Storage,eastus,stappprodlogs001,BlobStorage-GB,754.5,0.02,15.09,0
2026-02-28,GCP,Cloud SQL,us-central1,gcp-main-postgres-db,db-custom-2-7680,22.67,0.35,7.9348,0
2026-03-01,Azure,Azure VM,eastus,vm-web-prod-01,Standard_D4s_v3,21.28,0.192,4.0855,0
2026-03-01,Azure,Azure Storage,eastus,stappprodlogs001,BlobStorage-GB,1249.33,0.02,24.9865,0
2026-03-01,GCP,Compute Engine,us-central1,gcp-k8s-worker-1,n2-standard-4,21.52,0.194,4.1744,0
2026-03-01,GCP,Compute Engine,asia-east1,gcp-k8s-worker-1,n2-standard-4,17.88,0.194,3.4687,0
2026-03-01,Azure,Azure VM,eastus,vm-web-prod-01,Standard_D4s_v3,23.3,0.192,4.4744,0
2026-03-01,AWS,RDS,ap-southeast-1,prod-db-cluster-primary,InstanceUsage:db.m5.large,23.85,0.38,9.063,0
2026-03-01,AWS,EBS,ap-southeast-1,vol-0123456789abcdef0,VolumeUsage.gp3,272.45,0.08,21.7959,0
2026-03-01,Azure,Azure Storage,southeastasia,stappprodlogs001,BlobStorage-GB,1251.14,0.02,25.0229,0
2026-03-01,GCP,Compute Engine,europe-west1,gcp-k8s-worker-2,n2-standard-4,19.67,0.194,3.8161,0
2026-03-01,AWS,S3,us-east-1,app-logs-archive,StandardStorage-GB,1077.15,0.023,24.7745,0
2026-03-01,GCP,Compute Engine,us-central1,gcp-k8s-worker-1,n2-standard-4,20.66,0.194,4.0082,0
2026-03-01,GCP,Compute Engine,asia-east1,gcp-k8s-worker-2,n2-standard-4,20.67,0.194,4.0109,0
2026-03-01,AWS,EBS,us-east-1,vol-0123456789abcdef0,VolumeUsage.gp3,447.89,0.08,35.8311,0
2026-03-01,AWS,S3,ap-southeast-1,user-media-storage-bucket,StandardStorage-GB,640.23,0.023,14.7253,0
2026-03-01,Azure,Azure Storage,westeurope,stbackupdata002,BlobStorage-GB,1112.38,0.02,22.2477,0
2026-03-01,AWS,S3,us-east-1,user-media-storage-bucket,StandardStorage-GB,741.17,0.023,17.0469,0
2026-03-02,Azure,Azure VM,southeastasia,vm-api-prod-02,Standard_D4s_v3,22.5,0.192,4.3195,0
2026-03-02,GCP,Cloud SQL,europe-west1,gcp-main-postgres-db,db-custom-2-7680,21.79,0.35,7.6269,0
2026-03-02,GCP,Compute Engine,europe-west1,gcp-k8s-worker-2,n2-standard-4,24.11,0.194,4.6777,0
2026-03-02,AWS,Lambda,eu-west-1,event-processor,RequestCount,188028.37,2e-07,0.0376,0
2026-03-02,GCP,Compute Engine,us-central1,gcp-k8s-worker-1,n2-standard-4,18.91,0.194,3.6694,0
2026-03-02,AWS,Lambda,us-east-1,image-resizer-worker,RequestCount,243336.19,2e-07,0.0487,0
2026-03-02,AWS,RDS,us-west-2,analytics-read-replica,InstanceUsage:db.m5.large,20.51,0.38,7.7943,0
2026-03-02,GCP,Cloud SQL,asia-east1,gcp-main-postgres-db,db-custom-2-7680,22.03,0.35,7.7111,0
2026-03-02,Azure,Azure Storage,southeastasia,stbackupdata002,BlobStorage-GB,508.7,0.02,10.174,0
2026-03-02,AWS,EBS,us-east-1,vol-0123456789abcdef0,VolumeUsage.gp3,378.88,0.08,30.3107,0
2026-03-02,Azure,Azure VM,westeurope,vm-api-prod-02,Standard_D4s_v3,20.82,0.192,3.9965,0
2026-03-02,Azure,Azure Storage,westeurope,stappprodlogs001,BlobStorage-GB,954.73,0.02,19.0946,0
2026-03-02,AWS,S3,us-west-2,user-media-storage-bucket,StandardStorage-GB,772.93,0.023,17.7774,0
2026-03-02,AWS,EBS,us-west-2,vol-0fe0d1c2b3a498765,VolumeUsage.gp3,215.35,0.08,17.2278,0
2026-03-02,Azure,Azure VM,southeastasia,vm-api-prod-02,Standard_D4s_v3,21.98,0.192,4.2204,0
2026-03-03,Azure,Azure VM,westeurope,vm-web-prod-01,Standard_D4s_v3,18.68,0.192,3.5874,0
2026-03-03,GCP,Compute Engine,europe-west1,gcp-k8s-worker-1,n2-standard-4,21.69,0.194,4.2073,0
2026-03-03,Azure,Azure VM,southeastasia,vm-web-prod-01,Standard_D4s_v3,22.46,0.192,4.3131,0
2026-03-03,Azure,Azure Storage,southeastasia,stappprodlogs001,BlobStorage-GB,1278.07,0.02,25.5614,0
2026-03-03,GCP,Compute Engine,asia-east1,gcp-k8s-worker-1,n2-standard-4,20.42,0.194,3.9614,0
2026-03-03,Azure,Azure Storage,southeastasia,stappprodlogs001,BlobStorage-GB,756.43,0.02,15.1286,0
2026-03-03,Azure,Azure VM,southeastasia,vm-api-prod-02,Standard_D4s_v3,22.35,0.192,4.2903,0
2026-03-03,GCP,Cloud SQL,us-central1,gcp-main-postgres-db,db-custom-2-7680,23.48,0.35,8.2179,0
2026-03-03,Azure,Azure VM,westeurope,vm-web-prod-01,Standard_D4s_v3,22.45,0.192,4.3108,0
2026-03-03,Azure,Azure VM,westeurope,vm-api-prod-02,Standard_D4s_v3,18.91,0.192,3.6313,0
2026-03-03,GCP,Cloud SQL,europe-west1,gcp-main-postgres-db,db-custom-2-7680,20.1,0.35,7.0347,0
2026-03-03,AWS,Lambda,eu-west-1,event-processor,RequestCount,221178.25,2e-07,0.0442,0
2026-03-03,GCP,Compute Engine,europe-west1,gcp-k8s-worker-2,n2-standard-4,19.79,0.194,3.8386,0
2026-03-03,Azure,Azure VM,eastus,vm-api-prod-02,Standard_D4s_v3,23.23,0.192,4.4607,0
2026-03-04,Azure,Azure Storage,westeurope,stappprodlogs001,BlobStorage-GB,1072.02,0.02,21.4404,0
2026-03-04,AWS,EBS,eu-west-1,vol-0123456789abcdef0,VolumeUsage.gp3,307.04,0.08,24.5628,0
2026-03-04,Azure,Azure VM,eastus,vm-web-prod-01,Standard_D4s_v3,19.02,0.192,3.6513,0
2026-03-04,GCP,Cloud SQL,us-central1,gcp-main-postgres-db,db-custom-2-7680,21.81,0.35,7.6324,0
2026-03-04,GCP,Cloud SQL,europe-west1,gcp-main-postgres-db,db-custom-2-7680,23.51,0.35,8.2298,0
2026-03-04,AWS,EBS,us-east-1,vol-0123456789abcdef0,VolumeUsage.gp3,369.12,0.08,29.5299,0
2026-03-04,AWS,EBS,us-east-1,vol-0fe0d1c2b3a498765,VolumeUsage.gp3,395.49,0.08,31.6389,0
2026-03-04,GCP,Compute Engine,us-central1,gcp-k8s-worker-1,n2-standard-4,18.34,0.194,3.5577,0
2026-03-04,AWS,EC2,us-east-1,i-0d1e2f3a4b5c6,BoxUsage:t3.xlarge,22.16,0.1664,3.6876,0
2026-03-04,AWS,Lambda,eu-west-1,auth-token-verifier,RequestCount,126258.04,2e-07,0.0253,0
2026-03-04,AWS,S3,us-east-1,app-logs-archive,StandardStorage-GB,910.22,0.023,20.9352,0
2026-03-04,Azure,Azure Storage,southeastasia,stappprodlogs001,BlobStorage-GB,1009.45,0.02,20.1891,0
2026-03-04,Azure,Azure VM,eastus,vm-web-prod-01,Standard_D4s_v3,18.93,0.192,3.6349,0
2026-03-04,Azure,Azure VM,westeurope,vm-api-prod-02,Standard_D4s_v3,23.17,0.192,4.4485,0
2026-03-05,Azure,Azure Storage,eastus,stbackupdata002,BlobStorage-GB,929.59,0.02,18.5917,0
2026-03-05,GCP,Compute Engine,europe-west1,gcp-k8s-worker-1,n2-standard-4,19.55,0.194,3.7926,0
2026-03-05,Azure,Azure VM,westeurope,vm-api-prod-02,Standard_D4s_v3,20.12,0.192,3.8639,0
2026-03-05,AWS,S3,eu-west-1,app-logs-archive,StandardStorage-GB,305.31,0.023,7.0221,0
2026-03-05,AWS,EBS,us-west-2,vol-0fe0d1c2b3a498765,VolumeUsage.gp3,226.17,0.08,18.0937,0
2026-03-05,GCP,Compute Engine,europe-west1,gcp-k8s-worker-2,n2-standard-4,20.68,0.194,4.0112,0
2026-03-05,Azure,Azure VM,eastus,vm-api-prod-02,Standard_D4s_v3,18.84,0.192,3.6165,0
2026-03-05,Azure,Azure VM,eastus,vm-web-prod-01,Standard_D4s_v3,22.05,0.192,4.2343,0
2026-03-05,GCP,Compute Engine,us-central1,gcp-k8s-worker-1,n2-standard-4,21.27,0.194,4.1269,0
2026-03-05,Azure,Azure Storage,westeurope,stbackupdata002,BlobStorage-GB,1498.58,0.02,29.9716,0
2026-03-05,GCP,Compute Engine,europe-west1,gcp-k8s-worker-1,n2-standard-4,22.3,0.194,4.3265,0
2026-03-05,AWS,RDS,us-east-1,analytics-read-replica,InstanceUsage:db.m5.large,20.59,0.38,7.8258,0
2026-03-05,AWS,S3,ap-southeast-1,user-media-storage-bucket,StandardStorage-GB,596.75,0.023,13.7253,0
2026-03-05,AWS,S3,us-west-2,prod-analytics-data-dump,StandardStorage-GB,846.41,0.023,19.4673,0
2026-03-05,AWS,S3,us-east-1,app-logs-archive,StandardStorage-GB,1081.23,0.023,24.8684,0
2026-03-06,AWS,RDS,us-east-1,analytics-read-replica,InstanceUsage:db.m5.large,24.76,0.38,9.41,0
2026-03-06,AWS,S3,ap-southeast-1,user-media-storage-bucket,StandardStorage-GB,336.91,0.023,7.7489,0
2026-03-06,Azure,Azure VM,southeastasia,vm-web-prod-01,Standard_D4s_v3,22.07,0.192,4.2382,0
2026-03-06,AWS,Lambda,ap-southeast-1,auth-token-verifier,RequestCount,531441.5,2e-07,0.1063,0
2026-03-06,AWS,Lambda,us-east-1,event-processor,RequestCount,426686.95,2e-07,0.0853,0
2026-03-06,AWS,RDS,us-west-2,analytics-read-replica,InstanceUsage:db.m5.large,21.75,0.38,8.2648,0
2026-03-06,AWS,S3,us-west-2,prod-analytics-data-dump,StandardStorage-GB,479.54,0.023,11.0293,0
2026-03-06,AWS,RDS,us-west-2,prod-db-cluster-primary,InstanceUsage:db.m5.large,21.65,0.38,8.2256,0
2026-03-06,GCP,Cloud SQL,asia-east1,gcp-main-postgres-db,db-custom-2-7680,20.72,0.35,7.2536,0
2026-03-06,GCP,Cloud SQL,us-central1,gcp-main-postgres-db,db-custom-2-7680,21.16,0.35,7.4072,0
2026-03-06,GCP,Cloud SQL,asia-east1,gcp-main-postgres-db,db-custom-2-7680,23.85,0.35,8.3468,0
2026-03-06,GCP,Cloud SQL,europe-west1,gcp-main-postgres-db,db-custom-2-7680,21.82,0.35,7.6375,0
2026-03-06,GCP,Compute Engine,europe-west1,gcp-k8s-worker-2,n2-standard-4,22.37,0.194,4.3403,0
2026-03-06,GCP,Compute Engine,asia-east1,gcp-k8s-worker-1,n2-standard-4,22.08,0.194,4.2831,0
2026-03-06,GCP,Compute Engine,us-central1,gcp-k8s-worker-1,n2-standard-4,21.89,0.194,4.2473,0
2026-03-06,Azure,Azure VM,southeastasia,vm-api-prod-02,Standard_D4s_v3,22.05,0.192,4.2329,0
2026-03-07,AWS,RDS,us-west-2,analytics-read-replica,InstanceUsage:db.m5.large,21.91,0.38,8.3274,0
2026-03-07,GCP,Compute Engine,asia-east1,gcp-k8s-worker-2,n2-standard-4,22.13,0.194,4.2927,0
2026-03-07,GCP,Cloud SQL,us-central1,gcp-main-postgres-db,db-custom-2-7680,20.93,0.35,7.3261,0
2026-03-07,AWS,EBS,eu-west-1,vol-0123456789abcdef0,VolumeUsage.gp3,219.52,0.08,17.5619,0
2026-03-07,GCP,Cloud SQL,us-central1,gcp-main-postgres-db,db-custom-2-7680,23.48,0.35,8.2191,0
2026-03-07,AWS,EC2,ap-southeast-1,i-0b7e6d5c4b3a2,BoxUsage:t3.xlarge,18.76,0.1664,3.1218,0
2026-03-07,GCP,Cloud SQL,asia-east1,gcp-main-postgres-db,db-custom-2-7680,23.37,0.35,8.1789,0
2026-03-07,AWS,S3,eu-west-1,app-logs-archive,StandardStorage-GB,628.73,0.023,14.4609,0
2026-03-07,GCP,Cloud SQL,asia-east1,gcp-main-postgres-db,db-custom-2-7680,21.47,0.35,7.5132,0
2026-03-07,AWS,RDS,us-west-2,analytics-read-replica,InstanceUsage:db.m5.large,20.83,0.38,7.9162,0
2026-03-07,AWS,EC2,ap-southeast-1,i-0d1e2f3a4b5c6,BoxUsage:t3.xlarge,19.2,0.1664,3.1956,0
2026-03-07,GCP,Cloud SQL,asia-east1,gcp-main-postgres-db,db-custom-2-7680,21.66,0.35,7.5805,0
2026-03-07,Azure,Azure Storage,southeastasia,stappprodlogs001,BlobStorage-GB,857.03,0.02,17.1406,0
2026-03-07,AWS,S3,ap-southeast-1,prod-analytics-data-dump,StandardStorage-GB,305.93,0.023,7.0363,0
2026-03-08,Azure,Azure Storage,eastus,stappprodlogs001,BlobStorage-GB,612.83,0.02,12.2567,0
2026-03-08,GCP,Cloud SQL,europe-west1,gcp-main-postgres-db,db-custom-2-7680,22.88,0.35,8.0064,0
2026-03-08,GCP,Cloud SQL,us-central1,gcp-main-postgres-db,db-custom-2-7680,22.14,0.35,7.7495,0
2026-03-08,GCP,Compute Engine,us-central1,gcp-k8s-worker-2,n2-standard-4,20.62,0.194,4.0008,0
2026-03-08,AWS,Lambda,us-west-2,event-processor,RequestCount,264129.07,2e-07,0.0528,0
2026-03-08,AWS,EBS,eu-west-1,vol-0123456789abcdef0,VolumeUsage.gp3,154.71,0.08,12.3766,0
2026-03-08,AWS,S3,us-west-2,app-logs-archive,StandardStorage-GB,395.52,0.023,9.0969,0
2026-03-08,AWS,Lambda,us-east-1,auth-token-verifier,RequestCount,608853.49,2e-07,0.1218,0
2026-03-08,AWS,S3,eu-west-1,user-media-storage-bucket,StandardStorage-GB,912.41,0.023,20.9855,0
2026-03-08,Azure,Azure Storage,eastus,stappprodlogs001,BlobStorage-GB,615.43,0.02,12.3086,0
2026-03-08,Azure,Azure VM,eastus,vm-web-prod-01,Standard_D4s_v3,22.08,0.192,4.2385,0
2026-03-08,AWS,EBS,us-east-1,vol-0fe0d1c2b3a498765,VolumeUsage.gp3,402.71,0.08,32.2171,0
2026-03-08,AWS,Lambda,ap-southeast-1,event-processor,RequestCount,184089.81,2e-07,0.0368,0
2026-03-08,Azure,Azure Storage,westeurope,stappprodlogs001,BlobStorage-GB,484.55,0.02,9.691,0
2026-03-08,Azure,Azure Storage,eastus,stbackupdata002,BlobStorage-GB,957.1,0.02,19.142,0
2026-03-09,AWS,RDS,ap-southeast-1,prod-db-cluster-primary,InstanceUsage:db.m5.large,22.98,0.38,8.7333,0
2026-03-09,AWS,EC2,us-west-2,i-0c9d8e7f6a5b4,BoxUsage:t3.xlarge,22.41,0.1664,3.7297,0
2026-03-09,GCP,Cloud SQL,us-central1,gcp-main-postgres-db,db-custom-2-7680,22.04,0.35,7.7151,0
2026-03-09,AWS,RDS,eu-west-1,prod-db-cluster-primary,InstanceUsage:db.m5.large,20.12,0.38,7.6468,0
2026-03-09,AWS,Lambda,us-west-2,auth-token-verifier,RequestCount,542769.32,2e-07,0.1086,0
2026-03-09,Azure,Azure VM,westeurope,vm-web-prod-01,Standard_D4s_v3,22.04,0.192,4.2313,0
2026-03-09,AWS,Lambda,ap-southeast-1,event-processor,RequestCount,147914.61,2e-07,0.0296,0
2026-03-09,GCP,Compute Engine,europe-west1,gcp-k8s-worker-2,n2-standard-4,21.29,0.194,4.1307,0
2026-03-09,Azure,Azure VM,westeurope,vm-web-prod-01,Standard_D4s_v3,21.32,0.192,4.0938,0
2026-03-09,GCP,Compute Engine,us-central1,gcp-k8s-worker-1,n2-standard-4,22.31,0.194,4.329,0
2026-03-09,GCP,Cloud SQL,us-central1,gcp-main-postgres-db,db-custom-2-7680,22.84,0.35,7.994,0
2026-03-09,Azure,Azure VM,southeastasia,vm-api-prod-02,Standard_D4s_v3,22.39,0.192,4.299,0
2026-03-09,AWS,Lambda,us-west-2,auth-token-verifier,RequestCount,526890.37,2e-07,0.1054,0
2026-03-09,GCP,Compute Engine,us-central1,gcp-k8s-worker-1,n2-standard-4,17.47,0.194,3.3888,0
2026-03-09,GCP,Compute Engine,us-central1,gcp-k8s-worker-2,n2-standard-4,22.45,0.194,4.3552,0
2026-03-10,AWS,RDS,eu-west-1,analytics-read-replica,InstanceUsage:db.m5.large,21.91,0.38,8.3265,0
2026-03-10,Azure,Azure VM,eastus,vm-web-prod-01,Standard_D4s_v3,19.77,0.192,3.7958,0
2026-03-10,AWS,RDS,ap-southeast-1,analytics-read-replica,InstanceUsage:db.m5.large,22.52,0.38,8.5594,0
2026-03-10,GCP,Compute Engine,asia-east1,gcp-k8s-worker-1,n2-standard-4,20.61,0.194,3.9974,0
2026-03-10,GCP,Compute Engine,asia-east1,gcp-k8s-worker-2,n2-standard-4,20.99,0.194,4.0715,0
2026-03-10,AWS,S3,eu-west-1,app-logs-archive,StandardStorage-GB,818.62,0.023,18.8283,0
2026-03-10,Azure,Azure VM,southeastasia,vm-api-prod-02,Standard_D4s_v3,21.49,0.192,4.126,0
2026-03-10,GCP,Compute Engine,asia-east1,gcp-k8s-worker-2,n2-standard-4,21.04,0.194,4.0813,0
2026-03-10,AWS,EBS,eu-west-1,vol-0123456789abcdef0,VolumeUsage.gp3,274.94,0.08,21.9955,0
2026-03-10,AWS,EBS,ap-southeast-1,vol-0fe0d1c2b3a498765,VolumeUsage.gp3,248.41,0.08,19.8729,0
2026-03-10,Azure,Azure Storage,eastus,stbackupdata002,BlobStorage-GB,522.05,0.02,10.441,0
2026-03-10,GCP,Cloud SQL,asia-east1,gcp-main-postgres-db,db-custom-2-7680,22.1,0.35,7.7354,0
2026-03-10,GCP,Cloud SQL,asia-east1,gcp-main-postgres-db,db-custom-2-7680,22.13,0.35,7.7469,0
2026-03-10,Azure,Azure VM,southeastasia,vm-web-prod-01,Standard_D4s_v3,22.06,0.192,4.2361,0
2026-03-10,Azure,Azure VM,eastus,vm-web-prod-01,Standard_D4s_v3,22.27,0.192,4.276,0
2026-03-10,GCP,Compute Engine,us-central1,gcp-k8s-worker-2,n2-standard-4,20.2,0.194,3.9189,0
2026-03-11,Azure,Azure Storage,westeurope,stappprodlogs001,BlobStorage-GB,400.46,0.02,8.0093,0
2026-03-11,Azure,Azure Storage,westeurope,stbackupdata002,BlobStorage-GB,409.71,0.02,8.1942,0
2026-03-11,GCP,Compute Engine,asia-east1,gcp-k8s-worker-1,n2-standard-4,22.65,0.194,4.3938,0
2026-03-11,GCP,Compute Engine,asia-east1,gcp-k8s-worker-1,n2-standard-4,20.28,0.194,3.9336,0
2026-03-11,Azure,Azure VM,westeurope,vm-web-prod-01,Standard_D4s_v3,18.27,0.192,3.5076,0
2026-03-11,Azure,Azure Storage,eastus,stbackupdata002,BlobStorage-GB,694.63,0.02,13.8927,0
2026-03-11,Azure,Azure Storage,eastus,stappprodlogs001,BlobStorage-GB,639.68,0.02,12.7935,0
2026-03-11,AWS,EBS,ap-southeast-1,vol-0fe0d1c2b3a498765,VolumeUsage.gp3,257.44,0.08,20.5956,0
2026-03-11,GCP,Cloud SQL,us-central1,gcp-main-postgres-db,db-custom-2-7680,23.88,0.35,8.3577,0
2026-03-11,AWS,RDS,ap-southeast-1,prod-db-cluster-primary,InstanceUsage:db.m5.large,23.09,0.38,8.773,0
2026-03-11,GCP,Compute Engine,europe-west1,gcp-k8s-worker-2,n2-standard-4,18.19,0.194,3.5292,0
2026-03-11,GCP,Cloud SQL,europe-west1,gcp-main-postgres-db,db-custom-2-7680,22.75,0.35,7.9636,0
2026-03-11,Azure,Azure VM,southeastasia,vm-web-prod-01,Standard_D4s_v3,21.0,0.192,4.032,0
2026-03-11,Azure,Azure Storage,eastus,stappprodlogs001,BlobStorage-GB,813.17,0.02,16.2634,0
2026-03-11,GCP,Cloud SQL,us-central1,gcp-main-postgres-db,db-custom-2-7680,24.47,0.35,8.5646,0
2026-03-12,AWS,EBS,us-west-2,vol-0123456789abcdef0,VolumeUsage.gp3,465.55,0.08,37.244,0
2026-03-12,AWS,EC2,us-east-1,i-0b7e6d5c4b3a2,BoxUsage:t3.xlarge,22.52,0.1664,3.7472,0
2026-03-12,Azure,Azure Storage,southeastasia,stbackupdata002,BlobStorage-GB,573.45,0.02,11.469,0
2026-03-12,GCP,Cloud SQL,asia-east1,gcp-main-postgres-db,db-custom-2-7680,22.75,0.35,7.9629,0
2026-03-12,AWS,Lambda,eu-west-1,event-processor,RequestCount,344193.07,2e-07,0.0688,0
2026-03-12,GCP,Cloud SQL,europe-west1,gcp-main-postgres-db,db-custom-2-7680,21.89,0.35,7.66,0
2026-03-12,Azure,Azure Storage,westeurope,stappprodlogs001,BlobStorage-GB,1503.93,0.02,30.0785,0
2026-03-12,GCP,Compute Engine,us-central1,gcp-k8s-worker-2,n2-standard-4,22.78,0.194,4.4184,0
2026-03-12,GCP,Compute Engine,asia-east1,gcp-k8s-worker-1,n2-standard-4,21.44,0.194,4.1589,0
2026-03-12,Azure,Azure Storage,southeastasia,stappprodlogs001,BlobStorage-GB,1168.46,0.02,23.3691,0
2026-03-12,GCP,Compute Engine,europe-west1,gcp-k8s-worker-1,n2-standard-4,17.94,0.194,3.4811,0
2026-03-12,Azure,Azure VM,eastus,vm-api-prod-02,Standard_D4s_v3,22.89,0.192,4.3947,0
2026-03-12,Azure,Azure Storage,southeastasia,stappprodlogs001,BlobStorage-GB,657.08,0.02,13.1416,0
2026-03-12,AWS,EC2,us-west-2,i-0b7e6d5c4b3a2,BoxUsage:t3.xlarge,20.98,0.1664,3.4911,0
2026-03-12,Azure,Azure VM,eastus,vm-api-prod-02,Standard_D4s_v3,21.21,0.192,4.0716,0
2026-03-13,Azure,Azure Storage,westeurope,stbackupdata002,BlobStorage-GB,718.86,0.02,14.3771,0
2026-03-13,Azure,Azure VM,southeastasia,vm-api-prod-02,Standard_D4s_v3,18.45,0.192,3.5427,0
2026-03-13,GCP,Cloud SQL,europe-west1,gcp-main-postgres-db,db-custom-2-7680,22.72,0.35,7.9523,0
2026-03-13,AWS,EBS,us-west-2,vol-0fe0d1c2b3a498765,VolumeUsage.gp3,197.99,0.08,15.8396,0
2026-03-13,AWS,RDS,us-east-1,prod-db-cluster-primary,InstanceUsage:db.m5.large,20.45,0.38,7.7717,0
2026-03-13,AWS,S3,us-west-2,app-logs-archive,StandardStorage-GB,443.52,0.023,10.201,0
2026-03-13,GCP,Compute Engine,us-central1,gcp-k8s-worker-1,n2-standard-4,21.73,0.194,4.2148,0
2026-03-13,GCP,Compute Engine,europe-west1,gcp-k8s-worker-2,n2-standard-4,24.07,0.194,4.6687,0
2026-03-13,GCP,Cloud SQL,asia-east1,gcp-main-postgres-db,db-custom-2-7680,19.58,0.35,6.8541,0
2026-03-13,Azure,Azure Storage,southeastasia,stbackupdata002,BlobStorage-GB,584.34,0.02,11.6869,0
2026-03-13,AWS,RDS,eu-west-1,analytics-read-replica,InstanceUsage:db.m5.large,23.46,0.38,8.914,0
2026-03-13,AWS,EBS,us-west-2,vol-0fe0d1c2b3a498765,VolumeUsage.gp3,311.98,0.08,24.9583,0
2026-03-13,Azure,Azure Storage,eastus,stappprodlogs001,BlobStorage-GB,399.63,0.02,7.9926,0
2026-03-13,Azure,Azure VM,westeurope,vm-api-prod-02,Standard_D4s_v3,20.13,0.192,3.8655,0
2026-03-14,Azure,Azure VM,westeurope,vm-api-prod-02,Standard_D4s_v3,23.28,0.192,4.4693,0
2026-03-14,AWS,EBS,us-west-2,vol-0fe0d1c2b3a498765,VolumeUsage.gp3,316.19,0.08,25.2954,0
2026-03-14,AWS,S3,ap-southeast-1,user-media-storage-bucket,StandardStorage-GB,497.32,0.023,11.4384,0
2026-03-14,GCP,Compute Engine,us-central1,gcp-k8s-worker-1,n2-standard-4,19.68,0.194,3.8175,0
2026-03-14,AWS,Lambda,ap-southeast-1,auth-token-verifier,RequestCount,223241.28,2e-07,0.0446,0
2026-03-14,AWS,S3,us-east-1,user-media-storage-bucket,StandardStorage-GB,542.77,0.023,12.4837,0
2026-03-14,Azure,Azure Storage,westeurope,stbackupdata002,BlobStorage-GB,1096.46,0.02,21.9292,0
2026-03-14,GCP,Cloud SQL,europe-west1,gcp-main-postgres-db,db-custom-2-7680,21.97,0.35,7.6878,0
2026-03-14,GCP,Cloud SQL,europe-west1,gcp-main-postgres-db,db-custom-2-7680,22.3,0.35,7.8052,0
2026-03-14,Azure,Azure VM,eastus,vm-web-prod-01,Standard_D4s_v3,21.6,0.192,4.1479,0
2026-03-14,GCP,Compute Engine,asia-east1,gcp-k8s-worker-1,n2-standard-4,24.75,0.194,4.8018,0
2026-03-14,AWS,EC2,ap-southeast-1,i-0b7e6d5c4b3a2,BoxUsage:t3.xlarge,19.74,0.1664,3.2849,0
2026-03-14,GCP,Compute Engine,asia-east1,gcp-k8s-worker-2,n2-standard-4,24.11,0.194,4.6765,0
2026-03-14,GCP,Cloud SQL,europe-west1,gcp-main-postgres-db,db-custom-2-7680,22.67,0.35,7.9358,0
2026-03-14,AWS,RDS,us-west-2,prod-db-cluster-primary,InstanceUsage:db.m5.large,22.65,0.38,8.606,0
2026-03-14,GCP,Compute Engine,asia-east1,gcp-k8s-worker-2,n2-standard-4,24.35,0.194,4.724,0
2026-03-15,AWS,S3,us-east-1,app-logs-archive,StandardStorage-GB,1183.66,0.023,27.2241,0
2026-03-15,AWS,Lambda,us-east-1,event-processor,RequestCount,198491.13,2e-07,0.0397,0
2026-03-15,Azure,Azure VM,eastus,vm-api-prod-02,Standard_D4s_v3,19.43,0.192,3.7301,0
2026-03-15,Azure,Azure VM,eastus,vm-web-prod-01,Standard_D4s_v3,23.65,0.192,4.5407,0
2026-03-15,AWS,EBS,eu-west-1,vol-0123456789abcdef0,VolumeUsage.gp3,132.86,0.08,10.6292,0
2026-03-15,AWS,S3,us-east-1,prod-analytics-data-dump,StandardStorage-GB,1015.36,0.023,23.3532,0
2026-03-15,Azure,Azure VM,southeastasia,vm-api-prod-02,Standard_D4s_v3,17.85,0.192,3.4274,0
2026-03-15,AWS,EC2,us-west-2,i-0a8f9c1d2e3f4,BoxUsage:t3.xlarge,19.28,0.1664,3.2083,0
2026-03-15,Azure,Azure Storage,eastus,stappprodlogs001,BlobStorage-GB,1089.54,0.02,21.7907,0
2026-03-15,GCP,Cloud SQL,europe-west1,gcp-main-postgres-db,db-custom-2-7680,23.28,0.35,8.1465,0
2026-03-15,GCP,Cloud SQL,asia-east1,gcp-main-postgres-db,db-custom-2-7680,22.08,0.35,7.7291,0
2026-03-15,AWS,EBS,us-west-2,vol-0123456789abcdef0,VolumeUsage.gp3,109.82,0.08,8.7855,0
2026-03-15,GCP,Compute Engine,us-central1,gcp-k8s-worker-2,n2-standard-4,20.97,0.194,4.0686,0
2026-03-15,Azure,Azure VM,southeastasia,vm-web-prod-01,Standard_D4s_v3,17.89,0.192,3.4356,0
2026-03-15,GCP,Cloud SQL,asia-east1,gcp-main-postgres-db,db-custom-2-7680,21.29,0.35,7.4528,0
2026-03-16,Azure,Azure Storage,southeastasia,stbackupdata002,BlobStorage-GB,847.8,0.02,16.956,0
2026-03-16,AWS,Lambda,us-east-1,auth-token-verifier,RequestCount,290593.87,2e-07,0.0581,0
2026-03-16,GCP,Cloud SQL,us-central1,gcp-main-postgres-db,db-custom-2-7680,23.93,0.35,8.3768,0
2026-03-16,Azure,Azure VM,southeastasia,vm-web-prod-01,Standard_D4s_v3,22.18,0.192,4.2583,0
2026-03-16,AWS,EBS,us-west-2,vol-0fe0d1c2b3a498765,VolumeUsage.gp3,490.36,0.08,39.2289,0
2026-03-16,GCP,Cloud SQL,us-central1,gcp-main-postgres-db,db-custom-2-7680,22.11,0.35,7.739,0
2026-03-16,AWS,EBS,ap-southeast-1,vol-0123456789abcdef0,VolumeUsage.gp3,485.64,0.08,38.8511,0
2026-03-16,AWS,S3,us-east-1,user-media-storage-bucket,StandardStorage-GB,1191.89,0.023,27.4135,0
2026-03-16,GCP,Compute Engine,asia-east1,gcp-k8s-worker-1,n2-standard-4,21.51,0.194,4.1732,0
2026-03-16,AWS,EC2,eu-west-1,i-0b7e6d5c4b3a2,BoxUsage:t3.xlarge,20.26,0.1664,3.3704,0
2026-03-16,GCP,Cloud SQL,us-central1,gcp-main-postgres-db,db-custom-2-7680,24.28,0.35,8.4997,0
2026-03-16,AWS,EC2,us-east-1,i-0a8f9c1d2e3f4,BoxUsage:t3.xlarge,21.14,0.1664,3.5179,0
2026-03-16,AWS,EC2,us-east-1,i-0d1e2f3a4b5c6,BoxUsage:t3.xlarge,19.66,0.1664,3.272,0
2026-03-16,Azure,Azure VM,eastus,vm-web-prod-01,Standard_D4s_v3,22.17,0.192,4.2571,0
2026-03-16,Azure,Azure VM,eastus,vm-api-prod-02,Standard_D4s_v3,18.28,0.192,3.5095,0
2026-03-17,AWS,Lambda,us-west-2,image-resizer-worker,RequestCount,463443.28,2e-07,0.0927,0
2026-03-17,GCP,Cloud SQL,asia-east1,gcp-main-postgres-db,db-custom-2-7680,20.19,0.35,7.0676,0
2026-03-17,AWS,EBS,us-east-1,vol-0123456789abcdef0,VolumeUsage.gp3,188.49,0.08,15.0791,0
2026-03-17,Azure,Azure Storage,westeurope,stappprodlogs001,BlobStorage-GB,524.49,0.02,10.4897,0
2026-03-17,AWS,S3,eu-west-1,user-media-storage-bucket,StandardStorage-GB,1019.02,0.023,23.4375,0
2026-03-17,AWS,RDS,ap-southeast-1,analytics-read-replica,InstanceUsage:db.m5.large,21.33,0.38,8.1051,0
2026-03-17,GCP,Cloud SQL,europe-west1,gcp-main-postgres-db,db-custom-2-7680,23.12,0.35,8.0913,0
2026-03-17,GCP,Compute Engine,us-central1,gcp-k8s-worker-2,n2-standard-4,17.39,0.194,3.3731,0
2026-03-17,GCP,Compute Engine,europe-west1,gcp-k8s-worker-2,n2-standard-4,20.28,0.194,3.9348,0
2026-03-17,AWS,Lambda,us-west-2,auth-token-verifier,RequestCount,184416.48,2e-07,0.0369,0
2026-03-17,GCP,Compute Engine,europe-west1,gcp-k8s-worker-1,n2-standard-4,21.34,0.194,4.139,0
2026-03-17,AWS,Lambda,us-west-2,event-processor,RequestCount,426772.15,2e-07,0.0854,0
2026-03-17,AWS,S3,ap-southeast-1,prod-analytics-data-dump,StandardStorage-GB,670.81,0.023,15.4287,0
2026-03-17,AWS,EBS,eu-west-1,vol-0fe0d1c2b3a498765,VolumeUsage.gp3,485.75,0.08,38.86,0
2026-03-18,Azure,Azure Storage,westeurope,stbackupdata002,BlobStorage-GB,849.58,0.02,16.9915,0
2026-03-18,AWS,EBS,us-east-1,vol-0fe0d1c2b3a498765,VolumeUsage.gp3,323.57,0.08,25.8858,0
2026-03-18,AWS,RDS,us-east-1,prod-db-cluster-primary,InstanceUsage:db.m5.large,22.45,0.38,8.5326,0
2026-03-18,AWS,EC2,us-east-1,i-0d1e2f3a4b5c6,BoxUsage:t3.xlarge,21.89,0.1664,3.6423,0
2026-03-18,Azure,Azure VM,westeurope,vm-api-prod-02,Standard_D4s_v3,20.73,0.192,3.9794,0
2026-03-18,Azure,Azure VM,eastus,vm-web-prod-01,Standard_D4s_v3,23.65,0.192,4.5405,0
2026-03-18,Azure,Azure VM,southeastasia,vm-web-prod-01,Standard_D4s_v3,23.44,0.192,4.5002,0
2026-03-18,GCP,Compute Engine,asia-east1,gcp-k8s-worker-2,n2-standard-4,19.53,0.194,3.7882,0
2026-03-18,AWS,RDS,ap-southeast-1,prod-db-cluster-primary,InstanceUsage:db.m5.large,19.62,0.38,7.4568,0
2026-03-18,GCP,Cloud SQL,europe-west1,gcp-main-postgres-db,db-custom-2-7680,23.03,0.35,8.0603,0
2026-03-18,AWS,S3,us-east-1,prod-analytics-data-dump,StandardStorage-GB,782.88,0.023,18.0063,0
2026-03-18,GCP,Cloud SQL,europe-west1,gcp-main-postgres-db,db-custom-2-7680,20.59,0.35,7.2076,0
2026-03-18,AWS,RDS,us-east-1,prod-db-cluster-primary,InstanceUsage:db.m5.large,22.76,0.38,8.6475,0
2026-03-18,AWS,Lambda,ap-southeast-1,auth-token-verifier,RequestCount,271514.93,2e-07,0.0543,0
2026-03-18,GCP,Compute Engine,europe-west1,gcp-k8s-worker-1,n2-standard-4,20.15,0.194,3.9086,0
2026-03-18,Azure,Azure VM,eastus,vm-web-prod-01,Standard_D4s_v3,21.01,0.192,4.0348,0
2026-03-19,AWS,Lambda,us-west-2,auth-token-verifier,RequestCount,238812.31,2e-07,0.0478,0
2026-03-19,AWS,EBS,eu-west-1,vol-0123456789abcdef0,VolumeUsage.gp3,441.1,0.08,35.2883,0
2026-03-19,GCP,Cloud SQL,europe-west1,gcp-main-postgres-db,db-custom-2-7680,21.39,0.35,7.4861,0
2026-03-19,GCP,Compute Engine,us-central1,gcp-k8s-worker-2,n2-standard-4,22.66,0.194,4.397,0
2026-03-19,GCP,Compute Engine,asia-east1,gcp-k8s-worker-2,n2-standard-4,19.37,0.194,3.7578,0
2026-03-19,Azure,Azure VM,eastus,vm-web-prod-01,Standard_D4s_v3,21.16,0.192,4.0623,0
2026-03-19,GCP,Cloud SQL,us-central1,gcp-main-postgres-db,db-custom-2-7680,23.79,0.35,8.3263,0
2026-03-19,GCP,Cloud SQL,us-central1,gcp-main-postgres-db,db-custom-2-7680,20.22,0.35,7.076,0
2026-03-19,GCP,Cloud SQL,us-central1,gcp-main-postgres-db,db-custom-2-7680,23.93,0.35,8.376,0
2026-03-19,GCP,Compute Engine,europe-west1,gcp-k8s-worker-1,n2-standard-4,18.45,0.194,3.5796,0
2026-03-19,GCP,Compute Engine,asia-east1,gcp-k8s-worker-2,n2-standard-4,22.09,0.194,4.2863,0
2026-03-19,Azure,Azure Storage,southeastasia,stbackupdata002,BlobStorage-GB,1119.09,0.02,22.3819,0
2026-03-19,Azure,Azure VM,eastus,vm-api-prod-02,Standard_D4s_v3,22.39,0.192,4.2981,0
2026-03-19,GCP,Cloud SQL,us-central1,gcp-main-postgres-db,db-custom-2-7680,24.71,0.35,8.6472,0
2026-03-19,AWS,S3,ap-southeast-1,user-media-storage-bucket,StandardStorage-GB,1155.56,0.023,26.5778,0
2026-03-19,AWS,Lambda,ap-southeast-1,event-processor,RequestCount,182621.09,2e-07,0.0365,0
2026-03-20,Azure,Azure Storage,eastus,stbackupdata002,BlobStorage-GB,881.52,0.02,17.6303,0
2026-03-20,Azure,Azure Storage,eastus,stbackupdata002,BlobStorage-GB,1146.48,0.02,22.9296,0
2026-03-20,GCP,Compute Engine,europe-west1,gcp-k8s-worker-2,n2-standard-4,20.68,0.194,4.0122,0
2026-03-20,GCP,Compute Engine,us-central1,gcp-k8s-worker-2,n2-standard-4,20.48,0.194,3.9723,0
2026-03-20,AWS,EBS,ap-southeast-1,vol-0123456789abcdef0,VolumeUsage.gp3,230.81,0.08,18.465,0
2026-03-20,AWS,EBS,eu-west-1,vol-0123456789abcdef0,VolumeUsage.gp3,376.05,0.08,30.084,0
2026-03-20,Azure,Azure Storage,southeastasia,stbackupdata002,BlobStorage-GB,801.44,0.02,16.0287,0
2026-03-20,Azure,Azure Storage,eastus,stbackupdata002,BlobStorage-GB,1016.14,0.02,20.3227,0
2026-03-20,Azure,Azure VM,southeastasia,vm-web-prod-01,Standard_D4s_v3,23.63,0.192,4.5361,0
2026-03-20,AWS,S3,us-west-2,user-media-storage-bucket,StandardStorage-GB,790.91,0.023,18.191,0
2026-03-20,AWS,RDS,us-east-1,analytics-read-replica,InstanceUsage:db.m5.large,21.84,0.38,8.2998,0
2026-03-20,GCP,Cloud SQL,europe-west1,gcp-main-postgres-db,db-custom-2-7680,21.19,0.35,7.4161,0
2026-03-20,Azure,Azure Storage,southeastasia,stappprodlogs001,BlobStorage-GB,1022.07,0.02,20.4413,0
2026-03-20,Azure,Azure Storage,southeastasia,stbackupdata002,BlobStorage-GB,1080.15,0.02,21.6029,0
2026-03-21,GCP,Cloud SQL,europe-west1,gcp-main-postgres-db,db-custom-2-7680,22.96,0.35,8.0348,0
2026-03-21,GCP,Compute Engine,europe-west1,gcp-k8s-worker-2,n2-standard-4,22.72,0.194,4.4071,0
2026-03-21,AWS,RDS,eu-west-1,analytics-read-replica,InstanceUsage:db.m5.large,21.46,0.38,8.1538,0
2026-03-21,GCP,Compute Engine,europe-west1,gcp-k8s-worker-2,n2-standard-4,23.13,0.194,4.4881,0
2026-03-21,AWS,RDS,us-west-2,prod-db-cluster-primary,InstanceUsage:db.m5.large,19.68,0.38,7.4802,0
2026-03-21,GCP,Cloud SQL,us-central1,gcp-main-postgres-db,db-custom-2-7680,21.31,0.35,7.4578,0
2026-03-21,GCP,Compute Engine,europe-west1,gcp-k8s-worker-1,n2-standard-4,24.89,0.194,4.8277,0
2026-03-21,Azure,Azure VM,eastus,vm-web-prod-01,Standard_D4s_v3,22.07,0.192,4.2379,0
2026-03-21,Azure,Azure Storage,westeurope,stappprodlogs001,BlobStorage-GB,1527.32,0.02,30.5465,0
2026-03-21,GCP,Compute Engine,asia-east1,gcp-k8s-worker-1,n2-standard-4,22.44,0.194,4.3526,0
2026-03-21,AWS,EBS,us-west-2,vol-0fe0d1c2b3a498765,VolumeUsage.gp3,314.88,0.08,25.1901,0
2026-03-21,Azure,Azure VM,eastus,vm-api-prod-02,Standard_D4s_v3,17.94,0.192,3.4453,0
2026-03-21,Azure,Azure VM,westeurope,vm-web-prod-01,Standard_D4s_v3,20.79,0.192,3.9918,0
2026-03-21,Azure,Azure VM,southeastasia,vm-api-prod-02,Standard_D4s_v3,19.74,0.192,3.7904,0
2026-03-22,GCP,Cloud SQL,us-central1,gcp-main-postgres-db,db-custom-2-7680,22.3,0.35,7.8042,0
2026-03-22,GCP,Compute Engine,us-central1,gcp-k8s-worker-2,n2-standard-4,23.36,0.194,4.5322,0
2026-03-22,Azure,Azure Storage,eastus,stappprodlogs001,BlobStorage-GB,433.92,0.02,8.6784,0
2026-03-22,Azure,Azure VM,eastus,vm-api-prod-02,Standard_D4s_v3,20.17,0.192,3.8724,0
2026-03-22,GCP,Compute Engine,us-central1,gcp-k8s-worker-2,n2-standard-4,18.88,0.194,3.6633,0
2026-03-22,Azure,Azure VM,westeurope,vm-web-prod-01,Standard_D4s_v3,17.64,0.192,3.3876,0
2026-03-22,Azure,Azure VM,eastus,vm-web-prod-01,Standard_D4s_v3,22.16,0.192,4.2551,0
2026-03-22,AWS,EBS,ap-southeast-1,vol-0fe0d1c2b3a498765,VolumeUsage.gp3,224.8,0.08,17.9841,0
2026-03-22,GCP,Cloud SQL,europe-west1,gcp-main-postgres-db,db-custom-2-7680,22.56,0.35,7.8947,0
2026-03-22,GCP,Compute Engine,us-central1,gcp-k8s-worker-2,n2-standard-4,22.65,0.194,4.3943,0
2026-03-22,GCP,Compute Engine,us-central1,gcp-k8s-worker-2,n2-standard-4,18.06,0.194,3.503,0
2026-03-22,Azure,Azure VM,southeastasia,vm-web-prod-01,Standard_D4s_v3,23.11,0.192,4.4374,0
2026-03-22,Azure,Azure Storage,southeastasia,stappprodlogs001,BlobStorage-GB,1203.0,0.02,24.06,0
2026-03-22,GCP,Cloud SQL,asia-east1,gcp-main-postgres-db,db-custom-2-7680,21.5,0.35,7.5244,0
2026-03-23,GCP,Cloud SQL,asia-east1,gcp-main-postgres-db,db-custom-2-7680,22.79,0.35,7.9752,0
2026-03-23,AWS,RDS,us-east-1,prod-db-cluster-primary,InstanceUsage:db.m5.large,22.51,0.38,8.552,0
2026-03-23,Azure,Azure VM,westeurope,vm-web-prod-01,Standard_D4s_v3,19.53,0.192,3.7505,0
2026-03-23,AWS,Lambda,ap-southeast-1,image-resizer-worker,RequestCount,584238.73,2e-07,0.1168,0
2026-03-23,GCP,Cloud SQL,us-central1,gcp-main-postgres-db,db-custom-2-7680,19.76,0.35,6.9153,0
2026-03-23,GCP,Cloud SQL,asia-east1,gcp-main-postgres-db,db-custom-2-7680,19.99,0.35,6.9952,0
2026-03-23,AWS,Lambda,eu-west-1,event-processor,RequestCount,290589.98,2e-07,0.0581,0
2026-03-23,AWS,EBS,us-east-1,vol-0fe0d1c2b3a498765,VolumeUsage.gp3,157.78,0.08,12.6223,0
2026-03-23,AWS,EBS,ap-southeast-1,vol-0fe0d1c2b3a498765,VolumeUsage.gp3,426.12,0.08,34.09,0
2026-03-23,Azure,Azure Storage,westeurope,stbackupdata002,BlobStorage-GB,1212.17,0.02,24.2434,0
2026-03-23,Azure,Azure Storage,eastus,stappprodlogs001,BlobStorage-GB,1358.39,0.02,27.1677,0
2026-03-23,GCP,Cloud SQL,europe-west1,gcp-main-postgres-db,db-custom-2-7680,21.27,0.35,7.4429,0
2026-03-23,AWS,RDS,ap-southeast-1,analytics-read-replica,InstanceUsage:db.m5.large,22.22,0.38,8.4422,0
2026-03-23,Azure,Azure Storage,westeurope,stbackupdata002,BlobStorage-GB,1306.31,0.02,26.1261,0
2026-03-24,Azure,Azure VM,eastus,vm-api-prod-02,Standard_D4s_v3,19.83,0.192,3.8071,0
2026-03-24,GCP,Cloud SQL,asia-east1,gcp-main-postgres-db,db-custom-2-7680,24.21,0.35,8.4721,0
2026-03-24,Azure,Azure VM,westeurope,vm-web-prod-01,Standard_D4s_v3,18.85,0.192,3.6189,0
2026-03-24,AWS,Lambda,ap-southeast-1,image-resizer-worker,RequestCount,618586.31,2e-07,0.1237,0
2026-03-24,Azure,Azure Storage,southeastasia,stbackupdata002,BlobStorage-GB,1164.29,0.02,23.2857,0
2026-03-24,AWS,EC2,us-west-2,i-0b7e6d5c4b3a2,BoxUsage:t3.xlarge,19.32,0.1664,3.2153,0
2026-03-24,Azure,Azure Storage,westeurope,stappprodlogs001,BlobStorage-GB,1403.74,0.02,28.0748,0
2026-03-24,GCP,Compute Engine,asia-east1,gcp-k8s-worker-2,n2-standard-4,22.95,0.194,4.4521,0
2026-03-24,AWS,EC2,ap-southeast-1,i-0d1e2f3a4b5c6,BoxUsage:t3.xlarge,20.88,0.1664,3.4742,0
2026-03-24,Azure,Azure VM,westeurope,vm-api-prod-02,Standard_D4s_v3,24.16,0.192,4.6393,0
2026-03-24,Azure,Azure Storage,eastus,stbackupdata002,BlobStorage-GB,787.21,0.02,15.7443,0
2026-03-24,AWS,EC2,us-west-2,i-0c9d8e7f6a5b4,BoxUsage:t3.xlarge,19.87,0.1664,3.3069,0
2026-03-24,Azure,Azure Storage,eastus,stbackupdata002,BlobStorage-GB,494.9,0.02,9.898,0
2026-03-24,Azure,Azure Storage,eastus,stbackupdata002,BlobStorage-GB,934.75,0.02,18.695,0
2026-03-24,GCP,Compute Engine,us-central1,gcp-k8s-worker-1,n2-standard-4,19.22,0.194,3.729,0
2026-03-24,Azure,Azure Storage,southeastasia,stappprodlogs001,BlobStorage-GB,712.84,0.02,14.2569,0
2026-03-25,Azure,Azure VM,eastus,vm-api-prod-02,Standard_D4s_v3,19.64,0.192,3.7702,0
2026-03-25,AWS,EC2,us-east-1,i-0d1e2f3a4b5c6,BoxUsage:t3.xlarge,21.54,0.1664,3.5837,0
2026-03-25,Azure,Azure VM,westeurope,vm-api-prod-02,Standard_D4s_v3,21.55,0.192,4.1369,0
2026-03-25,GCP,Compute Engine,europe-west1,gcp-k8s-worker-2,n2-standard-4,21.31,0.194,4.135,0
2026-03-25,GCP,Cloud SQL,asia-east1,gcp-main-postgres-db,db-custom-2-7680,24.16,0.35,8.4568,0
2026-03-25,AWS,EBS,ap-southeast-1,vol-0fe0d1c2b3a498765,VolumeUsage.gp3,460.23,0.08,36.8186,0
2026-03-25,GCP,Cloud SQL,asia-east1,gcp-main-postgres-db,db-custom-2-7680,22.16,0.35,7.7566,0
2026-03-25,AWS,RDS,eu-west-1,analytics-read-replica,InstanceUsage:db.m5.large,24.75,0.38,9.4043,0
2026-03-25,Azure,Azure Storage,westeurope,stappprodlogs001,BlobStorage-GB,1270.53,0.02,25.4106,0
2026-03-25,Azure,Azure Storage,southeastasia,stappprodlogs001,BlobStorage-GB,1306.3,0.02,26.126,0
2026-03-25,AWS,EC2,us-east-1,i-0a8f9c1d2e3f4,BoxUsage:t3.xlarge,22.06,0.1664,3.6706,0
2026-03-25,AWS,RDS,us-west-2,analytics-read-replica,InstanceUsage:db.m5.large,24.28,0.38,9.2269,0
2026-03-25,AWS,Lambda,us-west-2,image-resizer-worker,RequestCount,603614.15,2e-07,0.1207,0
2026-03-25,Azure,Azure VM,eastus,vm-api-prod-02,Standard_D4s_v3,20.24,0.192,3.8861,0
2026-03-25,GCP,Compute Engine,asia-east1,gcp-k8s-worker-1,n2-standard-4,21.82,0.194,4.2337,0
2026-03-26,AWS,Lambda,ap-southeast-1,auth-token-verifier,RequestCount,105707.46,2e-07,0.0211,0
2026-03-26,GCP,Cloud SQL,asia-east1,gcp-main-postgres-db,db-custom-2-7680,19.53,0.35,6.8365,0
2026-03-26,GCP,Compute Engine,us-central1,gcp-k8s-worker-2,n2-standard-4,20.59,0.194,3.994,0
2026-03-26,GCP,Compute Engine,asia-east1,gcp-k8s-worker-1,n2-standard-4,22.21,0.194,4.3091,0
2026-03-26,GCP,Compute Engine,asia-east1,gcp-k8s-worker-2,n2-standard-4,23.92,0.194,4.6411,0
2026-03-26,Azure,Azure VM,westeurope,vm-api-prod-02,Standard_D4s_v3,22.3,0.192,4.2814,0
2026-03-26,Azure,Azure Storage,southeastasia,stbackupdata002,BlobStorage-GB,843.79,0.02,16.8759,0
2026-03-26,AWS,EBS,ap-southeast-1,vol-0fe0d1c2b3a498765,VolumeUsage.gp3,263.05,0.08,21.0437,0
2026-03-26,AWS,EC2,us-west-2,i-0b7e6d5c4b3a2,BoxUsage:t3.xlarge,18.1,0.1664,3.0121,0
2026-03-26,AWS,EBS,us-east-1,vol-0123456789abcdef0,VolumeUsage.gp3,160.78,0.08,12.8623,0
2026-03-26,Azure,Azure VM,westeurope,vm-web-prod-01,Standard_D4s_v3,23.82,0.192,4.573,0
2026-03-26,GCP,Compute Engine,us-central1,gcp-k8s-worker-1,n2-standard-4,24.29,0.194,4.7125,0
2026-03-26,AWS,EBS,us-west-2,vol-0fe0d1c2b3a498765,VolumeUsage.gp3,160.72,0.08,12.8578,0
2026-03-26,AWS,EBS,ap-southeast-1,vol-0fe0d1c2b3a498765,VolumeUsage.gp3,149.39,0.08,11.9512,0
2026-03-27,AWS,EBS,us-east-1,vol-0fe0d1c2b3a498765,VolumeUsage.gp3,494.69,0.08,39.5754,0
2026-03-27,Azure,Azure Storage,southeastasia,stappprodlogs001,BlobStorage-GB,802.01,0.02,16.0402,0
2026-03-27,AWS,EC2,us-west-2,i-0d1e2f3a4b5c6,BoxUsage:t3.xlarge,23.9,0.1664,3.9778,0
2026-03-27,GCP,Cloud SQL,europe-west1,gcp-main-postgres-db,db-custom-2-7680,22.17,0.35,7.7597,0
2026-03-27,AWS,RDS,ap-southeast-1,prod-db-cluster-primary,InstanceUsage:db.m5.large,22.19,0.38,8.4313,0
2026-03-27,GCP,Compute Engine,europe-west1,gcp-k8s-worker-2,n2-standard-4,21.72,0.194,4.2137,0
2026-03-27,AWS,EBS,us-west-2,vol-0fe0d1c2b3a498765,VolumeUsage.gp3,323.86,0.08,25.9086,0
2026-03-27,AWS,Lambda,ap-southeast-1,auth-token-verifier,RequestCount,370369.46,2e-07,0.0741,0
2026-03-27,GCP,Cloud SQL,asia-east1,gcp-main-postgres-db,db-custom-2-7680,20.4,0.35,7.1408,0
2026-03-27,AWS,RDS,us-east-1,analytics-read-replica,InstanceUsage:db.m5.large,21.28,0.38,8.0881,0
2026-03-27,Azure,Azure Storage,eastus,stappprodlogs001,BlobStorage-GB,1220.51,0.02,24.4102,0
2026-03-27,Azure,Azure Storage,eastus,stappprodlogs001,BlobStorage-GB,420.45,0.02,8.4091,0
2026-03-27,GCP,Compute Engine,europe-west1,gcp-k8s-worker-2,n2-standard-4,24.23,0.194,4.7009,0
2026-03-27,Azure,Azure VM,westeurope,vm-api-prod-02,Standard_D4s_v3,20.85,0.192,4.0036,0
2026-03-28,Azure,Azure VM,southeastasia,vm-web-prod-01,Standard_D4s_v3,22.57,0.192,4.3327,0
2026-03-28,GCP,Compute Engine,us-central1,gcp-k8s-worker-2,n2-standard-4,21.72,0.194,4.2139,0
2026-03-28,Azure,Azure VM,eastus,vm-web-prod-01,Standard_D4s_v3,21.23,0.192,4.0757,0
2026-03-28,AWS,EBS,us-west-2,vol-0fe0d1c2b3a498765,VolumeUsage.gp3,472.51,0.08,37.8007,0
2026-03-28,Azure,Azure VM,eastus,vm-web-prod-01,Standard_D4s_v3,20.39,0.192,3.9143,0
2026-03-28,GCP,Cloud SQL,us-central1,gcp-main-postgres-db,db-custom-2-7680,22.62,0.35,7.9153,0
2026-03-28,Azure,Azure VM,eastus,vm-web-prod-01,Standard_D4s_v3,19.45,0.192,3.7351,0
2026-03-28,GCP,Cloud SQL,europe-west1,gcp-main-postgres-db,db-custom-2-7680,22.27,0.35,7.7943,0
2026-03-28,Azure,Azure Storage,westeurope,stappprodlogs001,BlobStorage-GB,518.52,0.02,10.3704,0
2026-03-28,Azure,Azure Storage,southeastasia,stappprodlogs001,BlobStorage-GB,922.03,0.02,18.4407,0
2026-03-28,AWS,Lambda,eu-west-1,auth-token-verifier,RequestCount,216109.74,2e-07,0.0432,0
2026-03-28,GCP,Compute Engine,europe-west1,gcp-k8s-worker-1,n2-standard-4,21.85,0.194,4.2388,0
2026-03-28,Azure,Azure Storage,southeastasia,stappprodlogs001,BlobStorage-GB,1211.53,0.02,24.2306,0
2026-03-28,Azure,Azure Storage,westeurope,stappprodlogs001,BlobStorage-GB,1096.86,0.02,21.9372,0
2026-03-28,Azure,Azure Storage,southeastasia,stbackupdata002,BlobStorage-GB,1412.53,0.02,28.2507,0
2026-03-29,AWS,S3,us-east-1,prod-analytics-data-dump,StandardStorage-GB,507.85,0.023,11.6806,0
2026-03-29,GCP,Compute Engine,europe-west1,gcp-k8s-worker-1,n2-standard-4,23.54,0.194,4.5667,0
2026-03-29,Azure,Azure VM,westeurope,vm-web-prod-01,Standard_D4s_v3,24.46,0.192,4.6956,0
2026-03-29,Azure,Azure VM,westeurope,vm-api-prod-02,Standard_D4s_v3,18.33,0.192,3.52,0
2026-03-29,Azure,Azure VM,southeastasia,vm-web-prod-01,Standard_D4s_v3,22.83,0.192,4.3833,0
2026-03-29,GCP,Compute Engine,asia-east1,gcp-k8s-worker-2,n2-standard-4,21.0,0.194,4.0742,0
2026-03-29,Azure,Azure Storage,eastus,stappprodlogs001,BlobStorage-GB,494.25,0.02,9.885,0
2026-03-29,AWS,EC2,ap-southeast-1,i-0a8f9c1d2e3f4,BoxUsage:t3.xlarge,23.07,0.1664,3.8395,0
2026-03-29,Azure,Azure VM,westeurope,vm-web-prod-01,Standard_D4s_v3,22.09,0.192,4.2405,0
2026-03-29,Azure,Azure VM,westeurope,vm-web-prod-01,Standard_D4s_v3,21.46,0.192,4.121,0
2026-03-29,GCP,Compute Engine,europe-west1,gcp-k8s-worker-1,n2-standard-4,24.26,0.194,4.7074,0
2026-03-29,Azure,Azure VM,eastus,vm-web-prod-01,Standard_D4s_v3,22.47,0.192,4.3139,0
2026-03-29,Azure,Azure VM,westeurope,vm-api-prod-02,Standard_D4s_v3,17.26,0.192,3.3133,0
2026-03-29,GCP,Compute Engine,us-central1,gcp-k8s-worker-2,n2-standard-4,19.93,0.194,3.8668,0
2026-03-30,AWS,EC2,ap-southeast-1,i-0c9d8e7f6a5b4,BoxUsage:t3.xlarge,23.09,0.1664,3.8414,0
2026-03-30,GCP,Cloud SQL,asia-east1,gcp-main-postgres-db,db-custom-2-7680,20.63,0.35,7.2204,0
2026-03-30,GCP,Cloud SQL,us-central1,gcp-main-postgres-db,db-custom-2-7680,21.2,0.35,7.4194,0
2026-03-30,AWS,S3,us-east-1,prod-analytics-data-dump,StandardStorage-GB,1192.63,0.023,27.4306,0
2026-03-30,AWS,Lambda,eu-west-1,event-processor,RequestCount,125135.97,2e-07,0.025,0
2026-03-30,AWS,EBS,us-east-1,vol-0fe0d1c2b3a498765,VolumeUsage.gp3,452.84,0.08,36.2274,0
2026-03-30,AWS,RDS,ap-southeast-1,prod-db-cluster-primary,InstanceUsage:db.m5.large,20.16,0.38,7.6606,0
2026-03-30,Azure,Azure VM,westeurope,vm-api-prod-02,Standard_D4s_v3,20.35,0.192,3.9072,0
2026-03-30,Azure,Azure VM,westeurope,vm-api-prod-02,Standard_D4s_v3,19.7,0.192,3.7824,0
2026-03-30,AWS,RDS,eu-west-1,prod-db-cluster-primary,InstanceUsage:db.m5.large,23.23,0.38,8.8266,0
2026-03-30,Azure,Azure Storage,eastus,stbackupdata002,BlobStorage-GB,900.47,0.02,18.0094,0
2026-03-30,AWS,RDS,us-west-2,analytics-read-replica,InstanceUsage:db.m5.large,21.91,0.38,8.3263,0
2026-03-30,GCP,Cloud SQL,europe-west1,gcp-main-postgres-db,db-custom-2-7680,22.94,0.35,8.0299,0
2026-03-30,AWS,RDS,eu-west-1,prod-db-cluster-primary,InstanceUsage:db.m5.large,21.66,0.38,8.2303,0
2026-03-31,AWS,RDS,us-east-1,prod-db-cluster-primary,InstanceUsage:db.m5.large,22.94,0.38,8.7171,0
2026-03-31,Azure,Azure Storage,eastus,stappprodlogs001,BlobStorage-GB,763.24,0.02,15.2648,0
2026-03-31,AWS,EBS,eu-west-1,vol-0fe0d1c2b3a498765,VolumeUsage.gp3,393.63,0.08,31.4906,0
2026-03-31,GCP,Compute Engine,us-central1,gcp-k8s-worker-2,n2-standard-4,23.55,0.194,4.569,0
2026-03-31,Azure,Azure VM,southeastasia,vm-api-prod-02,Standard_D4s_v3,18.47,0.192,3.546,0
2026-03-31,AWS,RDS,eu-west-1,prod-db-cluster-primary,InstanceUsage:db.m5.large,24.65,0.38,9.3664,0
2026-03-31,Azure,Azure Storage,southeastasia,stappprodlogs001,BlobStorage-GB,1428.18,0.02,28.5636,0
2026-03-31,AWS,EC2,us-east-1,i-0d1e2f3a4b5c6,BoxUsage:t3.xlarge,20.08,0.1664,3.3414,0
2026-03-31,AWS,Lambda,us-west-2,auth-token-verifier,RequestCount,426741.46,2e-07,0.0853,0
2026-03-31,Azure,Azure VM,westeurope,vm-api-prod-02,Standard_D4s_v3,18.87,0.192,3.6233,0
2026-03-31,GCP,Compute Engine,europe-west1,gcp-k8s-worker-2,n2-standard-4,21.45,0.194,4.1606,0
2026-03-31,GCP,Compute Engine,us-central1,gcp-k8s-worker-2,n2-standard-4,18.14,0.194,3.5186,0
2026-03-31,GCP,Cloud SQL,us-central1,gcp-main-postgres-db,db-custom-2-7680,20.46,0.35,7.1611,0
2026-03-31,GCP,Compute Engine,us-central1,gcp-k8s-worker-2,n2-standard-4,24.08,0.194,4.6709,0
2026-03-31,GCP,Compute Engine,asia-east1,gcp-k8s-worker-1,n2-standard-4,24.93,0.194,4.837,0
2026-04-01,AWS,EC2,ap-southeast-1,i-0d1e2f3a4b5c6,BoxUsage:t3.xlarge,21.27,0.1664,3.5391,0
2026-04-01,GCP,Cloud SQL,asia-east1,gcp-main-postgres-db,db-custom-2-7680,20.24,0.35,7.0837,0
2026-04-01,GCP,Compute Engine,europe-west1,gcp-k8s-worker-1,n2-standard-4,18.51,0.194,3.5903,0
2026-04-01,AWS,EC2,us-east-1,i-0a8f9c1d2e3f4,BoxUsage:t3.xlarge,22.72,0.1664,3.7802,0
2026-04-01,GCP,Compute Engine,us-central1,gcp-k8s-worker-1,n2-standard-4,20.56,0.194,3.988,0
2026-04-01,Azure,Azure VM,southeastasia,vm-web-prod-01,Standard_D4s_v3,22.12,0.192,4.2473,0
2026-04-01,Azure,Azure VM,westeurope,vm-web-prod-01,Standard_D4s_v3,19.64,0.192,3.7709,0
2026-04-01,Azure,Azure VM,westeurope,vm-api-prod-02,Standard_D4s_v3,17.44,0.192,3.348,0
2026-04-01,GCP,Cloud SQL,us-central1,gcp-main-postgres-db,db-custom-2-7680,19.99,0.35,6.997,0
2026-04-01,GCP,Compute Engine,asia-east1,gcp-k8s-worker-1,n2-standard-4,20.97,0.194,4.0678,0
2026-04-01,AWS,S3,ap-southeast-1,app-logs-archive,StandardStorage-GB,550.09,0.023,12.652,0
2026-04-01,Azure,Azure VM,eastus,vm-api-prod-02,Standard_D4s_v3,22.25,0.192,4.272,0
2026-04-01,Azure,Azure Storage,southeastasia,stappprodlogs001,BlobStorage-GB,1097.21,0.02,21.9442,0
2026-04-01,Azure,Azure VM,eastus,vm-api-prod-02,Standard_D4s_v3,19.05,0.192,3.6571,0
2026-04-02,AWS,EBS,ap-southeast-1,vol-0123456789abcdef0,VolumeUsage.gp3,377.01,0.08,30.1612,0
2026-04-02,GCP,Cloud SQL,us-central1,gcp-main-postgres-db,db-custom-2-7680,22.14,0.35,7.7507,0
2026-04-02,GCP,Compute Engine,us-central1,gcp-k8s-worker-2,n2-standard-4,20.9,0.194,4.055,0
2026-04-02,GCP,Compute Engine,europe-west1,gcp-k8s-worker-1,n2-standard-4,21.42,0.194,4.1563,0
2026-04-02,Azure,Azure VM,southeastasia,vm-web-prod-01,Standard_D4s_v3,20.32,0.192,3.9022,0
2026-04-02,GCP,Compute Engine,asia-east1,gcp-k8s-worker-2,n2-standard-4,21.33,0.194,4.1385,0
2026-04-02,Azure,Azure VM,eastus,vm-api-prod-02,Standard_D4s_v3,19.02,0.192,3.6523,0
2026-04-02,GCP,Compute Engine,us-central1,gcp-k8s-worker-2,n2-standard-4,23.5,0.194,4.5585,0
2026-04-02,AWS,RDS,eu-west-1,analytics-read-replica,InstanceUsage:db.m5.large,22.14,0.38,8.4145,0
2026-04-02,AWS,RDS,us-west-2,prod-db-cluster-primary,InstanceUsage:db.m5.large,22.97,0.38,8.727,0
2026-04-02,Azure,Azure VM,southeastasia,vm-web-prod-01,Standard_D4s_v3,17.91,0.192,3.4389,0
2026-04-02,Azure,Azure Storage,southeastasia,stappprodlogs001,BlobStorage-GB,483.66,0.02,9.6732,0
2026-04-02,AWS,Lambda,us-west-2,auth-token-verifier,RequestCount,693530.85,2e-07,0.1387,0
2026-04-02,GCP,Cloud SQL,europe-west1,gcp-main-postgres-db,db-custom-2-7680,21.0,0.35,7.3498,0
2026-04-02,GCP,Cloud SQL,europe-west1,gcp-main-postgres-db,db-custom-2-7680,20.54,0.35,7.189,0
2026-04-02,AWS,S3,ap-southeast-1,app-logs-archive,StandardStorage-GB,1115.1,0.023,25.6474,0
2026-04-03,Azure,Azure VM,eastus,vm-web-prod-01,Standard_D4s_v3,18.67,0.192,3.5837,0
2026-04-03,GCP,Compute Engine,asia-east1,gcp-k8s-worker-1,n2-standard-4,17.98,0.194,3.4889,0
2026-04-03,Azure,Azure VM,westeurope,vm-api-prod-02,Standard_D4s_v3,20.55,0.192,3.9452,0
2026-04-03,Azure,Azure Storage,eastus,stappprodlogs001,BlobStorage-GB,1187.77,0.02,23.7555,0
2026-04-03,AWS,S3,us-east-1,user-media-storage-bucket,StandardStorage-GB,574.66,0.023,13.2171,0
2026-04-03,Azure,Azure VM,southeastasia,vm-web-prod-01,Standard_D4s_v3,19.88,0.192,3.8177,0
2026-04-03,GCP,Compute Engine,us-central1,gcp-k8s-worker-1,n2-standard-4,22.84,0.194,4.4316,0
2026-04-03,GCP,Compute Engine,asia-east1,gcp-k8s-worker-1,n2-standard-4,24.4,0.194,4.7333,0
2026-04-03,GCP,Compute Engine,us-central1,gcp-k8s-worker-2,n2-standard-4,24.93,0.194,4.8361,0
2026-04-03,AWS,RDS,us-east-1,analytics-read-replica,InstanceUsage:db.m5.large,22.14,0.38,8.4128,0
2026-04-03,GCP,Compute Engine,asia-east1,gcp-k8s-worker-1,n2-standard-4,19.65,0.194,3.8117,0
2026-04-03,AWS,EC2,us-east-1,i-0b7e6d5c4b3a2,BoxUsage:t3.xlarge,21.56,0.1664,3.5868,0
2026-04-03,GCP,Compute Engine,asia-east1,gcp-k8s-worker-1,n2-standard-4,19.49,0.194,3.7816,0
2026-04-03,GCP,Compute Engine,asia-east1,gcp-k8s-worker-1,n2-standard-4,22.56,0.194,4.3765,0
2026-04-04,GCP,Cloud SQL,europe-west1,gcp-main-postgres-db,db-custom-2-7680,20.44,0.35,7.154,0
2026-04-04,Azure,Azure VM,westeurope,vm-web-prod-01,Standard_D4s_v3,19.4,0.192,3.7245,0
2026-04-04,Azure,Azure Storage,eastus,stbackupdata002,BlobStorage-GB,629.84,0.02,12.5969,0
2026-04-04,AWS,RDS,us-west-2,prod-db-cluster-primary,InstanceUsage:db.m5.large,21.92,0.38,8.3304,0
2026-04-04,Azure,Azure Storage,westeurope,stappprodlogs001,BlobStorage-GB,879.01,0.02,17.5801,0
2026-04-04,AWS,EC2,ap-southeast-1,i-0c9d8e7f6a5b4,BoxUsage:t3.xlarge,19.77,0.1664,3.2902,0
2026-04-04,Azure,Azure VM,westeurope,vm-web-prod-01,Standard_D4s_v3,24.08,0.192,4.6237,0
2026-04-04,AWS,EBS,us-east-1,vol-0fe0d1c2b3a498765,VolumeUsage.gp3,272.45,0.08,21.7956,0
2026-04-04,AWS,EBS,us-east-1,vol-0123456789abcdef0,VolumeUsage.gp3,471.74,0.08,37.7389,0
2026-04-04,AWS,EBS,eu-west-1,vol-0123456789abcdef0,VolumeUsage.gp3,344.28,0.08,27.5422,0
2026-04-04,AWS,EBS,us-west-2,vol-0123456789abcdef0,VolumeUsage.gp3,455.15,0.08,36.4121,0
2026-04-04,GCP,Compute Engine,europe-west1,gcp-k8s-worker-2,n2-standard-4,20.49,0.194,3.9749,0
2026-04-04,GCP,Compute Engine,asia-east1,gcp-k8s-worker-1,n2-standard-4,21.28,0.194,4.1275,0
2026-04-04,Azure,Azure Storage,westeurope,stappprodlogs001,BlobStorage-GB,837.94,0.02,16.7589,0
2026-04-05,Azure,Azure Storage,southeastasia,stbackupdata002,BlobStorage-GB,865.59,0.02,17.3117,0
2026-04-05,Azure,Azure VM,westeurope,vm-web-prod-01,Standard_D4s_v3,22.78,0.192,4.3731,0
2026-04-05,AWS,EBS,us-east-1,vol-0fe0d1c2b3a498765,VolumeUsage.gp3,490.66,0.08,39.2526,0
2026-04-05,AWS,RDS,us-west-2,prod-db-cluster-primary,InstanceUsage:db.m5.large,20.27,0.38,7.701,0
2026-04-05,Azure,Azure Storage,southeastasia,stbackupdata002,BlobStorage-GB,1394.85,0.02,27.897,0
2026-04-05,AWS,Lambda,eu-west-1,event-processor,RequestCount,445912.29,2e-07,0.0892,0
2026-04-05,GCP,Cloud SQL,asia-east1,gcp-main-postgres-db,db-custom-2-7680,23.46,0.35,8.2103,0
2026-04-05,Azure,Azure Storage,westeurope,stbackupdata002,BlobStorage-GB,859.36,0.02,17.1872,0
2026-04-05,Azure,Azure VM,eastus,vm-web-prod-01,Standard_D4s_v3,18.85,0.192,3.6194,0
2026-04-05,Azure,Azure Storage,westeurope,stappprodlogs001,BlobStorage-GB,829.0,0.02,16.58,0
2026-04-05,AWS,RDS,us-east-1,analytics-read-replica,InstanceUsage:db.m5.large,21.52,0.38,8.1781,0
2026-04-05,Azure,Azure VM,eastus,vm-api-prod-02,Standard_D4s_v3,24.8,0.192,4.7621,0
2026-04-05,Azure,Azure VM,southeastasia,vm-api-prod-02,Standard_D4s_v3,18.99,0.192,3.647,0
2026-04-05,GCP,Compute Engine,asia-east1,gcp-k8s-worker-2,n2-standard-4,18.4,0.194,3.5694,0
2026-04-05,GCP,Compute Engine,asia-east1,gcp-k8s-worker-2,n2-standard-4,23.91,0.194,4.6391,0
2026-04-05,Azure,Azure Storage,southeastasia,stbackupdata002,BlobStorage-GB,1416.72,0.02,28.3344,0
2026-04-06,GCP,Compute Engine,asia-east1,gcp-k8s-worker-1,n2-standard-4,21.95,0.194,4.2588,0
2026-04-06,Azure,Azure Storage,westeurope,stbackupdata002,BlobStorage-GB,453.34,0.02,9.0669,0
2026-04-06,Azure,Azure VM,southeastasia,vm-api-prod-02,Standard_D4s_v3,22.08,0.192,4.2399,0
2026-04-06,Azure,Azure Storage,southeastasia,stbackupdata002,BlobStorage-GB,821.56,0.02,16.4312,0
2026-04-06,GCP,Cloud SQL,asia-east1,gcp-main-postgres-db,db-custom-2-7680,22.61,0.35,7.9142,0
2026-04-06,Azure,Azure VM,eastus,vm-api-prod-02,Standard_D4s_v3,20.02,0.192,3.843,0
2026-04-06,AWS,EBS,eu-west-1,vol-0fe0d1c2b3a498765,VolumeUsage.gp3,160.34,0.08,12.8271,0
2026-04-06,AWS,S3,us-east-1,user-media-storage-bucket,StandardStorage-GB,1058.86,0.023,24.3537,0
2026-04-06,AWS,EC2,us-east-1,i-0d1e2f3a4b5c6,BoxUsage:t3.xlarge,24.4,0.1664,4.0603,0
2026-04-06,GCP,Cloud SQL,us-central1,gcp-main-postgres-db,db-custom-2-7680,24.27,0.35,8.4948,0
2026-04-06,Azure,Azure VM,southeastasia,vm-web-prod-01,Standard_D4s_v3,20.54,0.192,3.9435,0
2026-04-06,AWS,S3,ap-southeast-1,prod-analytics-data-dump,StandardStorage-GB,560.44,0.023,12.8901,0
2026-04-06,AWS,RDS,us-east-1,analytics-read-replica,InstanceUsage:db.m5.large,19.95,0.38,7.5801,0
2026-04-06,AWS,S3,us-east-1,prod-analytics-data-dump,StandardStorage-GB,634.61,0.023,14.5961,0
2026-04-07,AWS,RDS,us-west-2,prod-db-cluster-primary,InstanceUsage:db.m5.large,20.76,0.38,7.8877,0
2026-04-07,AWS,EC2,eu-west-1,i-0c9d8e7f6a5b4,BoxUsage:t3.xlarge,23.56,0.1664,3.9207,0
2026-04-07,Azure,Azure VM,southeastasia,vm-web-prod-01,Standard_D4s_v3,23.6,0.192,4.5315,0
2026-04-07,Azure,Azure VM,eastus,vm-web-prod-01,Standard_D4s_v3,19.28,0.192,3.701,0
2026-04-07,Azure,Azure VM,westeurope,vm-web-prod-01,Standard_D4s_v3,23.35,0.192,4.4833,0
2026-04-07,GCP,Compute Engine,asia-east1,gcp-k8s-worker-1,n2-standard-4,21.73,0.194,4.2159,0
2026-04-07,GCP,Cloud SQL,europe-west1,gcp-main-postgres-db,db-custom-2-7680,21.83,0.35,7.6401,0
2026-04-07,GCP,Compute Engine,us-central1,gcp-k8s-worker-2,n2-standard-4,21.44,0.194,4.1594,0
2026-04-07,Azure,Azure VM,eastus,vm-api-prod-02,Standard_D4s_v3,17.8,0.192,3.4174,0
2026-04-07,GCP,Compute Engine,asia-east1,gcp-k8s-worker-1,n2-standard-4,17.81,0.194,3.4557,0
2026-04-07,Azure,Azure VM,eastus,vm-web-prod-01,Standard_D4s_v3,23.48,0.192,4.5085,0
2026-04-07,Azure,Azure VM,westeurope,vm-web-prod-01,Standard_D4s_v3,18.94,0.192,3.6368,0
2026-04-07,AWS,RDS,us-east-1,prod-db-cluster-primary,InstanceUsage:db.m5.large,24.01,0.38,9.1224,0
2026-04-07,AWS,Lambda,us-west-2,auth-token-verifier,RequestCount,231708.97,2e-07,0.0463,0
2026-04-08,AWS,RDS,us-west-2,prod-db-cluster-primary,InstanceUsage:db.m5.large,21.66,0.38,8.2305,0
2026-04-08,AWS,Lambda,eu-west-1,auth-token-verifier,RequestCount,731213.07,2e-07,0.1462,0
2026-04-08,AWS,RDS,ap-southeast-1,analytics-read-replica,InstanceUsage:db.m5.large,21.79,0.38,8.2807,0
2026-04-08,GCP,Cloud SQL,us-central1,gcp-main-postgres-db,db-custom-2-7680,22.52,0.35,7.8812,0
2026-04-08,Azure,Azure VM,westeurope,vm-web-prod-01,Standard_D4s_v3,22.8,0.192,4.377,0
2026-04-08,Azure,Azure VM,westeurope,vm-web-prod-01,Standard_D4s_v3,23.2,0.192,4.4545,0
2026-04-08,AWS,EBS,us-east-1,vol-0123456789abcdef0,VolumeUsage.gp3,393.4,0.08,31.4716,0
2026-04-08,AWS,EBS,eu-west-1,vol-0123456789abcdef0,VolumeUsage.gp3,107.11,0.08,8.5685,0
2026-04-08,Azure,Azure Storage,eastus,stbackupdata002,BlobStorage-GB,865.83,0.02,17.3166,0
2026-04-08,Azure,Azure Storage,southeastasia,stbackupdata002,BlobStorage-GB,963.68,0.02,19.2736,0
2026-04-08,GCP,Compute Engine,asia-east1,gcp-k8s-worker-1,n2-standard-4,23.27,0.194,4.5146,0
2026-04-08,Azure,Azure VM,eastus,vm-api-prod-02,Standard_D4s_v3,18.87,0.192,3.6229,0
2026-04-08,AWS,EBS,us-west-2,vol-0123456789abcdef0,VolumeUsage.gp3,242.32,0.08,19.3855,0
2026-04-08,Azure,Azure VM,southeastasia,vm-web-prod-01,Standard_D4s_v3,20.33,0.192,3.9025,0
2026-04-08,Azure,Azure VM,westeurope,vm-api-prod-02,Standard_D4s_v3,17.71,0.192,3.401,0
2026-04-08,AWS,S3,us-west-2,app-logs-archive,StandardStorage-GB,1141.78,0.023,26.261,0
2026-04-09,Azure,Azure Storage,eastus,stappprodlogs001,BlobStorage-GB,1339.66,0.02,26.7932,0
2026-04-09,Azure,Azure Storage,eastus,stbackupdata002,BlobStorage-GB,615.83,0.02,12.3167,0
2026-04-09,GCP,Cloud SQL,asia-east1,gcp-main-postgres-db,db-custom-2-7680,22.0,0.35,7.6984,0
2026-04-09,AWS,S3,eu-west-1,prod-analytics-data-dump,StandardStorage-GB,1154.93,0.023,26.5633,0
2026-04-09,AWS,EC2,us-east-1,i-0d1e2f3a4b5c6,BoxUsage:t3.xlarge,19.01,0.1664,3.1625,0
2026-04-09,Azure,Azure VM,eastus,vm-web-prod-01,Standard_D4s_v3,19.39,0.192,3.7233,0
2026-04-09,AWS,S3,ap-southeast-1,app-logs-archive,StandardStorage-GB,667.67,0.023,15.3565,0
2026-04-09,GCP,Compute Engine,asia-east1,gcp-k8s-worker-2,n2-standard-4,20.93,0.194,4.0601,0
2026-04-09,Azure,Azure VM,eastus,vm-api-prod-02,Standard_D4s_v3,19.52,0.192,3.7485,0
2026-04-09,AWS,S3,us-east-1,user-media-storage-bucket,StandardStorage-GB,395.87,0.023,9.1049,0
2026-04-09,Azure,Azure Storage,westeurope,stappprodlogs001,BlobStorage-GB,777.86,0.02,15.5572,0
2026-04-09,Azure,Azure VM,southeastasia,vm-api-prod-02,Standard_D4s_v3,21.69,0.192,4.1645,0
2026-04-09,Azure,Azure VM,westeurope,vm-web-prod-01,Standard_D4s_v3,20.6,0.192,3.9554,0
2026-04-09,Azure,Azure Storage,southeastasia,stbackupdata002,BlobStorage-GB,768.52,0.02,15.3705,0
2026-04-10,AWS,RDS,us-west-2,prod-db-cluster-primary,InstanceUsage:db.m5.large,22.99,0.38,8.7374,0
2026-04-10,Azure,Azure VM,eastus,vm-api-prod-02,Standard_D4s_v3,19.19,0.192,3.6842,0
2026-04-10,GCP,Cloud SQL,europe-west1,gcp-main-postgres-db,db-custom-2-7680,23.51,0.35,8.2285,0
2026-04-10,Azure,Azure Storage,southeastasia,stappprodlogs001,BlobStorage-GB,874.88,0.02,17.4976,0
2026-04-10,GCP,Compute Engine,europe-west1,gcp-k8s-worker-2,n2-standard-4,18.03,0.194,3.4979,0
2026-04-10,Azure,Azure VM,westeurope,vm-web-prod-01,Standard_D4s_v3,20.0,0.192,3.8401,0
2026-04-10,Azure,Azure Storage,westeurope,stbackupdata002,BlobStorage-GB,1039.22,0.02,20.7845,0
2026-04-10,GCP,Cloud SQL,europe-west1,gcp-main-postgres-db,db-custom-2-7680,21.59,0.35,7.5569,0
2026-04-10,Azure,Azure Storage,westeurope,stbackupdata002,BlobStorage-GB,1014.86,0.02,20.2973,0
2026-04-10,AWS,EBS,us-east-1,vol-0fe0d1c2b3a498765,VolumeUsage.gp3,448.87,0.08,35.9093,0
2026-04-10,GCP,Cloud SQL,us-central1,gcp-main-postgres-db,db-custom-2-7680,19.57,0.35,6.849,0
2026-04-10,Azure,Azure Storage,westeurope,stappprodlogs001,BlobStorage-GB,434.5,0.02,8.69,0
2026-04-10,AWS,EBS,eu-west-1,vol-0123456789abcdef0,VolumeUsage.gp3,140.15,0.08,11.2123,0
2026-04-10,Azure,Azure Storage,southeastasia,stbackupdata002,BlobStorage-GB,814.49,0.02,16.2898,0
2026-04-10,Azure,Azure Storage,eastus,stappprodlogs001,BlobStorage-GB,398.13,0.02,7.9627,0
2026-04-11,Azure,Azure VM,southeastasia,vm-api-prod-02,Standard_D4s_v3,21.71,0.192,4.1685,0
2026-04-11,Azure,Azure Storage,westeurope,stbackupdata002,BlobStorage-GB,1371.8,0.02,27.4359,0
2026-04-11,Azure,Azure VM,westeurope,vm-api-prod-02,Standard_D4s_v3,20.16,0.192,3.8716,0
2026-04-11,Azure,Azure VM,westeurope,vm-api-prod-02,Standard_D4s_v3,20.51,0.192,3.9373,0
2026-04-11,GCP,Cloud SQL,us-central1,gcp-main-postgres-db,db-custom-2-7680,21.89,0.35,7.6628,0
2026-04-11,GCP,Cloud SQL,us-central1,gcp-main-postgres-db,db-custom-2-7680,21.59,0.35,7.5579,0
2026-04-11,GCP,Compute Engine,us-central1,gcp-k8s-worker-1,n2-standard-4,17.98,0.194,3.4873,0
2026-04-11,GCP,Compute Engine,us-central1,gcp-k8s-worker-1,n2-standard-4,18.58,0.194,3.6045,0
2026-04-11,AWS,EBS,us-west-2,vol-0fe0d1c2b3a498765,VolumeUsage.gp3,209.29,0.08,16.743,0
2026-04-11,AWS,RDS,us-east-1,analytics-read-replica,InstanceUsage:db.m5.large,22.51,0.38,8.554,0
2026-04-11,Azure,Azure Storage,southeastasia,stappprodlogs001,BlobStorage-GB,720.22,0.02,14.4045,0
2026-04-11,Azure,Azure Storage,southeastasia,stbackupdata002,BlobStorage-GB,704.6,0.02,14.092,0
2026-04-11,AWS,RDS,eu-west-1,analytics-read-replica,InstanceUsage:db.m5.large,22.11,0.38,8.4019,0
2026-04-11,Azure,Azure Storage,southeastasia,stappprodlogs001,BlobStorage-GB,846.17,0.02,16.9233,0
2026-04-11,AWS,S3,eu-west-1,user-media-storage-bucket,StandardStorage-GB,400.27,0.023,9.2062,0
2026-04-11,AWS,EBS,eu-west-1,vol-0fe0d1c2b3a498765,VolumeUsage.gp3,206.05,0.08,16.4841,0
2026-04-12,Azure,Azure VM,westeurope,vm-web-prod-01,Standard_D4s_v3,19.0,0.192,3.6478,0
2026-04-12,Azure,Azure Storage,eastus,stbackupdata002,BlobStorage-GB,723.9,0.02,14.4779,0
2026-04-12,GCP,Compute Engine,us-central1,gcp-k8s-worker-1,n2-standard-4,22.91,0.194,4.4452,0
2026-04-12,AWS,EC2,eu-west-1,i-0b7e6d5c4b3a2,BoxUsage:t3.xlarge,20.94,0.1664,3.4845,0
2026-04-12,Azure,Azure Storage,southeastasia,stbackupdata002,BlobStorage-GB,1264.64,0.02,25.2929,0
2026-04-12,Azure,Azure VM,southeastasia,vm-web-prod-01,Standard_D4s_v3,17.62,0.192,3.3839,0
2026-04-12,AWS,S3,us-west-2,user-media-storage-bucket,StandardStorage-GB,689.21,0.023,15.8519,0
2026-04-12,Azure,Azure VM,eastus,vm-web-prod-01,Standard_D4s_v3,23.14,0.192,4.443,0
2026-04-12,AWS,EBS,eu-west-1,vol-0123456789abcdef0,VolumeUsage.gp3,444.78,0.08,35.5821,0
2026-04-12,AWS,RDS,eu-west-1,analytics-read-replica,InstanceUsage:db.m5.large,20.65,0.38,7.8489,0
2026-04-12,GCP,Compute Engine,us-central1,gcp-k8s-worker-2,n2-standard-4,22.35,0.194,4.3353,0
2026-04-12,GCP,Cloud SQL,us-central1,gcp-main-postgres-db,db-custom-2-7680,22.87,0.35,8.006,0
2026-04-12,Azure,Azure Storage,westeurope,stbackupdata002,BlobStorage-GB,614.37,0.02,12.2874,0
2026-04-12,Azure,Azure VM,eastus,vm-web-prod-01,Standard_D4s_v3,19.92,0.192,3.8245,0
2026-04-12,AWS,EBS,us-east-1,vol-0123456789abcdef0,VolumeUsage.gp3,160.29,0.08,12.8228,0
2026-04-12,AWS,S3,ap-southeast-1,prod-analytics-data-dump,StandardStorage-GB,1166.96,0.023,26.84,0
2026-04-13,Azure,Azure Storage,westeurope,stbackupdata002,BlobStorage-GB,865.77,0.02,17.3154,0
2026-04-13,GCP,Cloud SQL,europe-west1,gcp-main-postgres-db,db-custom-2-7680,23.97,0.35,8.3898,0
2026-04-13,GCP,Compute Engine,europe-west1,gcp-k8s-worker-1,n2-standard-4,22.26,0.194,4.3188,0
2026-04-13,GCP,Compute Engine,us-central1,gcp-k8s-worker-2,n2-standard-4,23.33,0.194,4.5262,0
2026-04-13,AWS,EC2,us-west-2,i-0c9d8e7f6a5b4,BoxUsage:t3.xlarge,21.68,0.1664,3.607,0
2026-04-13,Azure,Azure VM,eastus,vm-web-prod-01,Standard_D4s_v3,19.72,0.192,3.7859,0
2026-04-13,AWS,S3,us-west-2,app-logs-archive,StandardStorage-GB,845.75,0.023,19.4523,0
2026-04-13,GCP,Compute Engine,us-central1,gcp-k8s-worker-2,n2-standard-4,21.22,0.194,4.1162,0
2026-04-13,GCP,Cloud SQL,europe-west1,gcp-main-postgres-db,db-custom-2-7680,22.57,0.35,7.8991,0
2026-04-13,Azure,Azure Storage,westeurope,stbackupdata002,BlobStorage-GB,483.61,0.02,9.6722,0
2026-04-13,AWS,S3,us-west-2,prod-analytics-data-dump,StandardStorage-GB,492.53,0.023,11.3283,0
2026-04-13,AWS,EC2,us-west-2,i-0a8f9c1d2e3f4,BoxUsage:t3.xlarge,18.62,0.1664,3.0991,0
2026-04-13,AWS,S3,us-west-2,prod-analytics-data-dump,StandardStorage-GB,741.65,0.023,17.0578,0
2026-04-13,Azure,Azure Storage,westeurope,stappprodlogs001,BlobStorage-GB,878.72,0.02,17.5744,0
2026-04-13,Azure,Azure VM,westeurope,vm-api-prod-02,Standard_D4s_v3,22.09,0.192,4.242,0
2026-04-14,GCP,Compute Engine,asia-east1,gcp-k8s-worker-1,n2-standard-4,20.3,0.194,3.9375,0
2026-04-14,Azure,Azure Storage,southeastasia,stbackupdata002,BlobStorage-GB,1065.55,0.02,21.311,0
2026-04-14,AWS,RDS,eu-west-1,prod-db-cluster-primary,InstanceUsage:db.m5.large,20.32,0.38,7.7232,0
2026-04-14,Azure,Azure Storage,eastus,stappprodlogs001,BlobStorage-GB,981.07,0.02,19.6213,0
2026-04-14,AWS,Lambda,us-east-1,auth-token-verifier,RequestCount,231884.57,2e-07,0.0464,0
2026-04-14,AWS,S3,us-east-1,app-logs-archive,StandardStorage-GB,761.7,0.023,17.5191,0
2026-04-14,GCP,Cloud SQL,asia-east1,gcp-main-postgres-db,db-custom-2-7680,20.33,0.35,7.1168,0
2026-04-14,AWS,Lambda,us-east-1,image-resizer-worker,RequestCount,289842.28,2e-07,0.058,0
2026-04-14,Azure,Azure VM,eastus,vm-api-prod-02,Standard_D4s_v3,18.88,0.192,3.6252,0
2026-04-14,AWS,EC2,ap-southeast-1,i-0a8f9c1d2e3f4,BoxUsage:t3.xlarge,19.11,0.1664,3.1803,0
2026-04-14,GCP,Compute Engine,us-central1,gcp-k8s-worker-1,n2-standard-4,18.0,0.194,3.4925,0
2026-04-14,GCP,Cloud SQL,europe-west1,gcp-main-postgres-db,db-custom-2-7680,22.53,0.35,7.8846,0
2026-04-14,AWS,S3,us-west-2,user-media-storage-bucket,StandardStorage-GB,864.31,0.023,19.8792,0
2026-04-14,GCP,Cloud SQL,us-central1,gcp-main-postgres-db,db-custom-2-7680,22.16,0.35,7.7555,0
2026-04-14,AWS,RDS,us-east-1,analytics-read-replica,InstanceUsage:db.m5.large,21.53,0.38,8.1811,0
2026-04-14,GCP,Cloud SQL,asia-east1,gcp-main-postgres-db,db-custom-2-7680,23.57,0.35,8.2483,0
2026-04-15,GCP,Compute Engine,asia-east1,gcp-k8s-worker-2,n2-standard-4,18.03,0.194,3.4981,0
2026-04-15,AWS,EC2,ap-southeast-1,i-0d1e2f3a4b5c6,BoxUsage:t3.xlarge,18.76,0.1664,3.1219,0
2026-04-15,GCP,Cloud SQL,us-central1,gcp-main-postgres-db,db-custom-2-7680,21.33,0.35,7.4666,0
2026-04-15,Azure,Azure VM,eastus,vm-web-prod-01,Standard_D4s_v3,21.15,0.192,4.0614,0
2026-04-15,AWS,S3,eu-west-1,prod-analytics-data-dump,StandardStorage-GB,379.64,0.023,8.7318,0
2026-04-15,AWS,S3,us-west-2,prod-analytics-data-dump,StandardStorage-GB,895.17,0.023,20.5889,0
2026-04-15,AWS,EC2,ap-southeast-1,i-0a8f9c1d2e3f4,BoxUsage:t3.xlarge,22.96,0.1664,3.8203,0
2026-04-15,AWS,Lambda,us-west-2,event-processor,RequestCount,615845.6,2e-07,0.1232,0
2026-04-15,GCP,Cloud SQL,europe-west1,gcp-main-postgres-db,db-custom-2-7680,20.97,0.35,7.3394,0
2026-04-15,AWS,Lambda,ap-southeast-1,event-processor,RequestCount,541491.71,2e-07,0.1083,0
2026-04-15,Azure,Azure VM,southeastasia,vm-api-prod-02,Standard_D4s_v3,21.24,0.192,4.0781,0
2026-04-15,AWS,RDS,ap-southeast-1,analytics-read-replica,InstanceUsage:db.m5.large,20.83,0.38,7.9154,0
2026-04-15,Azure,Azure Storage,eastus,stbackupdata002,BlobStorage-GB,938.83,0.02,18.7765,0
2026-04-15,Azure,Azure Storage,westeurope,stappprodlogs001,BlobStorage-GB,760.25,0.02,15.2051,0
2026-04-15,Azure,Azure Storage,westeurope,stappprodlogs001,BlobStorage-GB,567.88,0.02,11.3576,0
2026-04-16,AWS,EC2,eu-west-1,i-0d1e2f3a4b5c6,BoxUsage:t3.xlarge,24.62,0.1664,4.096,0
2026-04-16,GCP,Compute Engine,us-central1,gcp-k8s-worker-2,n2-standard-4,18.51,0.194,3.5911,0
2026-04-16,Azure,Azure VM,eastus,vm-web-prod-01,Standard_D4s_v3,18.23,0.192,3.5011,0
2026-04-16,AWS,RDS,us-west-2,prod-db-cluster-primary,InstanceUsage:db.r5.8xlarge-MultiAZ,22.92,7.68,176.0256,1
2026-04-16,GCP,Cloud SQL,asia-east1,gcp-main-postgres-db,db-custom-2-7680,22.88,0.35,8.0086,0
2026-04-16,Azure,Azure Storage,southeastasia,stbackupdata002,BlobStorage-GB,736.23,0.02,14.7247,0
2026-04-16,Azure,Azure Storage,southeastasia,stbackupdata002,BlobStorage-GB,656.54,0.02,13.1309,0
2026-04-16,Azure,Azure Storage,eastus,stappprodlogs001,BlobStorage-GB,1191.54,0.02,23.8308,0
2026-04-16,Azure,Azure Storage,southeastasia,stappprodlogs001,BlobStorage-GB,868.9,0.02,17.3781,0
2026-04-16,AWS,RDS,us-west-2,analytics-read-replica,InstanceUsage:db.m5.large,22.25,0.38,8.4547,0
2026-04-16,AWS,S3,us-east-1,user-media-storage-bucket,StandardStorage-GB,975.37,0.023,22.4334,0
2026-04-16,AWS,S3,us-east-1,app-logs-archive,StandardStorage-GB,388.5,0.023,8.9354,0
2026-04-16,AWS,EBS,us-east-1,vol-0123456789abcdef0,VolumeUsage.gp3,209.76,0.08,16.7808,0
2026-04-16,AWS,EC2,us-east-1,i-0d1e2f3a4b5c6,BoxUsage:t3.xlarge,19.89,0.1664,3.3091,0
2026-04-17,AWS,S3,ap-southeast-1,user-media-storage-bucket,StandardStorage-GB,1063.86,0.023,24.4688,0
2026-04-17,GCP,Compute Engine,asia-east1,gcp-k8s-worker-2,n2-standard-4,22.88,0.194,4.4394,0
2026-04-17,Azure,Azure VM,southeastasia,vm-api-prod-02,Standard_D4s_v3,18.97,0.192,3.643,0
2026-04-17,AWS,Lambda,ap-southeast-1,auth-token-verifier,RequestCount,677853.21,2e-07,0.1356,0
2026-04-17,AWS,EBS,us-west-2,vol-0123456789abcdef0,VolumeUsage.gp3,470.01,0.08,37.6006,0
2026-04-17,AWS,EC2,us-west-2,i-0c9d8e7f6a5b4,BoxUsage:t3.xlarge,23.3,0.1664,3.877,0
2026-04-17,AWS,Lambda,eu-west-1,auth-token-verifier,RequestCount,96293.75,2e-07,0.0193,0
2026-04-17,GCP,Compute Engine,us-central1,gcp-k8s-worker-2,n2-standard-4,20.79,0.194,4.0338,0
2026-04-17,AWS,RDS,us-west-2,prod-db-cluster-primary,InstanceUsage:db.r5.8xlarge-MultiAZ,21.09,7.68,161.9712,1
2026-04-17,Azure,Azure VM,eastus,vm-web-prod-01,Standard_D4s_v3,19.03,0.192,3.653,0
2026-04-17,Azure,Azure VM,southeastasia,vm-web-prod-01,Standard_D4s_v3,20.59,0.192,3.953,0
2026-04-17,Azure,Azure VM,southeastasia,vm-web-prod-01,Standard_D4s_v3,21.27,0.192,4.0832,0
2026-04-17,AWS,EC2,us-east-1,i-0a8f9c1d2e3f4,BoxUsage:t3.xlarge,19.19,0.1664,3.193,0
2026-04-17,Azure,Azure Storage,southeastasia,stappprodlogs001,BlobStorage-GB,1118.39,0.02,22.3678,0
2026-04-17,GCP,Compute Engine,us-central1,gcp-k8s-worker-2,n2-standard-4,23.06,0.194,4.4729,0
2026-04-17,Azure,Azure VM,westeurope,vm-web-prod-01,Standard_D4s_v3,22.1,0.192,4.2435,0
2026-04-18,GCP,Cloud SQL,europe-west1,gcp-main-postgres-db,db-custom-2-7680,20.71,0.35,7.2481,0
2026-04-18,GCP,Cloud SQL,europe-west1,gcp-main-postgres-db,db-custom-2-7680,22.37,0.35,7.829,0
2026-04-18,GCP,Cloud SQL,europe-west1,gcp-main-postgres-db,db-custom-2-7680,20.12,0.35,7.0435,0
2026-04-18,GCP,Compute Engine,europe-west1,gcp-k8s-worker-2,n2-standard-4,20.98,0.194,4.0706,0
2026-04-18,Azure,Azure VM,westeurope,vm-api-prod-02,Standard_D4s_v3,23.51,0.192,4.513,0
2026-04-18,GCP,Compute Engine,europe-west1,gcp-k8s-worker-2,n2-standard-4,18.9,0.194,3.6667,0
2026-04-18,Azure,Azure VM,eastus,vm-api-prod-02,Standard_D4s_v3,20.29,0.192,3.8962,0
2026-04-18,GCP,Cloud SQL,asia-east1,gcp-main-postgres-db,db-custom-2-7680,23.31,0.35,8.1576,0
2026-04-18,GCP,Compute Engine,asia-east1,gcp-k8s-worker-1,n2-standard-4,21.94,0.194,4.2557,0
2026-04-18,AWS,EBS,eu-west-1,vol-0fe0d1c2b3a498765,VolumeUsage.gp3,352.58,0.08,28.2061,0
2026-04-18,GCP,Compute Engine,europe-west1,gcp-k8s-worker-2,n2-standard-4,21.55,0.194,4.181,0
2026-04-18,AWS,Lambda,ap-southeast-1,image-resizer-worker,RequestCount,189346.18,2e-07,0.0379,0
2026-04-18,GCP,Compute Engine,asia-east1,gcp-k8s-worker-2,n2-standard-4,18.65,0.194,3.6185,0
2026-04-18,AWS,Lambda,eu-west-1,event-processor,RequestCount,219858.05,2e-07,0.044,0
2026-04-18,GCP,Compute Engine,europe-west1,gcp-k8s-worker-2,n2-standard-4,20.11,0.194,3.9015,0
2026-04-18,GCP,Compute Engine,asia-east1,gcp-k8s-worker-2,n2-standard-4,20.82,0.194,4.0398,0
2026-04-19,Azure,Azure Storage,westeurope,stappprodlogs001,BlobStorage-GB,1040.84,0.02,20.8169,0
2026-04-19,GCP,Cloud SQL,asia-east1,gcp-main-postgres-db,db-custom-2-7680,22.82,0.35,7.986,0
2026-04-19,AWS,Lambda,eu-west-1,auth-token-verifier,RequestCount,129249.25,2e-07,0.0258,0
2026-04-19,AWS,EBS,eu-west-1,vol-0fe0d1c2b3a498765,VolumeUsage.gp3,480.69,0.08,38.4555,0
2026-04-19,GCP,Compute Engine,asia-east1,gcp-k8s-worker-2,n2-standard-4,20.26,0.194,3.9312,0
2026-04-19,GCP,Compute Engine,asia-east1,gcp-k8s-worker-1,n2-standard-4,19.59,0.194,3.8006,0
2026-04-19,Azure,Azure Storage,westeurope,stappprodlogs001,BlobStorage-GB,1184.9,0.02,23.698,0
2026-04-19,GCP,Cloud SQL,asia-east1,gcp-main-postgres-db,db-custom-2-7680,21.01,0.35,7.3534,0
2026-04-19,AWS,S3,ap-southeast-1,prod-analytics-data-dump,StandardStorage-GB,1111.36,0.023,25.5613,0
2026-04-19,GCP,Cloud SQL,us-central1,gcp-main-postgres-db,db-custom-2-7680,22.95,0.35,8.0322,0
2026-04-19,Azure,Azure Storage,westeurope,stappprodlogs001,BlobStorage-GB,1229.18,0.02,24.5837,0
2026-04-19,GCP,Compute Engine,europe-west1,gcp-k8s-worker-2,n2-standard-4,22.74,0.194,4.4109,0
2026-04-19,Azure,Azure Storage,eastus,stbackupdata002,BlobStorage-GB,1210.78,0.02,24.2155,0
2026-04-19,GCP,Cloud SQL,us-central1,gcp-main-postgres-db,db-custom-2-7680,21.39,0.35,7.4861,0
2026-04-19,GCP,Cloud SQL,europe-west1,gcp-main-postgres-db,db-custom-2-7680,20.32,0.35,7.1114,0
2026-04-19,Azure,Azure Storage,southeastasia,stappprodlogs001,BlobStorage-GB,421.75,0.02,8.4351,0
2026-04-20,Azure,Azure VM,eastus,vm-web-prod-01,Standard_D4s_v3,17.83,0.192,3.4228,0
2026-04-20,AWS,RDS,eu-west-1,analytics-read-replica,InstanceUsage:db.m5.large,20.17,0.38,7.6659,0
2026-04-20,AWS,S3,us-west-2,user-media-storage-bucket,StandardStorage-GB,315.59,0.023,7.2587,0
2026-04-20,Azure,Azure Storage,southeastasia,stappprodlogs001,BlobStorage-GB,1042.43,0.02,20.8486,0
2026-04-20,Azure,Azure Storage,westeurope,stbackupdata002,BlobStorage-GB,1013.69,0.02,20.2737,0
2026-04-20,AWS,S3,eu-west-1,user-media-storage-bucket,StandardStorage-GB,989.35,0.023,22.755,0
2026-04-20,Azure,Azure Storage,southeastasia,stbackupdata002,BlobStorage-GB,1310.11,0.02,26.2022,0
2026-04-20,Azure,Azure VM,westeurope,vm-web-prod-01,Standard_D4s_v3,21.87,0.192,4.1991,0
2026-04-20,Azure,Azure Storage,southeastasia,stbackupdata002,BlobStorage-GB,1283.99,0.02,25.6799,0
2026-04-20,Azure,Azure VM,southeastasia,vm-web-prod-01,Standard_D4s_v3,19.9,0.192,3.8209,0
2026-04-20,Azure,Azure VM,eastus,vm-web-prod-01,Standard_D4s_v3,19.23,0.192,3.6919,0
2026-04-20,GCP,Compute Engine,us-central1,gcp-k8s-worker-1,n2-standard-4,21.15,0.194,4.1022,0
2026-04-20,Azure,Azure VM,southeastasia,vm-web-prod-01,Standard_D4s_v3,20.46,0.192,3.9291,0
2026-04-20,Azure,Azure Storage,westeurope,stbackupdata002,BlobStorage-GB,1026.7,0.02,20.534,0
2026-04-21,AWS,Lambda,us-east-1,event-processor,RequestCount,433614.1,2e-07,0.0867,0
2026-04-21,AWS,S3,us-west-2,app-logs-archive,StandardStorage-GB,776.81,0.023,17.8666,0
2026-04-21,AWS,S3,us-east-1,app-logs-archive,StandardStorage-GB,475.32,0.023,10.9325,0
2026-04-21,AWS,EC2,eu-west-1,i-0b7e6d5c4b3a2,BoxUsage:t3.xlarge,21.0,0.1664,3.4947,0
2026-04-21,GCP,Cloud SQL,us-central1,gcp-main-postgres-db,db-custom-2-7680,22.01,0.35,7.7032,0
2026-04-21,GCP,Cloud SQL,us-central1,gcp-main-postgres-db,db-custom-2-7680,20.65,0.35,7.2258,0
2026-04-21,Azure,Azure VM,westeurope,vm-web-prod-01,Standard_D4s_v3,20.53,0.192,3.9417,0
2026-04-21,Azure,Azure Storage,westeurope,stbackupdata002,BlobStorage-GB,677.4,0.02,13.5479,0
2026-04-21,AWS,RDS,us-east-1,prod-db-cluster-primary,InstanceUsage:db.r5.8xlarge-MultiAZ,21.66,7.68,166.3488,1
2026-04-21,GCP,Cloud SQL,europe-west1,gcp-main-postgres-db,db-custom-2-7680,22.34,0.35,7.8206,0
2026-04-21,GCP,Cloud SQL,us-central1,gcp-main-postgres-db,db-custom-2-7680,19.63,0.35,6.8689,0
2026-04-21,Azure,Azure Storage,eastus,stappprodlogs001,BlobStorage-GB,1022.59,0.02,20.4518,0
2026-04-21,GCP,Compute Engine,asia-east1,gcp-k8s-worker-2,n2-standard-4,21.78,0.194,4.2259,0
2026-04-21,GCP,Cloud SQL,europe-west1,gcp-main-postgres-db,db-custom-2-7680,21.2,0.35,7.4208,0
2026-04-21,AWS,EC2,ap-southeast-1,i-0b7e6d5c4b3a2,BoxUsage:t3.xlarge,23.87,0.1664,3.9719,0
2026-04-21,AWS,EC2,us-west-2,i-0d1e2f3a4b5c6,BoxUsage:t3.xlarge,18.18,0.1664,3.0249,0
2026-04-22,Azure,Azure Storage,westeurope,stappprodlogs001,BlobStorage-GB,1103.32,0.02,22.0665,0
2026-04-22,Azure,Azure Storage,southeastasia,stbackupdata002,BlobStorage-GB,716.13,0.02,14.3227,0
2026-04-22,GCP,Cloud SQL,europe-west1,gcp-main-postgres-db,db-custom-2-7680,22.38,0.35,7.8329,0
2026-04-22,AWS,EBS,us-east-1,vol-0123456789abcdef0,VolumeUsage.gp3,145.34,0.08,11.627,0
2026-04-22,GCP,Cloud SQL,asia-east1,gcp-main-postgres-db,db-custom-2-7680,22.19,0.35,7.7671,0
2026-04-22,Azure,Azure VM,eastus,vm-api-prod-02,Standard_D4s_v3,19.02,0.192,3.6512,0
2026-04-22,AWS,RDS,us-west-2,prod-db-cluster-primary,InstanceUsage:db.r5.8xlarge-MultiAZ,22.91,7.68,175.9488,1
2026-04-22,Azure,Azure Storage,westeurope,stbackupdata002,BlobStorage-GB,495.35,0.02,9.9069,0
2026-04-22,AWS,EC2,us-east-1,i-0c9d8e7f6a5b4,BoxUsage:t3.xlarge,20.51,0.1664,3.4121,0
2026-04-22,AWS,RDS,us-west-2,analytics-read-replica,InstanceUsage:db.m5.large,23.91,0.38,9.0861,0
2026-04-22,AWS,EC2,ap-southeast-1,i-0c9d8e7f6a5b4,BoxUsage:t3.xlarge,21.13,0.1664,3.5158,0
2026-04-22,AWS,RDS,ap-southeast-1,prod-db-cluster-primary,InstanceUsage:db.r5.8xlarge-MultiAZ,20.33,7.68,156.1344,1
2026-04-22,GCP,Compute Engine,europe-west1,gcp-k8s-worker-1,n2-standard-4,20.83,0.194,4.0407,0
2026-04-22,GCP,Cloud SQL,us-central1,gcp-main-postgres-db,db-custom-2-7680,21.39,0.35,7.4858,0
2026-04-23,Azure,Azure VM,eastus,vm-web-prod-01,Standard_D4s_v3,22.87,0.192,4.3918,0
2026-04-23,AWS,EBS,us-west-2,vol-0fe0d1c2b3a498765,VolumeUsage.gp3,226.21,0.08,18.097,0
2026-04-23,GCP,Compute Engine,us-central1,gcp-k8s-worker-1,n2-standard-4,21.77,0.194,4.2225,0
2026-04-23,GCP,Cloud SQL,us-central1,gcp-main-postgres-db,db-custom-2-7680,21.6,0.35,7.5603,0
2026-04-23,Azure,Azure VM,southeastasia,vm-api-prod-02,Standard_D4s_v3,22.61,0.192,4.3411,0
2026-04-23,Azure,Azure VM,eastus,vm-api-prod-02,Standard_D4s_v3,19.15,0.192,3.6768,0
2026-04-23,GCP,Compute Engine,europe-west1,gcp-k8s-worker-2,n2-standard-4,19.57,0.194,3.7971,0
2026-04-23,AWS,EBS,us-west-2,vol-0fe0d1c2b3a498765,VolumeUsage.gp3,415.49,0.08,33.2396,0
2026-04-23,Azure,Azure Storage,westeurope,stbackupdata002,BlobStorage-GB,1183.72,0.02,23.6744,0
2026-04-23,GCP,Compute Engine,us-central1,gcp-k8s-worker-1,n2-standard-4,22.67,0.194,4.3978,0
2026-04-23,AWS,Lambda,ap-southeast-1,auth-token-verifier,RequestCount,461079.75,2e-07,0.0922,0
2026-04-23,Azure,Azure Storage,westeurope,stbackupdata002,BlobStorage-GB,1329.43,0.02,26.5885,0
2026-04-23,GCP,Compute Engine,asia-east1,gcp-k8s-worker-2,n2-standard-4,23.3,0.194,4.5205,0
2026-04-23,GCP,Cloud SQL,asia-east1,gcp-main-postgres-db,db-custom-2-7680,22.81,0.35,7.9844,0
2026-04-23,GCP,Compute Engine,asia-east1,gcp-k8s-worker-1,n2-standard-4,18.25,0.194,3.541,0
2026-04-23,AWS,EBS,eu-west-1,vol-0fe0d1c2b3a498765,VolumeUsage.gp3,422.61,0.08,33.8085,0
2026-04-24,AWS,RDS,us-west-2,prod-db-cluster-primary,InstanceUsage:db.r5.8xlarge-MultiAZ,20.98,7.68,161.1264,1
2026-04-24,GCP,Cloud SQL,asia-east1,gcp-main-postgres-db,db-custom-2-7680,21.3,0.35,7.4552,0
2026-04-24,Azure,Azure Storage,eastus,stbackupdata002,BlobStorage-GB,416.27,0.02,8.3254,0
2026-04-24,Azure,Azure VM,southeastasia,vm-web-prod-01,Standard_D4s_v3,23.98,0.192,4.6035,0
2026-04-24,AWS,RDS,eu-west-1,prod-db-cluster-primary,InstanceUsage:db.r5.8xlarge-MultiAZ,19.98,7.68,153.4464,1
2026-04-24,GCP,Cloud SQL,europe-west1,gcp-main-postgres-db,db-custom-2-7680,20.93,0.35,7.3267,0
2026-04-24,Azure,Azure VM,westeurope,vm-api-prod-02,Standard_D4s_v3,20.17,0.192,3.8736,0
2026-04-24,GCP,Compute Engine,us-central1,gcp-k8s-worker-2,n2-standard-4,19.68,0.194,3.8181,0
2026-04-24,Azure,Azure VM,eastus,vm-api-prod-02,Standard_D4s_v3,21.27,0.192,4.0838,0
2026-04-24,GCP,Cloud SQL,us-central1,gcp-main-postgres-db,db-custom-2-7680,22.2,0.35,7.7702,0
2026-04-24,GCP,Cloud SQL,us-central1,gcp-main-postgres-db,db-custom-2-7680,19.96,0.35,6.9867,0
2026-04-24,AWS,RDS,eu-west-1,prod-db-cluster-primary,InstanceUsage:db.r5.8xlarge-MultiAZ,23.05,7.68,177.024,1
2026-04-24,GCP,Cloud SQL,asia-east1,gcp-main-postgres-db,db-custom-2-7680,23.93,0.35,8.375,0
2026-04-24,Azure,Azure VM,eastus,vm-api-prod-02,Standard_D4s_v3,17.45,0.192,3.3495,0
2026-04-24,GCP,Compute Engine,asia-east1,gcp-k8s-worker-2,n2-standard-4,22.28,0.194,4.3226,0
2026-04-25,GCP,Compute Engine,asia-east1,gcp-k8s-worker-1,n2-standard-4,19.11,0.194,3.7073,0
2026-04-25,GCP,Compute Engine,us-central1,gcp-k8s-worker-2,n2-standard-4,23.89,0.194,4.6356,0
2026-04-25,Azure,Azure Storage,eastus,stappprodlogs001,BlobStorage-GB,1097.67,0.02,21.9533,0
2026-04-25,GCP,Compute Engine,europe-west1,gcp-k8s-worker-2,n2-standard-4,18.79,0.194,3.6458,0
2026-04-25,Azure,Azure Storage,westeurope,stbackupdata002,BlobStorage-GB,1211.47,0.02,24.2293,0
2026-04-25,GCP,Cloud SQL,asia-east1,gcp-main-postgres-db,db-custom-2-7680,21.46,0.35,7.5103,0
2026-04-25,GCP,Compute Engine,us-central1,gcp-k8s-worker-2,n2-standard-4,23.77,0.194,4.6111,0
2026-04-25,GCP,Compute Engine,europe-west1,gcp-k8s-worker-2,n2-standard-4,21.96,0.194,4.2596,0
2026-04-25,AWS,RDS,us-west-2,analytics-read-replica,InstanceUsage:db.m5.large,21.51,0.38,8.1743,0
2026-04-25,AWS,EC2,us-west-2,i-0a8f9c1d2e3f4,BoxUsage:t3.xlarge,19.71,0.1664,3.2803,0
2026-04-25,GCP,Cloud SQL,europe-west1,gcp-main-postgres-db,db-custom-2-7680,19.91,0.35,6.9701,0
2026-04-25,GCP,Cloud SQL,europe-west1,gcp-main-postgres-db,db-custom-2-7680,22.13,0.35,7.747,0
2026-04-25,GCP,Cloud SQL,us-central1,gcp-main-postgres-db,db-custom-2-7680,23.86,0.35,8.3513,0
2026-04-25,GCP,Compute Engine,asia-east1,gcp-k8s-worker-2,n2-standard-4,23.74,0.194,4.6058,0
2026-04-26,GCP,Compute Engine,us-central1,gcp-k8s-worker-2,n2-standard-4,18.66,0.194,3.6205,0
2026-04-26,Azure,Azure Storage,eastus,stappprodlogs001,BlobStorage-GB,701.68,0.02,14.0337,0
2026-04-26,Azure,Azure VM,southeastasia,vm-api-prod-02,Standard_D4s_v3,18.7,0.192,3.5907,0
2026-04-26,Azure,Azure VM,southeastasia,vm-web-prod-01,Standard_D4s_v3,18.45,0.192,3.5423,0
2026-04-26,AWS,EBS,us-east-1,vol-0123456789abcdef0,VolumeUsage.gp3,356.03,0.08,28.4824,0
2026-04-26,GCP,Cloud SQL,us-central1,gcp-main-postgres-db,db-custom-2-7680,20.37,0.35,7.131,0
2026-04-26,Azure,Azure Storage,eastus,stappprodlogs001,BlobStorage-GB,471.05,0.02,9.421,0
2026-04-26,Azure,Azure Storage,eastus,stappprodlogs001,BlobStorage-GB,570.09,0.02,11.4018,0
2026-04-26,AWS,RDS,us-east-1,prod-db-cluster-primary,InstanceUsage:db.r5.8xlarge-MultiAZ,22.82,7.68,175.2576,1
2026-04-26,AWS,Lambda,us-west-2,image-resizer-worker,RequestCount,275655.47,2e-07,0.0551,0
2026-04-26,Azure,Azure VM,southeastasia,vm-api-prod-02,Standard_D4s_v3,23.07,0.192,4.43,0
2026-04-26,GCP,Compute Engine,asia-east1,gcp-k8s-worker-1,n2-standard-4,20.9,0.194,4.0542,0
2026-04-26,Azure,Azure Storage,westeurope,stappprodlogs001,BlobStorage-GB,1259.1,0.02,25.1819,0
2026-04-26,GCP,Cloud SQL,asia-east1,gcp-main-postgres-db,db-custom-2-7680,22.28,0.35,7.7963,0
2026-04-26,AWS,EBS,ap-southeast-1,vol-0123456789abcdef0,VolumeUsage.gp3,317.54,0.08,25.4029,0
2026-04-26,AWS,EBS,us-east-1,vol-0fe0d1c2b3a498765,VolumeUsage.gp3,269.83,0.08,21.5862,0
2026-04-27,AWS,S3,eu-west-1,prod-analytics-data-dump,StandardStorage-GB,379.62,0.023,8.7313,0
2026-04-27,AWS,S3,us-west-2,user-media-storage-bucket,StandardStorage-GB,579.97,0.023,13.3394,0
2026-04-27,AWS,Lambda,us-east-1,image-resizer-worker,RequestCount,272646.81,2e-07,0.0545,0
2026-04-27,Azure,Azure VM,southeastasia,vm-web-prod-01,Standard_D4s_v3,22.33,0.192,4.2871,0
2026-04-27,Azure,Azure Storage,southeastasia,stbackupdata002,BlobStorage-GB,1253.43,0.02,25.0687,0
2026-04-27,AWS,Lambda,ap-southeast-1,auth-token-verifier,RequestCount,219022.94,2e-07,0.0438,0
2026-04-27,GCP,Cloud SQL,asia-east1,gcp-main-postgres-db,db-custom-2-7680,22.91,0.35,8.0175,0
2026-04-27,AWS,EC2,ap-southeast-1,i-0b7e6d5c4b3a2,BoxUsage:t3.xlarge,18.22,0.1664,3.0316,0
2026-04-27,GCP,Compute Engine,us-central1,gcp-k8s-worker-2,n2-standard-4,20.06,0.194,3.8915,0
2026-04-27,AWS,EC2,us-east-1,i-0d1e2f3a4b5c6,BoxUsage:t3.xlarge,19.14,0.1664,3.1842,0
2026-04-27,GCP,Compute Engine,us-central1,gcp-k8s-worker-2,n2-standard-4,21.01,0.194,4.0756,0
2026-04-27,AWS,EC2,eu-west-1,i-0b7e6d5c4b3a2,BoxUsage:t3.xlarge,20.97,0.1664,3.4887,0
2026-04-27,Azure,Azure Storage,southeastasia,stappprodlogs001,BlobStorage-GB,481.55,0.02,9.631,0
2026-04-27,GCP,Cloud SQL,us-central1,gcp-main-postgres-db,db-custom-2-7680,21.13,0.35,7.3962,0
2026-04-27,AWS,EC2,us-west-2,i-0c9d8e7f6a5b4,BoxUsage:t3.xlarge,20.16,0.1664,3.3548,0
2026-04-27,GCP,Compute Engine,us-central1,gcp-k8s-worker-2,n2-standard-4,19.23,0.194,3.7298,0
2026-04-28,GCP,Cloud SQL,asia-east1,gcp-main-postgres-db,db-custom-2-7680,21.14,0.35,7.3982,0
2026-04-28,GCP,Cloud SQL,us-central1,gcp-main-postgres-db,db-custom-2-7680,22.94,0.35,8.0292,0
2026-04-28,AWS,Lambda,eu-west-1,event-processor,RequestCount,666882.13,2e-07,0.1334,0
2026-04-28,GCP,Compute Engine,europe-west1,gcp-k8s-worker-1,n2-standard-4,22.93,0.194,4.4481,0
2026-04-28,AWS,S3,ap-southeast-1,app-logs-archive,StandardStorage-GB,1146.67,0.023,26.3735,0
2026-04-28,AWS,EBS,eu-west-1,vol-0fe0d1c2b3a498765,VolumeUsage.gp3,269.01,0.08,21.5211,0
2026-04-28,AWS,EC2,us-east-1,i-0c9d8e7f6a5b4,BoxUsage:t3.xlarge,23.82,0.1664,3.9633,0
2026-04-28,Azure,Azure VM,southeastasia,vm-api-prod-02,Standard_D4s_v3,21.19,0.192,4.0681,0
2026-04-28,GCP,Compute Engine,asia-east1,gcp-k8s-worker-1,n2-standard-4,19.32,0.194,3.7473,0
2026-04-28,GCP,Cloud SQL,asia-east1,gcp-main-postgres-db,db-custom-2-7680,19.5,0.35,6.8261,0
2026-04-28,GCP,Cloud SQL,europe-west1,gcp-main-postgres-db,db-custom-2-7680,20.13,0.35,7.0447,0
2026-04-28,Azure,Azure VM,westeurope,vm-web-prod-01,Standard_D4s_v3,18.64,0.192,3.5787,0
2026-04-28,GCP,Compute Engine,asia-east1,gcp-k8s-worker-2,n2-standard-4,20.47,0.194,3.9714,0
2026-04-28,Azure,Azure VM,eastus,vm-api-prod-02,Standard_D4s_v3,21.72,0.192,4.1709,0
2026-04-29,GCP,Cloud SQL,europe-west1,gcp-main-postgres-db,db-custom-2-7680,20.56,0.35,7.196,0
2026-04-29,GCP,Cloud SQL,europe-west1,gcp-main-postgres-db,db-custom-2-7680,24.64,0.35,8.6245,0
2026-04-29,GCP,Cloud SQL,asia-east1,gcp-main-postgres-db,db-custom-2-7680,21.64,0.35,7.574,0
2026-04-29,AWS,S3,us-west-2,app-logs-archive,StandardStorage-GB,777.34,0.023,17.8788,0
2026-04-29,AWS,EC2,us-east-1,i-0d1e2f3a4b5c6,BoxUsage:t3.xlarge,21.93,0.1664,3.6486,0
2026-04-29,GCP,Compute Engine,us-central1,gcp-k8s-worker-1,n2-standard-4,18.02,0.194,3.4952,0
2026-04-29,Azure,Azure VM,westeurope,vm-api-prod-02,Standard_D4s_v3,20.91,0.192,4.0155,0
2026-04-29,AWS,S3,us-east-1,prod-analytics-data-dump,StandardStorage-GB,320.11,0.023,7.3624,0
2026-04-29,GCP,Compute Engine,us-central1,gcp-k8s-worker-2,n2-standard-4,22.25,0.194,4.317,0
2026-04-29,AWS,S3,us-east-1,prod-analytics-data-dump,StandardStorage-GB,490.24,0.023,11.2756,0
2026-04-29,Azure,Azure Storage,westeurope,stbackupdata002,BlobStorage-GB,619.24,0.02,12.3848,0
2026-04-29,AWS,EBS,us-west-2,vol-0123456789abcdef0,VolumeUsage.gp3,198.43,0.08,15.874,0
2026-04-29,AWS,RDS,eu-west-1,analytics-read-replica,InstanceUsage:db.m5.large,22.02,0.38,8.3665,0
2026-04-29,GCP,Compute Engine,europe-west1,gcp-k8s-worker-1,n2-standard-4,23.66,0.194,4.5894,0
2026-04-29,Azure,Azure VM,eastus,vm-api-prod-02,Standard_D4s_v3,21.91,0.192,4.2076,0
2026-04-30,AWS,RDS,ap-southeast-1,prod-db-cluster-primary,InstanceUsage:db.r5.8xlarge-MultiAZ,19.2,7.68,147.456,1
2026-04-30,AWS,RDS,us-west-2,analytics-read-replica,InstanceUsage:db.m5.large,22.21,0.38,8.4392,0
2026-04-30,AWS,Lambda,eu-west-1,event-processor,RequestCount,315416.38,2e-07,0.0631,0
2026-04-30,AWS,S3,ap-southeast-1,prod-analytics-data-dump,StandardStorage-GB,325.24,0.023,7.4806,0
2026-04-30,AWS,S3,ap-southeast-1,app-logs-archive,StandardStorage-GB,1106.35,0.023,25.4461,0
2026-04-30,GCP,Compute Engine,us-central1,gcp-k8s-worker-1,n2-standard-4,21.36,0.194,4.1439,0
2026-04-30,AWS,EC2,us-east-1,i-0a8f9c1d2e3f4,BoxUsage:t3.xlarge,20.8,0.1664,3.4617,0
2026-04-30,GCP,Cloud SQL,asia-east1,gcp-main-postgres-db,db-custom-2-7680,20.2,0.35,7.0698,0
2026-04-30,Azure,Azure Storage,westeurope,stappprodlogs001,BlobStorage-GB,880.0,0.02,17.5999,0
2026-04-30,Azure,Azure VM,eastus,vm-api-prod-02,Standard_D4s_v3,19.72,0.192,3.7872,0
2026-04-30,AWS,EBS,eu-west-1,vol-0123456789abcdef0,VolumeUsage.gp3,473.9,0.08,37.9123,0
2026-04-30,AWS,RDS,us-east-1,analytics-read-replica,InstanceUsage:db.m5.large,22.39,0.38,8.509,0
2026-04-30,AWS,S3,ap-southeast-1,prod-analytics-data-dump,StandardStorage-GB,1139.27,0.023,26.2032,0
2026-04-30,GCP,Cloud SQL,europe-west1,gcp-main-postgres-db,db-custom-2-7680,23.29,0.35,8.1516,0
2026-05-01,Azure,Azure VM,eastus,vm-api-prod-02,Standard_D4s_v3,19.93,0.192,3.8272,0
2026-05-01,AWS,Lambda,ap-southeast-1,auth-token-verifier,RequestCount,472428.47,2e-07,0.0945,0
2026-05-01,Azure,Azure VM,southeastasia,vm-web-prod-01,Standard_D4s_v3,23.35,0.192,4.4825,0
2026-05-01,Azure,Azure VM,westeurope,vm-api-prod-02,Standard_D4s_v3,20.5,0.192,3.9352,0
2026-05-01,AWS,RDS,ap-southeast-1,prod-db-cluster-primary,InstanceUsage:db.r5.8xlarge-MultiAZ,20.72,7.68,159.1296,1
2026-05-01,AWS,EC2,eu-west-1,i-0d1e2f3a4b5c6,BoxUsage:t3.xlarge,22.99,0.1664,3.8249,0
2026-05-01,GCP,Cloud SQL,europe-west1,gcp-main-postgres-db,db-custom-2-7680,19.59,0.35,6.856,0
2026-05-01,Azure,Azure VM,southeastasia,vm-api-prod-02,Standard_D4s_v3,20.32,0.192,3.901,0
2026-05-01,Azure,Azure VM,southeastasia,vm-web-prod-01,Standard_D4s_v3,23.8,0.192,4.5693,0
2026-05-01,GCP,Cloud SQL,us-central1,gcp-main-postgres-db,db-custom-2-7680,19.4,0.35,6.7906,0
2026-05-01,AWS,EC2,us-west-2,i-0b7e6d5c4b3a2,BoxUsage:t3.xlarge,23.01,0.1664,3.8287,0
2026-05-01,AWS,EC2,us-west-2,i-0b7e6d5c4b3a2,BoxUsage:t3.xlarge,21.04,0.1664,3.5014,0
2026-05-01,Azure,Azure VM,eastus,vm-web-prod-01,Standard_D4s_v3,19.41,0.192,3.7268,0
2026-05-01,Azure,Azure VM,westeurope,vm-api-prod-02,Standard_D4s_v3,17.81,0.192,3.4204,0
2026-05-01,AWS,EBS,us-west-2,vol-0fe0d1c2b3a498765,VolumeUsage.gp3,137.39,0.08,10.9909,0
2026-05-01,Azure,Azure Storage,eastus,stbackupdata002,BlobStorage-GB,1201.14,0.02,24.0228,0
2026-05-02,Azure,Azure VM,eastus,vm-web-prod-01,Standard_D4s_v3,18.44,0.192,3.541,0
2026-05-02,Azure,Azure VM,westeurope,vm-api-prod-02,Standard_D4s_v3,20.1,0.192,3.8585,0
2026-05-02,Azure,Azure VM,southeastasia,vm-web-prod-01,Standard_D4s_v3,20.7,0.192,3.9741,0
2026-05-02,AWS,Lambda,us-west-2,image-resizer-worker,RequestCount,262309.5,2e-07,0.0525,0
2026-05-02,GCP,Cloud SQL,us-central1,gcp-main-postgres-db,db-custom-2-7680,22.04,0.35,7.7138,0
2026-05-02,Azure,Azure Storage,westeurope,stappprodlogs001,BlobStorage-GB,1193.47,0.02,23.8694,0
2026-05-02,Azure,Azure VM,westeurope,vm-api-prod-02,Standard_D4s_v3,20.75,0.192,3.9833,0
2026-05-02,AWS,EC2,eu-west-1,i-0d1e2f3a4b5c6,BoxUsage:t3.xlarge,23.3,0.1664,3.8773,0
2026-05-02,Azure,Azure Storage,southeastasia,stbackupdata002,BlobStorage-GB,1047.31,0.02,20.9461,0
2026-05-02,GCP,Cloud SQL,asia-east1,gcp-main-postgres-db,db-custom-2-7680,25.11,0.35,8.7868,0
2026-05-02,Azure,Azure VM,eastus,vm-api-prod-02,Standard_D4s_v3,22.92,0.192,4.4001,0
2026-05-02,Azure,Azure VM,southeastasia,vm-web-prod-01,Standard_D4s_v3,21.77,0.192,4.1796,0
2026-05-02,GCP,Cloud SQL,asia-east1,gcp-main-postgres-db,db-custom-2-7680,22.68,0.35,7.9386,0
2026-05-02,Azure,Azure VM,southeastasia,vm-api-prod-02,Standard_D4s_v3,23.09,0.192,4.4328,0
2026-05-02,Azure,Azure Storage,southeastasia,stbackupdata002,BlobStorage-GB,1499.51,0.02,29.9901,0
2026-05-02,AWS,S3,eu-west-1,user-media-storage-bucket,StandardStorage-GB,1010.7,0.023,23.2462,0
2026-05-03,GCP,Cloud SQL,us-central1,gcp-main-postgres-db,db-custom-2-7680,24.15,0.35,8.4513,0
2026-05-03,GCP,Compute Engine,asia-east1,gcp-k8s-worker-1,n2-standard-4,21.74,0.194,4.217,0
2026-05-03,Azure,Azure VM,southeastasia,vm-web-prod-01,Standard_D4s_v3,18.91,0.192,3.6301,0
2026-05-03,GCP,Compute Engine,us-central1,gcp-k8s-worker-1,n2-standard-4,23.37,0.194,4.5341,0
2026-05-03,GCP,Cloud SQL,asia-east1,gcp-main-postgres-db,db-custom-2-7680,24.46,0.35,8.5605,0
2026-05-03,AWS,RDS,us-east-1,analytics-read-replica,InstanceUsage:db.m5.large,20.69,0.38,7.8629,0
2026-05-03,GCP,Cloud SQL,asia-east1,gcp-main-postgres-db,db-custom-2-7680,22.29,0.35,7.7999,0
2026-05-03,GCP,Cloud SQL,asia-east1,gcp-main-postgres-db,db-custom-2-7680,22.5,0.35,7.8756,0
2026-05-03,GCP,Compute Engine,us-central1,gcp-k8s-worker-1,n2-standard-4,21.78,0.194,4.2256,0
2026-05-03,Azure,Azure VM,southeastasia,vm-api-prod-02,Standard_D4s_v3,18.91,0.192,3.6304,0
2026-05-03,AWS,EC2,us-east-1,i-0d1e2f3a4b5c6,BoxUsage:t3.xlarge,18.51,0.1664,3.0807,0
2026-05-03,AWS,S3,eu-west-1,user-media-storage-bucket,StandardStorage-GB,1005.2,0.023,23.1196,0
2026-05-03,GCP,Cloud SQL,us-central1,gcp-main-postgres-db,db-custom-2-7680,19.9,0.35,6.9648,0
2026-05-03,GCP,Compute Engine,us-central1,gcp-k8s-worker-2,n2-standard-4,21.5,0.194,4.1703,0
2026-05-03,GCP,Cloud SQL,us-central1,gcp-main-postgres-db,db-custom-2-7680,21.11,0.35,7.389,0
2026-05-04,AWS,S3,us-west-2,user-media-storage-bucket,StandardStorage-GB,356.85,0.023,8.2076,0
2026-05-04,AWS,Lambda,eu-west-1,auth-token-verifier,RequestCount,353446.86,2e-07,0.0707,0
2026-05-04,GCP,Cloud SQL,asia-east1,gcp-main-postgres-db,db-custom-2-7680,19.45,0.35,6.8088,0
2026-05-04,GCP,Cloud SQL,us-central1,gcp-main-postgres-db,db-custom-2-7680,21.62,0.35,7.5678,0
2026-05-04,Azure,Azure VM,westeurope,vm-api-prod-02,Standard_D4s_v3,22.05,0.192,4.2335,0
2026-05-04,AWS,S3,ap-southeast-1,prod-analytics-data-dump,StandardStorage-GB,460.5,0.023,10.5916,0
2026-05-04,Azure,Azure Storage,southeastasia,stbackupdata002,BlobStorage-GB,434.61,0.02,8.6923,0
2026-05-04,GCP,Cloud SQL,europe-west1,gcp-main-postgres-db,db-custom-2-7680,23.47,0.35,8.2149,0
2026-05-04,GCP,Compute Engine,us-central1,gcp-k8s-worker-1,n2-standard-4,22.9,0.194,4.4421,0
2026-05-04,AWS,Lambda,eu-west-1,auth-token-verifier,RequestCount,133073.63,2e-07,0.0266,0
2026-05-04,GCP,Cloud SQL,europe-west1,gcp-main-postgres-db,db-custom-2-7680,21.13,0.35,7.3944,0
2026-05-04,AWS,S3,us-west-2,app-logs-archive,StandardStorage-GB,857.74,0.023,19.7279,0
2026-05-04,Azure,Azure VM,southeastasia,vm-web-prod-01,Standard_D4s_v3,22.61,0.192,4.3415,0
2026-05-04,AWS,S3,eu-west-1,app-logs-archive,StandardStorage-GB,1048.24,0.023,24.1095,0
2026-05-05,GCP,Cloud SQL,us-central1,gcp-main-postgres-db,db-custom-2-7680,22.0,0.35,7.7012,0
2026-05-05,AWS,S3,eu-west-1,user-media-storage-bucket,StandardStorage-GB,708.09,0.023,16.2861,0
2026-05-05,GCP,Compute Engine,asia-east1,gcp-k8s-worker-2,n2-standard-4,19.4,0.194,3.7644,0
2026-05-05,Azure,Azure Storage,westeurope,stbackupdata002,BlobStorage-GB,873.01,0.02,17.4601,0
2026-05-05,Azure,Azure VM,westeurope,vm-api-prod-02,Standard_D4s_v3,19.32,0.192,3.7091,0
2026-05-05,Azure,Azure VM,eastus,vm-web-prod-01,Standard_D4s_v3,22.12,0.192,4.2473,0
2026-05-05,Azure,Azure VM,eastus,vm-web-prod-01,Standard_D4s_v3,24.39,0.192,4.6819,0
2026-05-05,Azure,Azure Storage,westeurope,stappprodlogs001,BlobStorage-GB,969.73,0.02,19.3947,0
2026-05-05,Azure,Azure VM,eastus,vm-web-prod-01,Standard_D4s_v3,18.81,0.192,3.6107,0
2026-05-05,AWS,S3,eu-west-1,prod-analytics-data-dump,StandardStorage-GB,555.18,0.023,12.7691,0
2026-05-05,Azure,Azure Storage,southeastasia,stbackupdata002,BlobStorage-GB,1156.93,0.02,23.1386,0
2026-05-05,AWS,EC2,us-west-2,i-0a8f9c1d2e3f4,BoxUsage:t3.xlarge,19.34,0.1664,3.2188,0
2026-05-05,GCP,Cloud SQL,asia-east1,gcp-main-postgres-db,db-custom-2-7680,22.83,0.35,7.9915,0
2026-05-05,GCP,Compute Engine,asia-east1,gcp-k8s-worker-1,n2-standard-4,21.02,0.194,4.0771,0
2026-05-05,AWS,RDS,us-east-1,prod-db-cluster-primary,InstanceUsage:db.r5.8xlarge-MultiAZ,22.99,7.68,176.5632,1
2026-05-05,GCP,Cloud SQL,us-central1,gcp-main-postgres-db,db-custom-2-7680,23.86,0.35,8.3525,0
2026-05-06,Azure,Azure VM,westeurope,vm-api-prod-02,Standard_D4s_v3,19.82,0.192,3.8057,0
2026-05-06,AWS,RDS,eu-west-1,prod-db-cluster-primary,InstanceUsage:db.r5.8xlarge-MultiAZ,20.72,7.68,159.1296,1
2026-05-06,GCP,Compute Engine,europe-west1,gcp-k8s-worker-2,n2-standard-4,20.98,0.194,4.0694,0
2026-05-06,GCP,Cloud SQL,asia-east1,gcp-main-postgres-db,db-custom-2-7680,22.22,0.35,7.777,0
2026-05-06,Azure,Azure Storage,westeurope,stappprodlogs001,BlobStorage-GB,764.21,0.02,15.2841,0
2026-05-06,GCP,Compute Engine,europe-west1,gcp-k8s-worker-1,n2-standard-4,23.4,0.194,4.5404,0
2026-05-06,Azure,Azure Storage,southeastasia,stappprodlogs001,BlobStorage-GB,583.07,0.02,11.6615,0
2026-05-06,Azure,Azure Storage,eastus,stbackupdata002,BlobStorage-GB,605.51,0.02,12.1102,0
2026-05-06,Azure,Azure VM,westeurope,vm-api-prod-02,Standard_D4s_v3,22.61,0.192,4.3415,0
2026-05-06,Azure,Azure VM,southeastasia,vm-web-prod-01,Standard_D4s_v3,23.54,0.192,4.5198,0
2026-05-06,Azure,Azure VM,westeurope,vm-web-prod-01,Standard_D4s_v3,19.27,0.192,3.7007,0
2026-05-06,Azure,Azure VM,westeurope,vm-api-prod-02,Standard_D4s_v3,23.41,0.192,4.495,0
2026-05-06,Azure,Azure VM,eastus,vm-api-prod-02,Standard_D4s_v3,19.85,0.192,3.8109,0
2026-05-06,Azure,Azure VM,eastus,vm-web-prod-01,Standard_D4s_v3,20.53,0.192,3.9419,0
2026-05-07,GCP,Cloud SQL,asia-east1,gcp-main-postgres-db,db-custom-2-7680,21.36,0.35,7.4749,0
2026-05-07,Azure,Azure VM,eastus,vm-web-prod-01,Standard_D4s_v3,19.88,0.192,3.8173,0
2026-05-07,GCP,Compute Engine,us-central1,gcp-k8s-worker-2,n2-standard-4,18.29,0.194,3.5492,0
2026-05-07,GCP,Cloud SQL,us-central1,gcp-main-postgres-db,db-custom-2-7680,21.18,0.35,7.4132,0
2026-05-07,Azure,Azure VM,westeurope,vm-web-prod-01,Standard_D4s_v3,17.96,0.192,3.4489,0
2026-05-07,Azure,Azure Storage,southeastasia,stbackupdata002,BlobStorage-GB,835.58,0.02,16.7115,0
2026-05-07,GCP,Compute Engine,europe-west1,gcp-k8s-worker-1,n2-standard-4,17.85,0.194,3.4625,0
2026-05-07,AWS,S3,ap-southeast-1,prod-analytics-data-dump,StandardStorage-GB,1101.09,0.023,25.3251,0
2026-05-07,AWS,EBS,us-east-1,vol-0123456789abcdef0,VolumeUsage.gp3,433.64,0.08,34.6909,0
2026-05-07,GCP,Cloud SQL,europe-west1,gcp-main-postgres-db,db-custom-2-7680,20.65,0.35,7.2277,0
2026-05-07,GCP,Cloud SQL,europe-west1,gcp-main-postgres-db,db-custom-2-7680,20.18,0.35,7.0619,0
2026-05-07,Azure,Azure Storage,westeurope,stbackupdata002,BlobStorage-GB,1230.87,0.02,24.6173,0
2026-05-07,GCP,Compute Engine,europe-west1,gcp-k8s-worker-1,n2-standard-4,21.99,0.194,4.2661,0
2026-05-07,AWS,Lambda,us-west-2,auth-token-verifier,RequestCount,137153.76,2e-07,0.0274,0
2026-05-08,Azure,Azure VM,westeurope,vm-web-prod-01,Standard_D4s_v3,20.37,0.192,3.9115,0
2026-05-08,Azure,Azure Storage,eastus,stbackupdata002,BlobStorage-GB,1195.74,0.02,23.9147,0
2026-05-08,AWS,EBS,eu-west-1,vol-0fe0d1c2b3a498765,VolumeUsage.gp3,495.22,0.08,39.6172,0
2026-05-08,Azure,Azure Storage,southeastasia,stbackupdata002,BlobStorage-GB,1300.41,0.02,26.0082,0
2026-05-08,GCP,Cloud SQL,us-central1,gcp-main-postgres-db,db-custom-2-7680,23.83,0.35,8.3404,0
2026-05-08,GCP,Compute Engine,europe-west1,gcp-k8s-worker-1,n2-standard-4,19.18,0.194,3.7212,0
2026-05-08,GCP,Cloud SQL,us-central1,gcp-main-postgres-db,db-custom-2-7680,22.32,0.35,7.8115,0
2026-05-08,AWS,Lambda,eu-west-1,image-resizer-worker,RequestCount,650287.27,2e-07,0.1301,0
2026-05-08,Azure,Azure Storage,eastus,stappprodlogs001,BlobStorage-GB,1039.43,0.02,20.7886,0
2026-05-08,GCP,Compute Engine,us-central1,gcp-k8s-worker-2,n2-standard-4,18.54,0.194,3.5968,0
2026-05-08,AWS,Lambda,ap-southeast-1,auth-token-verifier,RequestCount,271545.67,2e-07,0.0543,0
2026-05-08,AWS,RDS,us-east-1,prod-db-cluster-primary,InstanceUsage:db.r5.8xlarge-MultiAZ,20.52,7.68,157.5936,1
2026-05-08,AWS,S3,us-east-1,user-media-storage-bucket,StandardStorage-GB,1125.32,0.023,25.8824,0
2026-05-08,GCP,Compute Engine,us-central1,gcp-k8s-worker-2,n2-standard-4,21.59,0.194,4.1894,0
2026-05-08,AWS,Lambda,eu-west-1,image-resizer-worker,RequestCount,148038.85,2e-07,0.0296,0
2026-05-09,GCP,Cloud SQL,asia-east1,gcp-main-postgres-db,db-custom-2-7680,23.07,0.35,8.0759,0
2026-05-09,AWS,Lambda,ap-southeast-1,auth-token-verifier,RequestCount,152063.79,2e-07,0.0304,0
2026-05-09,Azure,Azure VM,eastus,vm-web-prod-01,Standard_D4s_v3,20.33,0.192,3.9025,0
2026-05-09,Azure,Azure VM,eastus,vm-web-prod-01,Standard_D4s_v3,23.65,0.192,4.5415,0
2026-05-09,AWS,EBS,ap-southeast-1,vol-0123456789abcdef0,VolumeUsage.gp3,103.28,0.08,8.2628,0
2026-05-09,AWS,S3,us-west-2,user-media-storage-bucket,StandardStorage-GB,1053.55,0.023,24.2315,0
2026-05-09,Azure,Azure Storage,westeurope,stappprodlogs001,BlobStorage-GB,642.47,0.02,12.8493,0
2026-05-09,GCP,Cloud SQL,europe-west1,gcp-main-postgres-db,db-custom-2-7680,22.9,0.35,8.0151,0
2026-05-09,Azure,Azure VM,eastus,vm-web-prod-01,Standard_D4s_v3,23.79,0.192,4.5673,0
2026-05-09,AWS,S3,us-west-2,prod-analytics-data-dump,StandardStorage-GB,295.74,0.023,6.802,0
2026-05-09,AWS,EBS,us-west-2,vol-0123456789abcdef0,VolumeUsage.gp3,452.54,0.08,36.2031,0
2026-05-09,Azure,Azure Storage,eastus,stappprodlogs001,BlobStorage-GB,710.43,0.02,14.2085,0
2026-05-09,AWS,EBS,us-west-2,vol-0123456789abcdef0,VolumeUsage.gp3,170.88,0.08,13.6703,0
2026-05-09,Azure,Azure VM,eastus,vm-web-prod-01,Standard_D4s_v3,21.62,0.192,4.1513,0
2026-05-09,Azure,Azure Storage,eastus,stbackupdata002,BlobStorage-GB,1283.38,0.02,25.6676,0
2026-05-09,Azure,Azure Storage,eastus,stappprodlogs001,BlobStorage-GB,1104.78,0.02,22.0957,0
2026-05-10,GCP,Compute Engine,asia-east1,gcp-k8s-worker-1,n2-standard-4,23.47,0.194,4.5535,0
2026-05-10,AWS,EC2,eu-west-1,i-0b7e6d5c4b3a2,BoxUsage:t3.xlarge,22.82,0.1664,3.7978,0
2026-05-10,AWS,EBS,us-west-2,vol-0fe0d1c2b3a498765,VolumeUsage.gp3,357.47,0.08,28.5978,0
2026-05-10,GCP,Compute Engine,europe-west1,gcp-k8s-worker-2,n2-standard-4,22.36,0.194,4.3373,0
2026-05-10,Azure,Azure Storage,southeastasia,stbackupdata002,BlobStorage-GB,1075.15,0.02,21.5029,0
2026-05-10,GCP,Compute Engine,europe-west1,gcp-k8s-worker-1,n2-standard-4,21.01,0.194,4.0757,0
2026-05-10,Azure,Azure VM,westeurope,vm-web-prod-01,Standard_D4s_v3,21.52,0.192,4.131,0
2026-05-10,Azure,Azure Storage,eastus,stbackupdata002,BlobStorage-GB,451.6,0.02,9.0319,0
2026-05-10,Azure,Azure Storage,eastus,stappprodlogs001,BlobStorage-GB,1380.84,0.02,27.6169,0
2026-05-10,GCP,Compute Engine,asia-east1,gcp-k8s-worker-2,n2-standard-4,19.3,0.194,3.7438,0
2026-05-10,GCP,Cloud SQL,europe-west1,gcp-main-postgres-db,db-custom-2-7680,21.24,0.35,7.4333,0
2026-05-10,AWS,Lambda,eu-west-1,image-resizer-worker,RequestCount,328369.81,2e-07,0.0657,0
2026-05-10,GCP,Compute Engine,us-central1,gcp-k8s-worker-2,n2-standard-4,20.68,0.194,4.012,0
2026-05-10,Azure,Azure VM,southeastasia,vm-web-prod-01,Standard_D4s_v3,18.98,0.192,3.6437,0
2026-05-10,GCP,Cloud SQL,asia-east1,gcp-main-postgres-db,db-custom-2-7680,23.16,0.35,8.1076,0
2026-05-10,AWS,EC2,us-east-1,i-0b7e6d5c4b3a2,BoxUsage:t3.xlarge,22.79,0.1664,3.7928,0
2026-05-11,AWS,S3,us-west-2,user-media-storage-bucket,StandardStorage-GB,381.11,0.023,8.7655,0
2026-05-11,AWS,EBS,eu-west-1,vol-0123456789abcdef0,VolumeUsage.gp3,343.78,0.08,27.5021,0
2026-05-11,GCP,Cloud SQL,us-central1,gcp-main-postgres-db,db-custom-2-7680,21.9,0.35,7.6665,0
2026-05-11,AWS,RDS,us-east-1,prod-db-cluster-primary,InstanceUsage:db.r5.8xlarge-MultiAZ,21.8,7.68,167.424,1
2026-05-11,Azure,Azure Storage,eastus,stbackupdata002,BlobStorage-GB,565.68,0.02,11.3136,0
2026-05-11,AWS,RDS,eu-west-1,prod-db-cluster-primary,InstanceUsage:db.r5.8xlarge-MultiAZ,23.77,7.68,182.5536,1
2026-05-11,GCP,Cloud SQL,europe-west1,gcp-main-postgres-db,db-custom-2-7680,20.67,0.35,7.2356,0
2026-05-11,AWS,EBS,us-east-1,vol-0123456789abcdef0,VolumeUsage.gp3,347.5,0.08,27.7999,0
2026-05-11,Azure,Azure VM,southeastasia,vm-web-prod-01,Standard_D4s_v3,23.41,0.192,4.4952,0
2026-05-11,Azure,Azure Storage,eastus,stbackupdata002,BlobStorage-GB,1131.61,0.02,22.6323,0
2026-05-11,AWS,S3,eu-west-1,user-media-storage-bucket,StandardStorage-GB,960.41,0.023,22.0894,0
2026-05-11,GCP,Cloud SQL,europe-west1,gcp-main-postgres-db,db-custom-2-7680,21.68,0.35,7.5886,0
2026-05-11,GCP,Compute Engine,us-central1,gcp-k8s-worker-1,n2-standard-4,22.75,0.194,4.4136,0
2026-05-11,GCP,Cloud SQL,europe-west1,gcp-main-postgres-db,db-custom-2-7680,22.02,0.35,7.7074,0
2026-05-11,Azure,Azure Storage,eastus,stbackupdata002,BlobStorage-GB,1206.3,0.02,24.126,0
2026-05-12,AWS,EC2,ap-southeast-1,i-0c9d8e7f6a5b4,BoxUsage:t3.xlarge,20.28,0.1664,3.3752,0
2026-05-12,Azure,Azure Storage,southeastasia,stappprodlogs001,BlobStorage-GB,1432.22,0.02,28.6444,0
2026-05-12,AWS,Lambda,us-east-1,auth-token-verifier,RequestCount,566132.09,2e-07,0.1132,0
2026-05-12,Azure,Azure VM,eastus,vm-web-prod-01,Standard_D4s_v3,19.94,0.192,3.8278,0
2026-05-12,Azure,Azure VM,eastus,vm-api-prod-02,Standard_D4s_v3,20.43,0.192,3.9219,0
2026-05-12,AWS,EBS,eu-west-1,vol-0123456789abcdef0,VolumeUsage.gp3,104.04,0.08,8.3234,0
2026-05-12,Azure,Azure VM,westeurope,vm-api-prod-02,Standard_D4s_v3,22.97,0.192,4.4096,0
2026-05-12,Azure,Azure VM,southeastasia,vm-web-prod-01,Standard_D4s_v3,21.1,0.192,4.0513,0
2026-05-12,AWS,EBS,us-west-2,vol-0fe0d1c2b3a498765,VolumeUsage.gp3,449.46,0.08,35.9567,0
2026-05-12,GCP,Compute Engine,us-central1,gcp-k8s-worker-1,n2-standard-4,19.72,0.194,3.8253,0
2026-05-12,AWS,EC2,us-east-1,i-0b7e6d5c4b3a2,BoxUsage:t3.xlarge,19.98,0.1664,3.325,0
2026-05-12,Azure,Azure Storage,southeastasia,stappprodlogs001,BlobStorage-GB,409.35,0.02,8.187,0
2026-05-12,Azure,Azure VM,southeastasia,vm-api-prod-02,Standard_D4s_v3,19.93,0.192,3.8269,0
2026-05-12,AWS,Lambda,us-east-1,auth-token-verifier,RequestCount,367599.26,2e-07,0.0735,0
2026-05-12,Azure,Azure Storage,westeurope,stbackupdata002,BlobStorage-GB,531.65,0.02,10.633,0
2026-05-13,AWS,S3,eu-west-1,user-media-storage-bucket,StandardStorage-GB,982.47,0.023,22.5968,0
2026-05-13,Azure,Azure VM,southeastasia,vm-api-prod-02,Standard_D4s_v3,21.34,0.192,4.0979,0
2026-05-13,Azure,Azure VM,southeastasia,vm-web-prod-01,Standard_D4s_v3,22.69,0.192,4.3572,0
2026-05-13,GCP,Cloud SQL,us-central1,gcp-main-postgres-db,db-custom-2-7680,22.58,0.35,7.9016,0
2026-05-13,AWS,Lambda,us-west-2,image-resizer-worker,RequestCount,469047.17,2e-07,0.0938,0
2026-05-13,AWS,Lambda,us-west-2,auth-token-verifier,RequestCount,286005.22,2e-07,0.0572,0
2026-05-13,Azure,Azure VM,southeastasia,vm-api-prod-02,Standard_D4s_v3,21.33,0.192,4.0953,0
2026-05-13,GCP,Compute Engine,us-central1,gcp-k8s-worker-2,n2-standard-4,21.16,0.194,4.1055,0
2026-05-13,AWS,RDS,us-west-2,analytics-read-replica,InstanceUsage:db.m5.large,21.81,0.38,8.2864,0
2026-05-13,GCP,Cloud SQL,us-central1,gcp-main-postgres-db,db-custom-2-7680,23.33,0.35,8.1644,0
2026-05-13,Azure,Azure Storage,eastus,stbackupdata002,BlobStorage-GB,748.41,0.02,14.9683,0
2026-05-13,Azure,Azure VM,westeurope,vm-api-prod-02,Standard_D4s_v3,19.99,0.192,3.8373,0
2026-05-13,Azure,Azure Storage,westeurope,stbackupdata002,BlobStorage-GB,1418.61,0.02,28.3721,0
2026-05-13,GCP,Compute Engine,europe-west1,gcp-k8s-worker-1,n2-standard-4,21.11,0.194,4.0952,0
2026-05-14,Azure,Azure Storage,southeastasia,stappprodlogs001,BlobStorage-GB,966.25,0.02,19.325,0
2026-05-14,AWS,Lambda,ap-southeast-1,event-processor,RequestCount,396229.9,2e-07,0.0792,0
2026-05-14,AWS,Lambda,eu-west-1,image-resizer-worker,RequestCount,501411.68,2e-07,0.1003,0
2026-05-14,Azure,Azure Storage,eastus,stbackupdata002,BlobStorage-GB,1351.56,0.02,27.0313,0
2026-05-14,AWS,Lambda,ap-southeast-1,auth-token-verifier,RequestCount,295044.62,2e-07,0.059,0
2026-05-14,AWS,EBS,us-east-1,vol-0123456789abcdef0,VolumeUsage.gp3,402.94,0.08,32.2356,0
2026-05-14,GCP,Compute Engine,us-central1,gcp-k8s-worker-1,n2-standard-4,21.6,0.194,4.1903,0
2026-05-14,GCP,Compute Engine,asia-east1,gcp-k8s-worker-2,n2-standard-4,23.46,0.194,4.5521,0
2026-05-14,Azure,Azure Storage,westeurope,stbackupdata002,BlobStorage-GB,1284.82,0.02,25.6963,0
2026-05-14,Azure,Azure VM,southeastasia,vm-api-prod-02,Standard_D4s_v3,24.13,0.192,4.6325,0
2026-05-14,GCP,Cloud SQL,europe-west1,gcp-main-postgres-db,db-custom-2-7680,21.6,0.35,7.5612,0
2026-05-14,Azure,Azure VM,westeurope,vm-web-prod-01,Standard_D4s_v3,21.68,0.192,4.1617,0
2026-05-14,GCP,Cloud SQL,us-central1,gcp-main-postgres-db,db-custom-2-7680,22.27,0.35,7.7959,0
2026-05-14,GCP,Compute Engine,us-central1,gcp-k8s-worker-1,n2-standard-4,19.98,0.194,3.8759,0
2026-05-14,Azure,Azure VM,eastus,vm-api-prod-02,Standard_D4s_v3,21.77,0.192,4.1791,0
2026-05-14,Azure,Azure VM,westeurope,vm-web-prod-01,Standard_D4s_v3,19.8,0.192,3.8015,0
2026-05-15,Azure,Azure VM,southeastasia,vm-web-prod-01,Standard_D4s_v3,21.77,0.192,4.1807,0
2026-05-15,GCP,Compute Engine,us-central1,gcp-k8s-worker-1,n2-standard-4,23.28,0.194,4.5165,0
2026-05-15,GCP,Cloud SQL,us-central1,gcp-main-postgres-db,db-custom-2-7680,21.23,0.35,7.4294,0
2026-05-15,AWS,EBS,ap-southeast-1,vol-0fe0d1c2b3a498765,VolumeUsage.gp3,332.99,0.08,26.6395,0
2026-05-15,Azure,Azure VM,eastus,vm-api-prod-02,Standard_D4s_v3,18.98,0.192,3.6442,0
2026-05-15,GCP,Compute Engine,europe-west1,gcp-k8s-worker-1,n2-standard-4,21.2,0.194,4.1121,0
2026-05-15,GCP,Compute Engine,asia-east1,gcp-k8s-worker-1,n2-standard-4,22.19,0.194,4.3043,0
2026-05-15,Azure,Azure Storage,eastus,stappprodlogs001,BlobStorage-GB,1357.56,0.02,27.1512,0
2026-05-15,AWS,Lambda,ap-southeast-1,image-resizer-worker,RequestCount,748362.29,2e-07,0.1497,0
2026-05-15,AWS,Lambda,us-east-1,image-resizer-worker,RequestCount,556916.68,2e-07,0.1114,0
2026-05-15,Azure,Azure Storage,eastus,stbackupdata002,BlobStorage-GB,990.99,0.02,19.8197,0
2026-05-15,GCP,Compute Engine,asia-east1,gcp-k8s-worker-2,n2-standard-4,22.78,0.194,4.4196,0
2026-05-15,AWS,Lambda,ap-southeast-1,auth-token-verifier,RequestCount,486041.21,2e-07,0.0972,0
2026-05-15,Azure,Azure VM,southeastasia,vm-api-prod-02,Standard_D4s_v3,22.74,0.192,4.3661,0
2026-05-15,AWS,EBS,us-east-1,vol-0fe0d1c2b3a498765,VolumeUsage.gp3,303.44,0.08,24.2755,0
2026-05-15,GCP,Compute Engine,asia-east1,gcp-k8s-worker-2,n2-standard-4,21.97,0.194,4.2629,0
2026-05-16,Azure,Azure VM,eastus,vm-api-prod-02,Standard_D4s_v3,18.51,0.192,3.5542,0
2026-05-16,Azure,Azure VM,southeastasia,vm-api-prod-02,Standard_D4s_v3,20.89,0.192,4.0117,0
2026-05-16,AWS,Lambda,us-west-2,event-processor,RequestCount,458967.57,2e-07,0.0918,0
2026-05-16,Azure,Azure Storage,southeastasia,stbackupdata002,BlobStorage-GB,1169.82,0.02,23.3964,0
2026-05-16,GCP,Compute Engine,asia-east1,gcp-k8s-worker-2,n2-standard-4,21.62,0.194,4.1947,0
2026-05-16,AWS,EBS,us-east-1,vol-0123456789abcdef0,VolumeUsage.gp3,278.94,0.08,22.3154,0
2026-05-16,AWS,Lambda,eu-west-1,auth-token-verifier,RequestCount,393743.58,2e-07,0.0787,0
2026-05-16,GCP,Compute Engine,asia-east1,gcp-k8s-worker-1,n2-standard-4,19.37,0.194,3.7578,0
2026-05-16,GCP,Compute Engine,us-central1,gcp-k8s-worker-2,n2-standard-4,20.28,0.194,3.9347,0
2026-05-16,AWS,Lambda,ap-southeast-1,event-processor,RequestCount,281694.34,2e-07,0.0563,0
2026-05-16,GCP,Compute Engine,europe-west1,gcp-k8s-worker-1,n2-standard-4,20.49,0.194,3.9759,0
2026-05-16,Azure,Azure VM,eastus,vm-web-prod-01,Standard_D4s_v3,23.14,0.192,4.4428,0
2026-05-16,GCP,Compute Engine,europe-west1,gcp-k8s-worker-1,n2-standard-4,21.4,0.194,4.151,0
2026-05-16,Azure,Azure Storage,eastus,stappprodlogs001,BlobStorage-GB,844.58,0.02,16.8916,0
2026-05-16,Azure,Azure Storage,eastus,stbackupdata002,BlobStorage-GB,1012.49,0.02,20.2498,0
2026-05-16,AWS,RDS,us-east-1,prod-db-cluster-primary,InstanceUsage:db.r5.8xlarge-MultiAZ,22.28,7.68,171.1104,1
2026-05-17,Azure,Azure Storage,southeastasia,stappprodlogs001,BlobStorage-GB,1522.85,0.02,30.457,0
2026-05-17,Azure,Azure Storage,southeastasia,stappprodlogs001,BlobStorage-GB,1206.77,0.02,24.1354,0
2026-05-17,GCP,Cloud SQL,us-central1,gcp-main-postgres-db,db-custom-2-7680,21.84,0.35,7.6457,0
2026-05-17,Azure,Azure VM,eastus,vm-api-prod-02,Standard_D4s_v3,19.1,0.192,3.6665,0
2026-05-17,Azure,Azure Storage,westeurope,stappprodlogs001,BlobStorage-GB,666.6,0.02,13.332,0
2026-05-17,AWS,Lambda,eu-west-1,auth-token-verifier,RequestCount,106813.83,2e-07,0.0214,0
2026-05-17,Azure,Azure VM,southeastasia,vm-web-prod-01,Standard_D4s_v3,22.82,0.192,4.381,0
2026-05-17,Azure,Azure VM,westeurope,vm-web-prod-01,Standard_D4s_v3,21.67,0.192,4.1613,0
2026-05-17,GCP,Cloud SQL,us-central1,gcp-main-postgres-db,db-custom-2-7680,21.2,0.35,7.4194,0
2026-05-17,GCP,Cloud SQL,asia-east1,gcp-main-postgres-db,db-custom-2-7680,22.2,0.35,7.7684,0
2026-05-17,Azure,Azure VM,southeastasia,vm-api-prod-02,Standard_D4s_v3,19.13,0.192,3.6721,0
2026-05-17,AWS,Lambda,us-east-1,event-processor,RequestCount,609720.41,2e-07,0.1219,0
2026-05-17,GCP,Compute Engine,asia-east1,gcp-k8s-worker-1,n2-standard-4,22.44,0.194,4.3536,0
2026-05-17,Azure,Azure VM,eastus,vm-api-prod-02,Standard_D4s_v3,19.69,0.192,3.7802,0
2026-05-17,GCP,Compute Engine,europe-west1,gcp-k8s-worker-1,n2-standard-4,23.18,0.194,4.4966,0
2026-05-18,AWS,S3,ap-southeast-1,prod-analytics-data-dump,StandardStorage-GB,339.35,0.023,7.8051,0
2026-05-18,AWS,RDS,us-west-2,prod-db-cluster-primary,InstanceUsage:db.r5.8xlarge-MultiAZ,24.14,7.68,185.3952,1
2026-05-18,GCP,Compute Engine,us-central1,gcp-k8s-worker-2,n2-standard-4,24.1,0.194,4.6757,0
2026-05-18,AWS,RDS,ap-southeast-1,prod-db-cluster-primary,InstanceUsage:db.r5.8xlarge-MultiAZ,20.66,7.68,158.6688,1
2026-05-18,GCP,Cloud SQL,europe-west1,gcp-main-postgres-db,db-custom-2-7680,22.73,0.35,7.9548,0
2026-05-18,GCP,Compute Engine,asia-east1,gcp-k8s-worker-1,n2-standard-4,19.78,0.194,3.8364,0
2026-05-18,GCP,Cloud SQL,us-central1,gcp-main-postgres-db,db-custom-2-7680,23.28,0.35,8.148,0
2026-05-18,Azure,Azure Storage,eastus,stbackupdata002,BlobStorage-GB,1372.68,0.02,27.4536,0
2026-05-18,GCP,Cloud SQL,us-central1,gcp-main-postgres-db,db-custom-2-7680,23.99,0.35,8.3971,0
2026-05-18,GCP,Compute Engine,us-central1,gcp-k8s-worker-1,n2-standard-4,22.97,0.194,4.4553,0
2026-05-18,Azure,Azure Storage,southeastasia,stbackupdata002,BlobStorage-GB,1516.61,0.02,30.3322,0
2026-05-18,Azure,Azure Storage,southeastasia,stbackupdata002,BlobStorage-GB,681.71,0.02,13.6343,0
2026-05-18,Azure,Azure VM,eastus,vm-web-prod-01,Standard_D4s_v3,18.49,0.192,3.5492,0
2026-05-18,Azure,Azure VM,southeastasia,vm-api-prod-02,Standard_D4s_v3,20.08,0.192,3.8549,0
2026-05-18,Azure,Azure VM,eastus,vm-api-prod-02,Standard_D4s_v3,23.41,0.192,4.4952,0
2026-05-18,AWS,EC2,ap-southeast-1,i-0d1e2f3a4b5c6,BoxUsage:t3.xlarge,21.34,0.1664,3.5512,0
2026-05-19,GCP,Compute Engine,us-central1,gcp-k8s-worker-2,n2-standard-4,23.58,0.194,4.5745,0
2026-05-19,AWS,EC2,us-west-2,i-0d1e2f3a4b5c6,BoxUsage:t3.xlarge,21.56,0.1664,3.5868,0
2026-05-19,AWS,RDS,ap-southeast-1,analytics-read-replica,InstanceUsage:db.m5.large,19.79,0.38,7.5204,0
2026-05-19,Azure,Azure Storage,eastus,stbackupdata002,BlobStorage-GB,1268.7,0.02,25.374,0
2026-05-19,Azure,Azure Storage,westeurope,stappprodlogs001,BlobStorage-GB,1420.17,0.02,28.4033,0
2026-05-19,AWS,EC2,ap-southeast-1,i-0c9d8e7f6a5b4,BoxUsage:t3.xlarge,20.33,0.1664,3.3826,0
2026-05-19,GCP,Compute Engine,asia-east1,gcp-k8s-worker-2,n2-standard-4,19.66,0.194,3.8137,0
2026-05-19,Azure,Azure VM,eastus,vm-web-prod-01,Standard_D4s_v3,20.97,0.192,4.0265,0
2026-05-19,AWS,EBS,ap-southeast-1,vol-0fe0d1c2b3a498765,VolumeUsage.gp3,283.24,0.08,22.6592,0
2026-05-19,GCP,Compute Engine,us-central1,gcp-k8s-worker-1,n2-standard-4,20.04,0.194,3.8884,0
2026-05-19,Azure,Azure Storage,eastus,stappprodlogs001,BlobStorage-GB,691.04,0.02,13.8208,0
2026-05-19,Azure,Azure VM,eastus,vm-api-prod-02,Standard_D4s_v3,22.6,0.192,4.3388,0
2026-05-19,GCP,Cloud SQL,europe-west1,gcp-main-postgres-db,db-custom-2-7680,24.41,0.35,8.5438,0
2026-05-19,GCP,Compute Engine,us-central1,gcp-k8s-worker-2,n2-standard-4,18.16,0.194,3.5223,0
2026-05-19,GCP,Compute Engine,europe-west1,gcp-k8s-worker-1,n2-standard-4,23.98,0.194,4.6516,0
2026-05-19,AWS,EBS,eu-west-1,vol-0fe0d1c2b3a498765,VolumeUsage.gp3,156.61,0.08,12.5286,0
2026-05-20,GCP,Cloud SQL,us-central1,gcp-main-postgres-db,db-custom-2-7680,22.62,0.35,7.9158,0
2026-05-20,Azure,Azure Storage,westeurope,stbackupdata002,BlobStorage-GB,1204.32,0.02,24.0864,0
2026-05-20,AWS,RDS,eu-west-1,prod-db-cluster-primary,InstanceUsage:db.r5.8xlarge-MultiAZ,23.63,7.68,181.4784,1
2026-05-20,Azure,Azure VM,southeastasia,vm-web-prod-01,Standard_D4s_v3,21.04,0.192,4.0394,0
2026-05-20,GCP,Cloud SQL,us-central1,gcp-main-postgres-db,db-custom-2-7680,20.75,0.35,7.2631,0
2026-05-20,Azure,Azure VM,westeurope,vm-web-prod-01,Standard_D4s_v3,22.98,0.192,4.4116,0
2026-05-20,AWS,Lambda,us-east-1,event-processor,RequestCount,503939.72,2e-07,0.1008,0
2026-05-20,AWS,Lambda,ap-southeast-1,image-resizer-worker,RequestCount,157293.42,2e-07,0.0315,0
2026-05-20,Azure,Azure Storage,westeurope,stappprodlogs001,BlobStorage-GB,929.07,0.02,18.5815,0
2026-05-20,Azure,Azure Storage,westeurope,stbackupdata002,BlobStorage-GB,954.71,0.02,19.0942,0
2026-05-20,Azure,Azure VM,eastus,vm-api-prod-02,Standard_D4s_v3,23.08,0.192,4.4323,0
2026-05-20,Azure,Azure VM,southeastasia,vm-web-prod-01,Standard_D4s_v3,20.44,0.192,3.9251,0
2026-05-20,Azure,Azure VM,southeastasia,vm-web-prod-01,Standard_D4s_v3,22.96,0.192,4.4081,0
2026-05-20,Azure,Azure VM,eastus,vm-api-prod-02,Standard_D4s_v3,24.93,0.192,4.7869,0
2026-05-21,AWS,EBS,ap-southeast-1,vol-0fe0d1c2b3a498765,VolumeUsage.gp3,195.61,0.08,15.6489,0
2026-05-21,AWS,S3,ap-southeast-1,user-media-storage-bucket,StandardStorage-GB,383.8,0.023,8.8275,0
2026-05-21,AWS,EBS,us-east-1,vol-0fe0d1c2b3a498765,VolumeUsage.gp3,427.47,0.08,34.1973,0
2026-05-21,GCP,Cloud SQL,us-central1,gcp-main-postgres-db,db-custom-2-7680,20.52,0.35,7.1827,0
2026-05-21,Azure,Azure Storage,southeastasia,stappprodlogs001,BlobStorage-GB,800.54,0.02,16.0109,0
2026-05-21,GCP,Compute Engine,europe-west1,gcp-k8s-worker-2,n2-standard-4,18.66,0.194,3.6203,0
2026-05-21,AWS,S3,eu-west-1,app-logs-archive,StandardStorage-GB,655.5,0.023,15.0766,0
2026-05-21,GCP,Compute Engine,asia-east1,gcp-k8s-worker-2,n2-standard-4,19.67,0.194,3.8157,0
2026-05-21,AWS,S3,ap-southeast-1,user-media-storage-bucket,StandardStorage-GB,450.44,0.023,10.3601,0
2026-05-21,Azure,Azure Storage,southeastasia,stappprodlogs001,BlobStorage-GB,1129.93,0.02,22.5986,0
2026-05-21,GCP,Compute Engine,us-central1,gcp-k8s-worker-2,n2-standard-4,23.59,0.194,4.5771,0
2026-05-21,AWS,S3,us-west-2,prod-analytics-data-dump,StandardStorage-GB,374.77,0.023,8.6197,0
2026-05-21,AWS,RDS,eu-west-1,analytics-read-replica,InstanceUsage:db.m5.large,20.01,0.38,7.6046,0
2026-05-21,Azure,Azure VM,eastus,vm-api-prod-02,Standard_D4s_v3,17.61,0.192,3.3813,0
2026-05-21,AWS,Lambda,eu-west-1,event-processor,RequestCount,410204.58,2e-07,0.082,0
2026-05-22,GCP,Compute Engine,asia-east1,gcp-k8s-worker-2,n2-standard-4,18.64,0.194,3.6153,0
2026-05-22,AWS,Lambda,us-east-1,image-resizer-worker,RequestCount,133832.65,2e-07,0.0268,0
2026-05-22,AWS,RDS,us-east-1,analytics-read-replica,InstanceUsage:db.m5.large,20.73,0.38,7.8784,0
2026-05-22,GCP,Cloud SQL,us-central1,gcp-main-postgres-db,db-custom-2-7680,23.67,0.35,8.2845,0
2026-05-22,GCP,Cloud SQL,us-central1,gcp-main-postgres-db,db-custom-2-7680,19.82,0.35,6.936,0
2026-05-22,GCP,Cloud SQL,us-central1,gcp-main-postgres-db,db-custom-2-7680,19.91,0.35,6.9692,0
2026-05-22,Azure,Azure Storage,eastus,stbackupdata002,BlobStorage-GB,587.42,0.02,11.7484,0
2026-05-22,GCP,Compute Engine,asia-east1,gcp-k8s-worker-2,n2-standard-4,21.13,0.194,4.0994,0
2026-05-22,Azure,Azure Storage,southeastasia,stappprodlogs001,BlobStorage-GB,1314.6,0.02,26.2919,0
2026-05-22,GCP,Compute Engine,asia-east1,gcp-k8s-worker-1,n2-standard-4,18.94,0.194,3.675,0
2026-05-22,Azure,Azure Storage,westeurope,stappprodlogs001,BlobStorage-GB,1374.05,0.02,27.481,0
2026-05-22,Azure,Azure VM,westeurope,vm-api-prod-02,Standard_D4s_v3,23.39,0.192,4.4901,0
2026-05-22,GCP,Compute Engine,us-central1,gcp-k8s-worker-1,n2-standard-4,20.08,0.194,3.8955,0
2026-05-22,AWS,EC2,us-east-1,i-0d1e2f3a4b5c6,BoxUsage:t3.xlarge,19.09,0.1664,3.1764,0
2026-05-23,AWS,RDS,ap-southeast-1,prod-db-cluster-primary,InstanceUsage:db.r5.8xlarge-MultiAZ,23.96,7.68,184.0128,1
2026-05-23,Azure,Azure Storage,westeurope,stappprodlogs001,BlobStorage-GB,678.72,0.02,13.5744,0
2026-05-23,GCP,Cloud SQL,us-central1,gcp-main-postgres-db,db-custom-2-7680,21.96,0.35,7.6857,0
2026-05-23,Azure,Azure Storage,westeurope,stbackupdata002,BlobStorage-GB,553.57,0.02,11.0715,0
2026-05-23,Azure,Azure Storage,southeastasia,stappprodlogs001,BlobStorage-GB,735.86,0.02,14.7171,0
2026-05-23,AWS,EC2,us-east-1,i-0a8f9c1d2e3f4,BoxUsage:t3.xlarge,22.52,0.1664,3.7477,0
2026-05-23,GCP,Cloud SQL,asia-east1,gcp-main-postgres-db,db-custom-2-7680,23.05,0.35,8.067,0
2026-05-23,AWS,Lambda,us-west-2,image-resizer-worker,RequestCount,456731.77,2e-07,0.0913,0
2026-05-23,Azure,Azure Storage,southeastasia,stbackupdata002,BlobStorage-GB,668.08,0.02,13.3615,0
2026-05-23,GCP,Cloud SQL,us-central1,gcp-main-postgres-db,db-custom-2-7680,23.36,0.35,8.1775,0
2026-05-23,AWS,EBS,us-west-2,vol-0fe0d1c2b3a498765,VolumeUsage.gp3,118.1,0.08,9.4479,0
2026-05-23,Azure,Azure Storage,southeastasia,stbackupdata002,BlobStorage-GB,1150.19,0.02,23.0037,0
2026-05-23,GCP,Cloud SQL,europe-west1,gcp-main-postgres-db,db-custom-2-7680,23.36,0.35,8.1754,0
2026-05-23,AWS,EC2,us-west-2,i-0a8f9c1d2e3f4,BoxUsage:t3.xlarge,18.17,0.1664,3.0238,0
2026-05-23,GCP,Compute Engine,us-central1,gcp-k8s-worker-1,n2-standard-4,21.72,0.194,4.2134,0
2026-05-23,GCP,Compute Engine,us-central1,gcp-k8s-worker-2,n2-standard-4,19.82,0.194,3.8455,0
2026-05-24,GCP,Cloud SQL,europe-west1,gcp-main-postgres-db,db-custom-2-7680,21.6,0.35,7.5611,0
2026-05-24,Azure,Azure Storage,southeastasia,stbackupdata002,BlobStorage-GB,873.6,0.02,17.4719,0
2026-05-24,AWS,EBS,us-west-2,vol-0123456789abcdef0,VolumeUsage.gp3,462.1,0.08,36.9679,0
2026-05-24,GCP,Cloud SQL,asia-east1,gcp-main-postgres-db,db-custom-2-7680,21.48,0.35,7.5171,0
2026-05-24,AWS,EBS,ap-southeast-1,vol-0fe0d1c2b3a498765,VolumeUsage.gp3,506.99,0.08,40.5588,0
2026-05-24,Azure,Azure VM,westeurope,vm-api-prod-02,Standard_D4s_v3,19.55,0.192,3.7541,0
2026-05-24,Azure,Azure VM,eastus,vm-api-prod-02,Standard_D4s_v3,23.25,0.192,4.4642,0
2026-05-24,Azure,Azure Storage,eastus,stappprodlogs001,BlobStorage-GB,1540.1,0.02,30.8021,0
2026-05-24,Azure,Azure VM,eastus,vm-web-prod-01,Standard_D4s_v3,21.13,0.192,4.0561,0
2026-05-24,GCP,Cloud SQL,asia-east1,gcp-main-postgres-db,db-custom-2-7680,20.8,0.35,7.2802,0
2026-05-24,AWS,Lambda,ap-southeast-1,auth-token-verifier,RequestCount,306895.8,2e-07,0.0614,0
2026-05-24,AWS,EC2,ap-southeast-1,i-0b7e6d5c4b3a2,BoxUsage:t3.xlarge,22.38,0.1664,3.7236,0
2026-05-24,GCP,Cloud SQL,us-central1,gcp-main-postgres-db,db-custom-2-7680,20.85,0.35,7.2985,0
2026-05-24,AWS,S3,us-west-2,user-media-storage-bucket,StandardStorage-GB,975.22,0.023,22.4301,0
2026-05-24,GCP,Cloud SQL,us-central1,gcp-main-postgres-db,db-custom-2-7680,24.42,0.35,8.5483,0
2026-05-25,Azure,Azure Storage,southeastasia,stappprodlogs001,BlobStorage-GB,650.48,0.02,13.0096,0
2026-05-25,Azure,Azure Storage,eastus,stbackupdata002,BlobStorage-GB,483.08,0.02,9.6615,0
2026-05-25,GCP,Cloud SQL,europe-west1,gcp-main-postgres-db,db-custom-2-7680,23.05,0.35,8.0665,0
2026-05-25,Azure,Azure VM,southeastasia,vm-web-prod-01,Standard_D4s_v3,22.19,0.192,4.2613,0
2026-05-25,AWS,S3,eu-west-1,user-media-storage-bucket,StandardStorage-GB,444.06,0.023,10.2134,0
2026-05-25,GCP,Compute Engine,europe-west1,gcp-k8s-worker-1,n2-standard-4,18.6,0.194,3.6093,0
2026-05-25,GCP,Compute Engine,us-central1,gcp-k8s-worker-1,n2-standard-4,18.81,0.194,3.6497,0
2026-05-25,AWS,EBS,us-west-2,vol-0123456789abcdef0,VolumeUsage.gp3,402.64,0.08,32.2113,0
2026-05-25,AWS,RDS,us-west-2,prod-db-cluster-primary,InstanceUsage:db.r5.8xlarge-MultiAZ,24.27,7.68,186.3936,1
2026-05-25,Azure,Azure Storage,westeurope,stappprodlogs001,BlobStorage-GB,608.32,0.02,12.1664,0
2026-05-25,GCP,Cloud SQL,us-central1,gcp-main-postgres-db,db-custom-2-7680,21.88,0.35,7.6575,0
2026-05-25,Azure,Azure Storage,eastus,stappprodlogs001,BlobStorage-GB,627.94,0.02,12.5587,0
2026-05-25,GCP,Compute Engine,asia-east1,gcp-k8s-worker-1,n2-standard-4,19.18,0.194,3.7202,0
2026-05-25,Azure,Azure Storage,southeastasia,stappprodlogs001,BlobStorage-GB,679.97,0.02,13.5993,0
2026-05-26,Azure,Azure Storage,eastus,stbackupdata002,BlobStorage-GB,944.38,0.02,18.8875,0
2026-05-26,Azure,Azure Storage,westeurope,stappprodlogs001,BlobStorage-GB,707.29,0.02,14.1458,0
2026-05-26,Azure,Azure VM,southeastasia,vm-api-prod-02,Standard_D4s_v3,22.45,0.192,4.3106,0
2026-05-26,AWS,Lambda,us-west-2,auth-token-verifier,RequestCount,672352.91,2e-07,0.1345,0
2026-05-26,GCP,Compute Engine,europe-west1,gcp-k8s-worker-2,n2-standard-4,20.26,0.194,3.9296,0
2026-05-26,GCP,Cloud SQL,asia-east1,gcp-main-postgres-db,db-custom-2-7680,22.07,0.35,7.7236,0
2026-05-26,Azure,Azure Storage,southeastasia,stappprodlogs001,BlobStorage-GB,536.84,0.02,10.7368,0
2026-05-26,AWS,Lambda,us-east-1,image-resizer-worker,RequestCount,512533.77,2e-07,0.1025,0
2026-05-26,Azure,Azure VM,westeurope,vm-web-prod-01,Standard_D4s_v3,18.97,0.192,3.6429,0
2026-05-26,AWS,Lambda,us-east-1,image-resizer-worker,RequestCount,373592.91,2e-07,0.0747,0
2026-05-26,AWS,Lambda,ap-southeast-1,image-resizer-worker,RequestCount,414159.52,2e-07,0.0828,0
2026-05-26,AWS,S3,ap-southeast-1,app-logs-archive,StandardStorage-GB,918.96,0.023,21.1362,0
2026-05-26,AWS,EC2,ap-southeast-1,i-0c9d8e7f6a5b4,BoxUsage:t3.xlarge,23.22,0.1664,3.8646,0
2026-05-26,GCP,Cloud SQL,us-central1,gcp-main-postgres-db,db-custom-2-7680,21.0,0.35,7.3497,0
2026-05-27,GCP,Compute Engine,asia-east1,gcp-k8s-worker-2,n2-standard-4,21.17,0.194,4.1072,0
2026-05-27,Azure,Azure VM,westeurope,vm-web-prod-01,Standard_D4s_v3,19.45,0.192,3.7346,0
2026-05-27,GCP,Cloud SQL,us-central1,gcp-main-postgres-db,db-custom-2-7680,23.7,0.35,8.2948,0
2026-05-27,AWS,EBS,us-west-2,vol-0123456789abcdef0,VolumeUsage.gp3,182.48,0.08,14.5985,0
2026-05-27,AWS,RDS,ap-southeast-1,analytics-read-replica,InstanceUsage:db.m5.large,23.44,0.38,8.9075,0
2026-05-27,Azure,Azure Storage,westeurope,stappprodlogs001,BlobStorage-GB,1365.57,0.02,27.3114,0
2026-05-27,AWS,S3,us-west-2,app-logs-archive,StandardStorage-GB,1198.82,0.023,27.573,0
2026-05-27,Azure,Azure Storage,southeastasia,stbackupdata002,BlobStorage-GB,851.58,0.02,17.0315,0
2026-05-27,GCP,Cloud SQL,asia-east1,gcp-main-postgres-db,db-custom-2-7680,19.9,0.35,6.9645,0
2026-05-27,AWS,S3,us-east-1,app-logs-archive,StandardStorage-GB,1037.57,0.023,23.8642,0
2026-05-27,GCP,Compute Engine,asia-east1,gcp-k8s-worker-2,n2-standard-4,22.43,0.194,4.3512,0
2026-05-27,AWS,S3,ap-southeast-1,user-media-storage-bucket,StandardStorage-GB,545.82,0.023,12.554,0
2026-05-27,Azure,Azure Storage,eastus,stbackupdata002,BlobStorage-GB,1088.69,0.02,21.7739,0
2026-05-27,AWS,RDS,ap-southeast-1,prod-db-cluster-primary,InstanceUsage:db.r5.8xlarge-MultiAZ,22.63,7.68,173.7984,1
2026-05-27,GCP,Cloud SQL,asia-east1,gcp-main-postgres-db,db-custom-2-7680,23.6,0.35,8.2598,0
2026-05-27,GCP,Compute Engine,us-central1,gcp-k8s-worker-2,n2-standard-4,21.03,0.194,4.0799,0
2026-05-28,AWS,Lambda,us-west-2,auth-token-verifier,RequestCount,702859.25,2e-07,0.1406,0
2026-05-28,AWS,RDS,ap-southeast-1,prod-db-cluster-primary,InstanceUsage:db.r5.8xlarge-MultiAZ,22.81,7.68,175.1808,1
2026-05-28,AWS,S3,ap-southeast-1,app-logs-archive,StandardStorage-GB,1140.42,0.023,26.2297,0
2026-05-28,Azure,Azure Storage,eastus,stbackupdata002,BlobStorage-GB,1355.64,0.02,27.1128,0
2026-05-28,Azure,Azure Storage,westeurope,stappprodlogs001,BlobStorage-GB,591.6,0.02,11.8321,0
2026-05-28,Azure,Azure VM,westeurope,vm-web-prod-01,Standard_D4s_v3,19.97,0.192,3.8339,0
2026-05-28,AWS,EC2,us-east-1,i-0d1e2f3a4b5c6,BoxUsage:t3.xlarge,20.8,0.1664,3.4606,0
2026-05-28,GCP,Cloud SQL,europe-west1,gcp-main-postgres-db,db-custom-2-7680,22.68,0.35,7.9395,0
2026-05-28,GCP,Cloud SQL,asia-east1,gcp-main-postgres-db,db-custom-2-7680,23.4,0.35,8.1888,0
2026-05-28,AWS,EC2,us-east-1,i-0d1e2f3a4b5c6,BoxUsage:t3.xlarge,20.74,0.1664,3.451,0
2026-05-28,GCP,Compute Engine,asia-east1,gcp-k8s-worker-1,n2-standard-4,20.26,0.194,3.9309,0
2026-05-28,Azure,Azure VM,eastus,vm-api-prod-02,Standard_D4s_v3,21.79,0.192,4.1846,0
2026-05-28,Azure,Azure VM,southeastasia,vm-web-prod-01,Standard_D4s_v3,24.68,0.192,4.7384,0
2026-05-28,GCP,Cloud SQL,asia-east1,gcp-main-postgres-db,db-custom-2-7680,22.64,0.35,7.9245,0
2026-05-28,Azure,Azure Storage,eastus,stappprodlogs001,BlobStorage-GB,675.54,0.02,13.5109,0
2026-05-29,GCP,Compute Engine,us-central1,gcp-k8s-worker-2,n2-standard-4,18.4,0.194,3.5698,0
2026-05-29,GCP,Cloud SQL,asia-east1,gcp-main-postgres-db,db-custom-2-7680,21.95,0.35,7.683,0
2026-05-29,Azure,Azure VM,westeurope,vm-web-prod-01,Standard_D4s_v3,17.51,0.192,3.3626,0
2026-05-29,Azure,Azure VM,westeurope,vm-api-prod-02,Standard_D4s_v3,22.46,0.192,4.313,0
2026-05-29,Azure,Azure Storage,eastus,stappprodlogs001,BlobStorage-GB,1341.73,0.02,26.8347,0
2026-05-29,Azure,Azure Storage,southeastasia,stbackupdata002,BlobStorage-GB,1395.17,0.02,27.9033,0
2026-05-29,GCP,Compute Engine,asia-east1,gcp-k8s-worker-2,n2-standard-4,22.92,0.194,4.4458,0
2026-05-29,GCP,Cloud SQL,us-central1,gcp-main-postgres-db,db-custom-2-7680,20.61,0.35,7.2131,0
2026-05-29,AWS,RDS,eu-west-1,prod-db-cluster-primary,InstanceUsage:db.r5.8xlarge-MultiAZ,21.54,7.68,165.4272,1
2026-05-29,Azure,Azure VM,eastus,vm-api-prod-02,Standard_D4s_v3,19.87,0.192,3.8156,0
2026-05-29,Azure,Azure VM,southeastasia,vm-api-prod-02,Standard_D4s_v3,22.37,0.192,4.2958,0
2026-05-29,Azure,Azure VM,eastus,vm-api-prod-02,Standard_D4s_v3,20.94,0.192,4.0197,0
2026-05-29,Azure,Azure VM,southeastasia,vm-web-prod-01,Standard_D4s_v3,18.38,0.192,3.5285,0
2026-05-29,AWS,S3,ap-southeast-1,prod-analytics-data-dump,StandardStorage-GB,469.58,0.023,10.8003,0
2026-05-29,Azure,Azure Storage,westeurope,stappprodlogs001,BlobStorage-GB,1030.16,0.02,20.6032,0
2026-05-30,AWS,EC2,ap-southeast-1,i-0c9d8e7f6a5b4,BoxUsage:t3.xlarge,23.8,0.1664,3.9596,0
2026-05-30,AWS,S3,us-west-2,prod-analytics-data-dump,StandardStorage-GB,748.09,0.023,17.2062,0
2026-05-30,AWS,Lambda,us-west-2,auth-token-verifier,RequestCount,197813.89,2e-07,0.0396,0
2026-05-30,Azure,Azure Storage,southeastasia,stbackupdata002,BlobStorage-GB,859.92,0.02,17.1985,0
2026-05-30,AWS,Lambda,us-west-2,image-resizer-worker,RequestCount,670187.36,2e-07,0.134,0
2026-05-30,GCP,Compute Engine,europe-west1,gcp-k8s-worker-1,n2-standard-4,23.96,0.194,4.6484,0
2026-05-30,AWS,EC2,ap-southeast-1,i-0d1e2f3a4b5c6,BoxUsage:t3.xlarge,19.26,0.1664,3.2053,0
2026-05-30,AWS,Lambda,us-east-1,image-resizer-worker,RequestCount,561225.37,2e-07,0.1122,0
2026-05-30,GCP,Cloud SQL,asia-east1,gcp-main-postgres-db,db-custom-2-7680,20.49,0.35,7.1731,0
2026-05-30,AWS,S3,ap-southeast-1,prod-analytics-data-dump,StandardStorage-GB,949.72,0.023,21.8436,0
2026-05-30,Azure,Azure VM,southeastasia,vm-api-prod-02,Standard_D4s_v3,19.24,0.192,3.6937,0
2026-05-30,AWS,EBS,eu-west-1,vol-0fe0d1c2b3a498765,VolumeUsage.gp3,390.11,0.08,31.209,0
2026-05-30,GCP,Compute Engine,us-central1,gcp-k8s-worker-1,n2-standard-4,21.54,0.194,4.1797,0
2026-05-30,AWS,EBS,ap-southeast-1,vol-0fe0d1c2b3a498765,VolumeUsage.gp3,506.66,0.08,40.5326,0
2026-05-30,Azure,Azure Storage,southeastasia,stappprodlogs001,BlobStorage-GB,533.04,0.02,10.6608,0
2026-05-31,GCP,Cloud SQL,asia-east1,gcp-main-postgres-db,db-custom-2-7680,22.33,0.35,7.8145,0
2026-05-31,AWS,Lambda,us-west-2,auth-token-verifier,RequestCount,298467.61,2e-07,0.0597,0
2026-05-31,GCP,Compute Engine,us-central1,gcp-k8s-worker-2,n2-standard-4,22.88,0.194,4.4393,0
2026-05-31,Azure,Azure Storage,southeastasia,stappprodlogs001,BlobStorage-GB,1298.77,0.02,25.9753,0
2026-05-31,AWS,EBS,us-west-2,vol-0123456789abcdef0,VolumeUsage.gp3,359.12,0.08,28.73,0
2026-05-31,GCP,Compute Engine,us-central1,gcp-k8s-worker-2,n2-standard-4,23.74,0.194,4.6047,0
2026-05-31,GCP,Compute Engine,asia-east1,gcp-k8s-worker-2,n2-standard-4,22.54,0.194,4.372,0
2026-05-31,Azure,Azure VM,eastus,vm-web-prod-01,Standard_D4s_v3,24.29,0.192,4.6629,0
2026-05-31,Azure,Azure Storage,southeastasia,stbackupdata002,BlobStorage-GB,603.51,0.02,12.0701,0
2026-05-31,AWS,EBS,eu-west-1,vol-0fe0d1c2b3a498765,VolumeUsage.gp3,265.07,0.08,21.2059,0
2026-05-31,GCP,Compute Engine,europe-west1,gcp-k8s-worker-2,n2-standard-4,21.75,0.194,4.2185,0
2026-05-31,GCP,Compute Engine,europe-west1,gcp-k8s-worker-1,n2-standard-4,19.88,0.194,3.8565,0
2026-05-31,Azure,Azure Storage,westeurope,stbackupdata002,BlobStorage-GB,624.33,0.02,12.4865,0
2026-05-31,GCP,Cloud SQL,asia-east1,gcp-main-postgres-db,db-custom-2-7680,20.87,0.35,7.3046,0
2026-05-31,GCP,Cloud SQL,us-central1,gcp-main-postgres-db,db-custom-2-7680,24.37,0.35,8.528,0
2026-05-31,AWS,EC2,ap-southeast-1,i-0d1e2f3a4b5c6,BoxUsage:t3.xlarge,18.0,0.1664,2.9944,0
2026-06-01,AWS,S3,ap-southeast-1,app-logs-archive,StandardStorage-GB,1145.42,0.023,26.3447,0
2026-06-01,GCP,Cloud SQL,asia-east1,gcp-main-postgres-db,db-custom-2-7680,23.16,0.35,8.1061,0
2026-06-01,AWS,EC2,us-west-2,i-0b7e6d5c4b3a2,BoxUsage:t3.xlarge,24.57,0.1664,4.0885,0
2026-06-01,AWS,S3,eu-west-1,app-logs-archive,StandardStorage-GB,536.33,0.023,12.3356,0
2026-06-01,Azure,Azure Storage,westeurope,stbackupdata002,BlobStorage-GB,1010.64,0.02,20.2129,0
2026-06-01,AWS,EC2,us-east-1,i-0c9d8e7f6a5b4,BoxUsage:t3.xlarge,19.09,0.1664,3.177,0
2026-06-01,Azure,Azure Storage,southeastasia,stbackupdata002,BlobStorage-GB,1028.55,0.02,20.5711,0
2026-06-01,GCP,Cloud SQL,asia-east1,gcp-main-postgres-db,db-custom-2-7680,22.54,0.35,7.8874,0
2026-06-01,AWS,RDS,us-east-1,analytics-read-replica,InstanceUsage:db.m5.large,21.87,0.38,8.3116,0
2026-06-01,GCP,Cloud SQL,asia-east1,gcp-main-postgres-db,db-custom-2-7680,23.25,0.35,8.1371,0
2026-06-01,Azure,Azure Storage,eastus,stbackupdata002,BlobStorage-GB,805.14,0.02,16.1028,0
2026-06-01,AWS,S3,us-east-1,user-media-storage-bucket,StandardStorage-GB,604.22,0.023,13.897,0
2026-06-01,GCP,Cloud SQL,europe-west1,gcp-main-postgres-db,db-custom-2-7680,21.74,0.35,7.6083,0
2026-06-01,Azure,Azure Storage,eastus,stbackupdata002,BlobStorage-GB,907.74,0.02,18.1548,0
2026-06-02,AWS,S3,us-east-1,app-logs-archive,StandardStorage-GB,889.38,0.023,20.4558,0
2026-06-02,GCP,Compute Engine,europe-west1,gcp-k8s-worker-1,n2-standard-4,20.31,0.194,3.9407,0
2026-06-02,Azure,Azure Storage,southeastasia,stappprodlogs001,BlobStorage-GB,1411.91,0.02,28.2382,0
2026-06-02,Azure,Azure VM,southeastasia,vm-web-prod-01,Standard_D4s_v3,20.34,0.192,3.9044,0
2026-06-02,AWS,EBS,ap-southeast-1,vol-0fe0d1c2b3a498765,VolumeUsage.gp3,109.22,0.08,8.7379,0
2026-06-02,GCP,Cloud SQL,us-central1,gcp-main-postgres-db,db-custom-2-7680,21.96,0.35,7.6849,0
2026-06-02,AWS,RDS,eu-west-1,analytics-read-replica,InstanceUsage:db.m5.large,23.88,0.38,9.074,0
2026-06-02,AWS,RDS,eu-west-1,analytics-read-replica,InstanceUsage:db.m5.large,23.69,0.38,9.0019,0
2026-06-02,GCP,Cloud SQL,asia-east1,gcp-main-postgres-db,db-custom-2-7680,22.01,0.35,7.7036,0
2026-06-02,Azure,Azure VM,southeastasia,vm-web-prod-01,Standard_D4s_v3,21.39,0.192,4.1077,0
2026-06-02,GCP,Compute Engine,us-central1,gcp-k8s-worker-2,n2-standard-4,21.49,0.194,4.1683,0
2026-06-02,AWS,EBS,eu-west-1,vol-0fe0d1c2b3a498765,VolumeUsage.gp3,187.42,0.08,14.9939,0
2026-06-02,Azure,Azure Storage,westeurope,stappprodlogs001,BlobStorage-GB,459.69,0.02,9.1937,0
2026-06-02,AWS,S3,us-west-2,user-media-storage-bucket,StandardStorage-GB,394.94,0.023,9.0837,0
2026-06-03,AWS,EC2,us-west-2,i-0b7e6d5c4b3a2,BoxUsage:t3.xlarge,19.17,0.1664,3.1906,0
2026-06-03,Azure,Azure VM,westeurope,vm-api-prod-02,Standard_D4s_v3,24.05,0.192,4.6181,0
2026-06-03,Azure,Azure Storage,eastus,stappprodlogs001,BlobStorage-GB,649.93,0.02,12.9986,0
2026-06-03,Azure,Azure VM,southeastasia,vm-api-prod-02,Standard_D4s_v3,19.47,0.192,3.7383,0
2026-06-03,GCP,Compute Engine,us-central1,gcp-k8s-worker-2,n2-standard-4,23.45,0.194,4.5503,0
2026-06-03,Azure,Azure Storage,southeastasia,stappprodlogs001,BlobStorage-GB,1378.58,0.02,27.5717,0
2026-06-03,AWS,RDS,us-east-1,prod-db-cluster-primary,InstanceUsage:db.r5.8xlarge-MultiAZ,22.91,7.68,175.9488,1
2026-06-03,AWS,S3,eu-west-1,app-logs-archive,StandardStorage-GB,637.75,0.023,14.6683,0
2026-06-03,GCP,Compute Engine,asia-east1,gcp-k8s-worker-2,n2-standard-4,22.38,0.194,4.3426,0
2026-06-03,Azure,Azure VM,eastus,vm-web-prod-01,Standard_D4s_v3,20.39,0.192,3.9154,0
2026-06-03,GCP,Cloud SQL,asia-east1,gcp-main-postgres-db,db-custom-2-7680,22.63,0.35,7.9188,0
2026-06-03,GCP,Compute Engine,us-central1,gcp-k8s-worker-1,n2-standard-4,22.7,0.194,4.4034,0
2026-06-03,GCP,Compute Engine,asia-east1,gcp-k8s-worker-1,n2-standard-4,20.77,0.194,4.0297,0
2026-06-03,Azure,Azure Storage,westeurope,stappprodlogs001,BlobStorage-GB,1146.97,0.02,22.9394,0
2026-06-03,AWS,RDS,us-east-1,prod-db-cluster-primary,InstanceUsage:db.r5.8xlarge-MultiAZ,22.69,7.68,174.2592,1
2026-06-03,AWS,EBS,ap-southeast-1,vol-0fe0d1c2b3a498765,VolumeUsage.gp3,277.57,0.08,22.2054,0
2026-06-04,AWS,EC2,eu-west-1,i-0c9d8e7f6a5b4,BoxUsage:t3.xlarge,20.11,0.1664,3.3471,0
2026-06-04,Azure,Azure Storage,southeastasia,stbackupdata002,BlobStorage-GB,868.62,0.02,17.3724,0
2026-06-04,GCP,Compute Engine,europe-west1,gcp-k8s-worker-1,n2-standard-4,21.04,0.194,4.0815,0
2026-06-04,Azure,Azure Storage,southeastasia,stbackupdata002,BlobStorage-GB,611.78,0.02,12.2356,0
2026-06-04,AWS,RDS,us-east-1,prod-db-cluster-primary,InstanceUsage:db.r5.8xlarge-MultiAZ,21.63,7.68,166.1184,1
2026-06-04,GCP,Compute Engine,europe-west1,gcp-k8s-worker-2,n2-standard-4,20.4,0.194,3.9577,0
2026-06-04,GCP,Cloud SQL,europe-west1,gcp-main-postgres-db,db-custom-2-7680,21.57,0.35,7.5498,0
2026-06-04,AWS,EBS,us-east-1,vol-0fe0d1c2b3a498765,VolumeUsage.gp3,280.09,0.08,22.4071,0
2026-06-04,GCP,Cloud SQL,us-central1,gcp-main-postgres-db,db-custom-2-7680,22.59,0.35,7.9065,0
2026-06-04,AWS,RDS,us-east-1,prod-db-cluster-primary,InstanceUsage:db.r5.8xlarge-MultiAZ,21.62,7.68,166.0416,1
2026-06-04,GCP,Compute Engine,europe-west1,gcp-k8s-worker-2,n2-standard-4,21.02,0.194,4.0781,0
2026-06-04,Azure,Azure Storage,southeastasia,stbackupdata002,BlobStorage-GB,812.04,0.02,16.2408,0
2026-06-04,Azure,Azure VM,westeurope,vm-web-prod-01,Standard_D4s_v3,18.56,0.192,3.5627,0
2026-06-04,Azure,Azure VM,westeurope,vm-web-prod-01,Standard_D4s_v3,18.44,0.192,3.5411,0
2026-06-04,AWS,S3,eu-west-1,user-media-storage-bucket,StandardStorage-GB,1105.16,0.023,25.4186,0
2026-06-05,GCP,Compute Engine,us-central1,gcp-k8s-worker-1,n2-standard-4,23.67,0.194,4.5911,0
2026-06-05,Azure,Azure Storage,eastus,stappprodlogs001,BlobStorage-GB,728.33,0.02,14.5666,0
2026-06-05,Azure,Azure VM,southeastasia,vm-api-prod-02,Standard_D4s_v3,22.64,0.192,4.3469,0
2026-06-05,AWS,S3,ap-southeast-1,user-media-storage-bucket,StandardStorage-GB,1201.7,0.023,27.639,0
2026-06-05,GCP,Compute Engine,us-central1,gcp-k8s-worker-2,n2-standard-4,17.63,0.194,3.4195,0
2026-06-05,GCP,Compute Engine,us-central1,gcp-k8s-worker-1,n2-standard-4,19.75,0.194,3.8317,0
2026-06-05,Azure,Azure VM,eastus,vm-api-prod-02,Standard_D4s_v3,21.66,0.192,4.1579,0
2026-06-05,Azure,Azure Storage,westeurope,stbackupdata002,BlobStorage-GB,555.9,0.02,11.118,0
2026-06-05,GCP,Compute Engine,asia-east1,gcp-k8s-worker-2,n2-standard-4,18.79,0.194,3.646,0
2026-06-05,Azure,Azure VM,southeastasia,vm-web-prod-01,Standard_D4s_v3,22.52,0.192,4.3241,0
2026-06-05,Azure,Azure VM,eastus,vm-api-prod-02,Standard_D4s_v3,19.33,0.192,3.7121,0
2026-06-05,GCP,Cloud SQL,us-central1,gcp-main-postgres-db,db-custom-2-7680,21.42,0.35,7.4987,0
2026-06-05,GCP,Cloud SQL,asia-east1,gcp-main-postgres-db,db-custom-2-7680,20.69,0.35,7.242,0
2026-06-05,AWS,Lambda,us-east-1,auth-token-verifier,RequestCount,727293.5,2e-07,0.1455,0
2026-06-06,Azure,Azure Storage,westeurope,stbackupdata002,BlobStorage-GB,974.8,0.02,19.496,0
2026-06-06,AWS,RDS,ap-southeast-1,prod-db-cluster-primary,InstanceUsage:db.r5.8xlarge-MultiAZ,20.65,7.68,158.592,1
2026-06-06,Azure,Azure VM,westeurope,vm-api-prod-02,Standard_D4s_v3,19.01,0.192,3.6492,0
2026-06-06,GCP,Cloud SQL,us-central1,gcp-main-postgres-db,db-custom-2-7680,23.31,0.35,8.16,0
2026-06-06,Azure,Azure Storage,westeurope,stappprodlogs001,BlobStorage-GB,711.42,0.02,14.2284,0
2026-06-06,Azure,Azure Storage,westeurope,stbackupdata002,BlobStorage-GB,827.9,0.02,16.558,0
2026-06-06,Azure,Azure Storage,westeurope,stappprodlogs001,BlobStorage-GB,618.18,0.02,12.3636,0
2026-06-06,GCP,Cloud SQL,us-central1,gcp-main-postgres-db,db-custom-2-7680,21.61,0.35,7.565,0
2026-06-06,GCP,Compute Engine,europe-west1,gcp-k8s-worker-1,n2-standard-4,22.06,0.194,4.2798,0
2026-06-06,AWS,EBS,us-east-1,vol-0123456789abcdef0,VolumeUsage.gp3,141.3,0.08,11.3037,0
2026-06-06,AWS,S3,us-east-1,user-media-storage-bucket,StandardStorage-GB,649.92,0.023,14.9482,0
2026-06-06,AWS,EC2,eu-west-1,i-0b7e6d5c4b3a2,BoxUsage:t3.xlarge,23.41,0.1664,3.8958,0
2026-06-06,AWS,EBS,us-west-2,vol-0123456789abcdef0,VolumeUsage.gp3,148.66,0.08,11.8931,0
2026-06-06,AWS,S3,us-west-2,prod-analytics-data-dump,StandardStorage-GB,936.05,0.023,21.5291,0
2026-06-07,GCP,Compute Engine,europe-west1,gcp-k8s-worker-1,n2-standard-4,20.44,0.194,3.965,0
2026-06-07,Azure,Azure Storage,southeastasia,stappprodlogs001,BlobStorage-GB,1104.66,0.02,22.0932,0
2026-06-07,GCP,Cloud SQL,europe-west1,gcp-main-postgres-db,db-custom-2-7680,21.84,0.35,7.6455,0
2026-06-07,GCP,Compute Engine,us-central1,gcp-k8s-worker-2,n2-standard-4,23.42,0.194,4.5426,0
2026-06-07,AWS,Lambda,us-east-1,auth-token-verifier,RequestCount,271311.56,2e-07,0.0543,0
2026-06-07,GCP,Compute Engine,europe-west1,gcp-k8s-worker-1,n2-standard-4,19.58,0.194,3.7977,0
2026-06-07,Azure,Azure VM,eastus,vm-api-prod-02,Standard_D4s_v3,23.64,0.192,4.5386,0
2026-06-07,Azure,Azure VM,southeastasia,vm-web-prod-01,Standard_D4s_v3,19.37,0.192,3.7184,0
2026-06-07,AWS,Lambda,ap-southeast-1,event-processor,RequestCount,190919616.42,2e-07,38.1839,1
2026-06-07,GCP,Cloud SQL,us-central1,gcp-main-postgres-db,db-custom-2-7680,22.19,0.35,7.7682,0
2026-06-07,GCP,Cloud SQL,asia-east1,gcp-main-postgres-db,db-custom-2-7680,21.48,0.35,7.5182,0
2026-06-07,AWS,RDS,ap-southeast-1,analytics-read-replica,InstanceUsage:db.m5.large,23.45,0.38,8.9104,0
2026-06-07,Azure,Azure VM,eastus,vm-api-prod-02,Standard_D4s_v3,23.55,0.192,4.521,0
2026-06-07,GCP,Cloud SQL,europe-west1,gcp-main-postgres-db,db-custom-2-7680,20.36,0.35,7.1275,0
2026-06-07,Azure,Azure VM,westeurope,vm-web-prod-01,Standard_D4s_v3,23.26,0.192,4.465,0
2026-06-08,GCP,Compute Engine,us-central1,gcp-k8s-worker-2,n2-standard-4,22.09,0.194,4.2848,0
2026-06-08,AWS,EC2,us-east-1,i-0d1e2f3a4b5c6,BoxUsage:t3.xlarge,18.36,0.1664,3.0551,0
2026-06-08,GCP,Compute Engine,europe-west1,gcp-k8s-worker-1,n2-standard-4,18.77,0.194,3.6415,0
2026-06-08,Azure,Azure Storage,southeastasia,stbackupdata002,BlobStorage-GB,492.79,0.02,9.8559,0
2026-06-08,GCP,Compute Engine,asia-east1,gcp-k8s-worker-1,n2-standard-4,18.93,0.194,3.6715,0
2026-06-08,GCP,Cloud SQL,us-central1,gcp-main-postgres-db,db-custom-2-7680,21.74,0.35,7.6079,0
2026-06-08,GCP,Cloud SQL,asia-east1,gcp-main-postgres-db,db-custom-2-7680,22.08,0.35,7.7297,0
2026-06-08,Azure,Azure VM,southeastasia,vm-web-prod-01,Standard_D4s_v3,20.74,0.192,3.9824,0
2026-06-08,AWS,EBS,eu-west-1,vol-0fe0d1c2b3a498765,VolumeUsage.gp3,254.17,0.08,20.3335,0
2026-06-08,AWS,EC2,us-west-2,i-0a8f9c1d2e3f4,BoxUsage:t3.xlarge,23.63,0.1664,3.9315,0
2026-06-08,GCP,Compute Engine,asia-east1,gcp-k8s-worker-1,n2-standard-4,19.86,0.194,3.8534,0
2026-06-08,AWS,EC2,eu-west-1,i-0d1e2f3a4b5c6,BoxUsage:t3.xlarge,23.94,0.1664,3.9837,0
2026-06-08,Azure,Azure VM,westeurope,vm-web-prod-01,Standard_D4s_v3,20.13,0.192,3.8658,0
2026-06-08,Azure,Azure Storage,eastus,stappprodlogs001,BlobStorage-GB,1053.4,0.02,21.068,0
2026-06-09,AWS,Lambda,us-east-1,auth-token-verifier,RequestCount,734012.96,2e-07,0.1468,0
2026-06-09,AWS,EC2,eu-west-1,i-0d1e2f3a4b5c6,BoxUsage:t3.xlarge,18.97,0.1664,3.1558,0
2026-06-09,GCP,Compute Engine,europe-west1,gcp-k8s-worker-1,n2-standard-4,19.31,0.194,3.7469,0
2026-06-09,AWS,RDS,us-west-2,prod-db-cluster-primary,InstanceUsage:db.r5.8xlarge-MultiAZ,22.12,7.68,169.8816,1
2026-06-09,Azure,Azure Storage,westeurope,stbackupdata002,BlobStorage-GB,1445.32,0.02,28.9065,0
2026-06-09,AWS,RDS,us-west-2,prod-db-cluster-primary,InstanceUsage:db.r5.8xlarge-MultiAZ,24.46,7.68,187.8528,1
2026-06-09,Azure,Azure VM,southeastasia,vm-web-prod-01,Standard_D4s_v3,23.5,0.192,4.5116,0
2026-06-09,AWS,EC2,us-west-2,i-0d1e2f3a4b5c6,BoxUsage:t3.xlarge,24.1,0.1664,4.011,0
2026-06-09,GCP,Compute Engine,us-central1,gcp-k8s-worker-2,n2-standard-4,17.67,0.194,3.4276,0
2026-06-09,Azure,Azure Storage,southeastasia,stappprodlogs001,BlobStorage-GB,463.28,0.02,9.2656,0
2026-06-09,AWS,EBS,eu-west-1,vol-0123456789abcdef0,VolumeUsage.gp3,409.16,0.08,32.7326,0
2026-06-09,Azure,Azure VM,southeastasia,vm-api-prod-02,Standard_D4s_v3,20.35,0.192,3.9077,0
2026-06-09,AWS,RDS,eu-west-1,prod-db-cluster-primary,InstanceUsage:db.r5.8xlarge-MultiAZ,22.26,7.68,170.9568,1
2026-06-09,GCP,Compute Engine,us-central1,gcp-k8s-worker-1,n2-standard-4,23.45,0.194,4.5494,0
2026-06-10,AWS,EC2,us-west-2,i-0a8f9c1d2e3f4,BoxUsage:t3.xlarge,22.86,0.1664,3.8033,0
2026-06-10,GCP,Cloud SQL,asia-east1,gcp-main-postgres-db,db-custom-2-7680,23.0,0.35,8.0486,0
2026-06-10,GCP,Cloud SQL,europe-west1,gcp-main-postgres-db,db-custom-2-7680,21.88,0.35,7.6597,0
2026-06-10,GCP,Cloud SQL,asia-east1,gcp-main-postgres-db,db-custom-2-7680,22.4,0.35,7.8387,0
2026-06-10,GCP,Cloud SQL,europe-west1,gcp-main-postgres-db,db-custom-2-7680,20.3,0.35,7.1066,0
2026-06-10,AWS,Lambda,ap-southeast-1,event-processor,RequestCount,219915.25,2e-07,0.044,0
2026-06-10,Azure,Azure VM,eastus,vm-web-prod-01,Standard_D4s_v3,18.31,0.192,3.5147,0
2026-06-10,GCP,Compute Engine,us-central1,gcp-k8s-worker-1,n2-standard-4,18.48,0.194,3.5851,0
2026-06-10,GCP,Cloud SQL,europe-west1,gcp-main-postgres-db,db-custom-2-7680,21.03,0.35,7.3601,0
2026-06-10,GCP,Compute Engine,asia-east1,gcp-k8s-worker-1,n2-standard-4,23.76,0.194,4.6102,0
2026-06-10,GCP,Cloud SQL,asia-east1,gcp-main-postgres-db,db-custom-2-7680,22.14,0.35,7.7487,0
2026-06-10,AWS,S3,us-east-1,user-media-storage-bucket,StandardStorage-GB,368.74,0.023,8.4811,0
2026-06-10,GCP,Cloud SQL,us-central1,gcp-main-postgres-db,db-custom-2-7680,21.13,0.35,7.3967,0
2026-06-10,Azure,Azure VM,southeastasia,vm-api-prod-02,Standard_D4s_v3,18.88,0.192,3.6241,0
2026-06-11,AWS,S3,us-east-1,prod-analytics-data-dump,StandardStorage-GB,634.09,0.023,14.5842,0
2026-06-11,GCP,Compute Engine,europe-west1,gcp-k8s-worker-1,n2-standard-4,21.16,0.194,4.1048,0
2026-06-11,AWS,S3,us-west-2,prod-analytics-data-dump,StandardStorage-GB,771.56,0.023,17.746,0
2026-06-11,Azure,Azure Storage,southeastasia,stappprodlogs001,BlobStorage-GB,1195.19,0.02,23.9038,0
2026-06-11,Azure,Azure VM,eastus,vm-web-prod-01,Standard_D4s_v3,24.95,0.192,4.7912,0
2026-06-11,GCP,Cloud SQL,us-central1,gcp-main-postgres-db,db-custom-2-7680,20.56,0.35,7.1974,0
2026-06-11,GCP,Cloud SQL,us-central1,gcp-main-postgres-db,db-custom-2-7680,20.66,0.35,7.2301,0
2026-06-11,AWS,Lambda,us-west-2,event-processor,RequestCount,197941.5,2e-07,0.0396,0
2026-06-11,Azure,Azure Storage,eastus,stbackupdata002,BlobStorage-GB,805.51,0.02,16.1102,0
2026-06-11,AWS,S3,ap-southeast-1,app-logs-archive,StandardStorage-GB,947.75,0.023,21.7983,0
2026-06-11,Azure,Azure VM,westeurope,vm-api-prod-02,Standard_D4s_v3,22.21,0.192,4.264,0
2026-06-11,GCP,Cloud SQL,europe-west1,gcp-main-postgres-db,db-custom-2-7680,21.74,0.35,7.6088,0
2026-06-11,GCP,Compute Engine,us-central1,gcp-k8s-worker-1,n2-standard-4,20.4,0.194,3.9583,0
2026-06-11,Azure,Azure Storage,southeastasia,stbackupdata002,BlobStorage-GB,1003.49,0.02,20.0698,0
2026-06-11,Azure,Azure VM,westeurope,vm-web-prod-01,Standard_D4s_v3,21.06,0.192,4.0442,0
2026-06-12,GCP,Compute Engine,us-central1,gcp-k8s-worker-2,n2-standard-4,19.03,0.194,3.6917,0
2026-06-12,Azure,Azure Storage,southeastasia,stappprodlogs001,BlobStorage-GB,973.0,0.02,19.4601,0
2026-06-12,AWS,EBS,us-east-1,vol-0fe0d1c2b3a498765,VolumeUsage.gp3,216.36,0.08,17.3086,0
2026-06-12,Azure,Azure VM,westeurope,vm-web-prod-01,Standard_D4s_v3,22.49,0.192,4.3172,0
2026-06-12,Azure,Azure VM,southeastasia,vm-api-prod-02,Standard_D4s_v3,23.96,0.192,4.5999,0
2026-06-12,AWS,EC2,us-west-2,i-0a8f9c1d2e3f4,BoxUsage:t3.xlarge,22.01,0.1664,3.6624,0
2026-06-12,AWS,RDS,us-west-2,analytics-read-replica,InstanceUsage:db.m5.large,24.93,0.38,9.473,0
2026-06-12,AWS,S3,us-west-2,prod-analytics-data-dump,StandardStorage-GB,1005.98,0.023,23.1375,0
2026-06-12,Azure,Azure VM,southeastasia,vm-web-prod-01,Standard_D4s_v3,23.26,0.192,4.4657,0
2026-06-12,AWS,EBS,eu-west-1,vol-0fe0d1c2b3a498765,VolumeUsage.gp3,329.0,0.08,26.3197,0
2026-06-12,GCP,Compute Engine,europe-west1,gcp-k8s-worker-2,n2-standard-4,17.78,0.194,3.4487,0
2026-06-12,GCP,Compute Engine,asia-east1,gcp-k8s-worker-1,n2-standard-4,20.97,0.194,4.0676,0
2026-06-12,AWS,RDS,ap-southeast-1,prod-db-cluster-primary,InstanceUsage:db.r5.8xlarge-MultiAZ,22.32,7.68,171.4176,1
2026-06-12,AWS,S3,us-east-1,prod-analytics-data-dump,StandardStorage-GB,1054.08,0.023,24.2438,0
2026-06-13,Azure,Azure VM,westeurope,vm-web-prod-01,Standard_D4s_v3,21.56,0.192,4.1398,0
2026-06-13,GCP,Cloud SQL,europe-west1,gcp-main-postgres-db,db-custom-2-7680,21.79,0.35,7.6268,0
2026-06-13,AWS,S3,eu-west-1,prod-analytics-data-dump,StandardStorage-GB,491.93,0.023,11.3145,0
2026-06-13,Azure,Azure VM,westeurope,vm-api-prod-02,Standard_D4s_v3,20.96,0.192,4.025,0
2026-06-13,GCP,Cloud SQL,europe-west1,gcp-main-postgres-db,db-custom-2-7680,23.53,0.35,8.2349,0
2026-06-13,AWS,RDS,eu-west-1,analytics-read-replica,InstanceUsage:db.m5.large,22.58,0.38,8.5823,0
2026-06-13,AWS,RDS,us-east-1,analytics-read-replica,InstanceUsage:db.m5.large,22.4,0.38,8.5124,0
2026-06-13,Azure,Azure VM,eastus,vm-api-prod-02,Standard_D4s_v3,18.39,0.192,3.5316,0
2026-06-13,AWS,Lambda,eu-west-1,image-resizer-worker,RequestCount,410548.95,2e-07,0.0821,0
2026-06-13,Azure,Azure Storage,westeurope,stappprodlogs001,BlobStorage-GB,482.37,0.02,9.6473,0
2026-06-13,Azure,Azure Storage,eastus,stappprodlogs001,BlobStorage-GB,865.25,0.02,17.305,0
2026-06-13,Azure,Azure VM,southeastasia,vm-api-prod-02,Standard_D4s_v3,17.31,0.192,3.3228,0
2026-06-13,AWS,Lambda,ap-southeast-1,event-processor,RequestCount,556694.52,2e-07,0.1113,0
2026-06-13,Azure,Azure VM,southeastasia,vm-api-prod-02,Standard_D4s_v3,19.87,0.192,3.816,0
2026-06-13,Azure,Azure Storage,westeurope,stbackupdata002,BlobStorage-GB,1274.33,0.02,25.4866,0
2026-06-13,Azure,Azure Storage,eastus,stbackupdata002,BlobStorage-GB,1004.55,0.02,20.0909,0
2026-06-14,GCP,Compute Engine,europe-west1,gcp-k8s-worker-2,n2-standard-4,17.7,0.194,3.4336,0
2026-06-14,GCP,Compute Engine,us-central1,gcp-k8s-worker-1,n2-standard-4,21.23,0.194,4.1186,0
2026-06-14,Azure,Azure VM,eastus,vm-web-prod-01,Standard_D4s_v3,17.53,0.192,3.3658,0
2026-06-14,AWS,EC2,us-west-2,i-0b7e6d5c4b3a2,BoxUsage:t3.xlarge,20.58,0.1664,3.4252,0
2026-06-14,AWS,Lambda,us-west-2,auth-token-verifier,RequestCount,690526.99,2e-07,0.1381,0
2026-06-14,Azure,Azure Storage,southeastasia,stappprodlogs001,BlobStorage-GB,967.56,0.02,19.3512,0
2026-06-14,Azure,Azure VM,eastus,vm-api-prod-02,Standard_D4s_v3,22.31,0.192,4.2835,0
2026-06-14,AWS,EC2,us-west-2,i-0c9d8e7f6a5b4,BoxUsage:t3.xlarge,20.33,0.1664,3.3823,0
2026-06-14,GCP,Compute Engine,europe-west1,gcp-k8s-worker-1,n2-standard-4,18.22,0.194,3.5346,0
2026-06-14,AWS,EBS,ap-southeast-1,vol-0fe0d1c2b3a498765,VolumeUsage.gp3,180.15,0.08,14.4124,0
2026-06-14,GCP,Compute Engine,asia-east1,gcp-k8s-worker-2,n2-standard-4,18.93,0.194,3.673,0
2026-06-14,Azure,Azure Storage,eastus,stappprodlogs001,BlobStorage-GB,1309.45,0.02,26.189,0
2026-06-14,AWS,S3,us-west-2,app-logs-archive,StandardStorage-GB,1033.19,0.023,23.7633,0
2026-06-14,AWS,RDS,us-west-2,analytics-read-replica,InstanceUsage:db.m5.large,21.24,0.38,8.0716,0
2026-06-14,AWS,Lambda,us-west-2,image-resizer-worker,RequestCount,488181.54,2e-07,0.0976,0
2026-06-14,AWS,EBS,us-west-2,vol-0123456789abcdef0,VolumeUsage.gp3,106.01,0.08,8.4811,0
2026-06-15,Azure,Azure Storage,eastus,stbackupdata002,BlobStorage-GB,647.28,0.02,12.9457,0
2026-06-15,Azure,Azure Storage,southeastasia,stbackupdata002,BlobStorage-GB,431.95,0.02,8.639,0
2026-06-15,GCP,Compute Engine,us-central1,gcp-k8s-worker-1,n2-standard-4,19.82,0.194,3.8453,0
2026-06-15,AWS,RDS,ap-southeast-1,prod-db-cluster-primary,InstanceUsage:db.r5.8xlarge-MultiAZ,20.71,7.68,159.0528,1
2026-06-15,Azure,Azure VM,eastus,vm-web-prod-01,Standard_D4s_v3,21.93,0.192,4.2103,0
2026-06-15,Azure,Azure Storage,eastus,stbackupdata002,BlobStorage-GB,592.74,0.02,11.8548,0
2026-06-15,AWS,EC2,ap-southeast-1,i-0d1e2f3a4b5c6,BoxUsage:t3.xlarge,20.41,0.1664,3.3957,0
2026-06-15,GCP,Cloud SQL,europe-west1,gcp-main-postgres-db,db-custom-2-7680,23.16,0.35,8.1069,0
2026-06-15,GCP,Cloud SQL,europe-west1,gcp-main-postgres-db,db-custom-2-7680,20.88,0.35,7.3079,0
2026-06-15,GCP,Compute Engine,us-central1,gcp-k8s-worker-1,n2-standard-4,18.29,0.194,3.5478,0
2026-06-15,GCP,Compute Engine,us-central1,gcp-k8s-worker-1,n2-standard-4,20.26,0.194,3.9307,0
2026-06-15,GCP,Cloud SQL,europe-west1,gcp-main-postgres-db,db-custom-2-7680,19.91,0.35,6.9681,0
2026-06-15,Azure,Azure Storage,southeastasia,stbackupdata002,BlobStorage-GB,1119.01,0.02,22.3801,0
2026-06-15,Azure,Azure Storage,eastus,stbackupdata002,BlobStorage-GB,424.07,0.02,8.4815,0
2026-06-16,Azure,Azure VM,southeastasia,vm-web-prod-01,Standard_D4s_v3,17.52,0.192,3.3633,0
2026-06-16,Azure,Azure Storage,southeastasia,stbackupdata002,BlobStorage-GB,562.98,0.02,11.2596,0
2026-06-16,Azure,Azure Storage,westeurope,stbackupdata002,BlobStorage-GB,1439.79,0.02,28.7958,0
2026-06-16,Azure,Azure VM,eastus,vm-api-prod-02,Standard_D4s_v3,23.38,0.192,4.4892,0
2026-06-16,Azure,Azure VM,eastus,vm-api-prod-02,Standard_D4s_v3,18.68,0.192,3.5864,0
2026-06-16,Azure,Azure VM,westeurope,vm-api-prod-02,Standard_D4s_v3,24.06,0.192,4.6203,0
2026-06-16,Azure,Azure VM,westeurope,vm-api-prod-02,Standard_D4s_v3,18.84,0.192,3.6179,0
2026-06-16,GCP,Cloud SQL,europe-west1,gcp-main-postgres-db,db-custom-2-7680,23.13,0.35,8.0962,0
2026-06-16,Azure,Azure VM,southeastasia,vm-api-prod-02,Standard_D4s_v3,20.59,0.192,3.953,0
2026-06-16,GCP,Cloud SQL,europe-west1,gcp-main-postgres-db,db-custom-2-7680,20.47,0.35,7.1632,0
2026-06-16,AWS,S3,us-west-2,user-media-storage-bucket,StandardStorage-GB,700.52,0.023,16.1119,0
2026-06-16,Azure,Azure VM,southeastasia,vm-web-prod-01,Standard_D4s_v3,23.71,0.192,4.5527,0
2026-06-16,AWS,EC2,us-east-1,i-0a8f9c1d2e3f4,BoxUsage:t3.xlarge,23.03,0.1664,3.8317,0
2026-06-16,Azure,Azure VM,eastus,vm-api-prod-02,Standard_D4s_v3,23.32,0.192,4.4765,0
2026-06-16,AWS,Lambda,eu-west-1,event-processor,RequestCount,454898.01,2e-07,0.091,0
2026-06-16,GCP,Cloud SQL,us-central1,gcp-main-postgres-db,db-custom-2-7680,21.96,0.35,7.6876,0
2026-06-17,GCP,Cloud SQL,us-central1,gcp-main-postgres-db,db-custom-2-7680,21.45,0.35,7.5071,0
2026-06-17,GCP,Compute Engine,asia-east1,gcp-k8s-worker-1,n2-standard-4,23.75,0.194,4.6066,0
2026-06-17,Azure,Azure Storage,westeurope,stbackupdata002,BlobStorage-GB,400.42,0.02,8.0085,0
2026-06-17,GCP,Compute Engine,asia-east1,gcp-k8s-worker-2,n2-standard-4,20.33,0.194,3.9447,0
2026-06-17,AWS,S3,us-west-2,user-media-storage-bucket,StandardStorage-GB,914.14,0.023,21.0251,0
2026-06-17,GCP,Compute Engine,us-central1,gcp-k8s-worker-2,n2-standard-4,21.09,0.194,4.0923,0
2026-06-17,GCP,Compute Engine,europe-west1,gcp-k8s-worker-1,n2-standard-4,19.51,0.194,3.7845,0
2026-06-17,Azure,Azure Storage,eastus,stbackupdata002,BlobStorage-GB,528.88,0.02,10.5777,0
2026-06-17,Azure,Azure Storage,southeastasia,stappprodlogs001,BlobStorage-GB,704.46,0.02,14.0892,0
2026-06-17,GCP,Cloud SQL,us-central1,gcp-main-postgres-db,db-custom-2-7680,19.72,0.35,6.9021,0
2026-06-17,AWS,RDS,us-east-1,analytics-read-replica,InstanceUsage:db.m5.large,21.7,0.38,8.2477,0
2026-06-17,Azure,Azure VM,westeurope,vm-api-prod-02,Standard_D4s_v3,21.56,0.192,4.1387,0
2026-06-17,Azure,Azure Storage,eastus,stappprodlogs001,BlobStorage-GB,1242.31,0.02,24.8462,0
2026-06-17,Azure,Azure VM,westeurope,vm-web-prod-01,Standard_D4s_v3,23.63,0.192,4.5363,0
2026-06-17,Azure,Azure Storage,eastus,stappprodlogs001,BlobStorage-GB,746.76,0.02,14.9353,0
2026-06-17,Azure,Azure Storage,eastus,stappprodlogs001,BlobStorage-GB,544.99,0.02,10.8997,0
2026-06-18,AWS,EC2,us-east-1,i-0c9d8e7f6a5b4,BoxUsage:t3.xlarge,18.98,0.1664,3.1581,0
2026-06-18,GCP,Compute Engine,europe-west1,gcp-k8s-worker-1,n2-standard-4,20.77,0.194,4.0299,0
2026-06-18,AWS,RDS,us-west-2,prod-db-cluster-primary,InstanceUsage:db.r5.8xlarge-MultiAZ,21.14,7.68,162.3552,1
2026-06-18,GCP,Compute Engine,europe-west1,gcp-k8s-worker-2,n2-standard-4,20.87,0.194,4.0492,0
2026-06-18,Azure,Azure VM,southeastasia,vm-web-prod-01,Standard_D4s_v3,19.35,0.192,3.7145,0
2026-06-18,AWS,EBS,us-west-2,vol-0fe0d1c2b3a498765,VolumeUsage.gp3,121.81,0.08,9.7445,0
2026-06-18,GCP,Cloud SQL,us-central1,gcp-main-postgres-db,db-custom-2-7680,22.61,0.35,7.9131,0
2026-06-18,GCP,Compute Engine,us-central1,gcp-k8s-worker-2,n2-standard-4,22.98,0.194,4.4587,0
2026-06-18,AWS,EC2,eu-west-1,i-0c9d8e7f6a5b4,BoxUsage:t3.xlarge,19.35,0.1664,3.2207,0
2026-06-18,GCP,Compute Engine,us-central1,gcp-k8s-worker-1,n2-standard-4,20.44,0.194,3.9654,0
2026-06-18,GCP,Compute Engine,us-central1,gcp-k8s-worker-1,n2-standard-4,19.1,0.194,3.7053,0
2026-06-18,GCP,Cloud SQL,europe-west1,gcp-main-postgres-db,db-custom-2-7680,22.52,0.35,7.8817,0
2026-06-18,Azure,Azure Storage,southeastasia,stbackupdata002,BlobStorage-GB,1431.7,0.02,28.6339,0
2026-06-18,GCP,Cloud SQL,us-central1,gcp-main-postgres-db,db-custom-2-7680,24.2,0.35,8.4715,0
2026-06-19,AWS,Lambda,ap-southeast-1,image-resizer-worker,RequestCount,470377.61,2e-07,0.0941,0
2026-06-19,GCP,Compute Engine,europe-west1,gcp-k8s-worker-1,n2-standard-4,20.65,0.194,4.0069,0
2026-06-19,AWS,RDS,us-west-2,prod-db-cluster-primary,InstanceUsage:db.r5.8xlarge-MultiAZ,22.52,7.68,172.9536,1
2026-06-19,Azure,Azure Storage,westeurope,stbackupdata002,BlobStorage-GB,1181.49,0.02,23.6299,0
2026-06-19,Azure,Azure VM,westeurope,vm-api-prod-02,Standard_D4s_v3,20.91,0.192,4.0154,0
2026-06-19,GCP,Cloud SQL,us-central1,gcp-main-postgres-db,db-custom-2-7680,23.97,0.35,8.3883,0
2026-06-19,AWS,S3,us-west-2,user-media-storage-bucket,StandardStorage-GB,372.39,0.023,8.565,0
2026-06-19,Azure,Azure Storage,westeurope,stbackupdata002,BlobStorage-GB,1013.37,0.02,20.2673,0
2026-06-19,GCP,Cloud SQL,europe-west1,gcp-main-postgres-db,db-custom-2-7680,20.59,0.35,7.2067,0
2026-06-19,GCP,Compute Engine,europe-west1,gcp-k8s-worker-1,n2-standard-4,19.81,0.194,3.843,0
2026-06-19,AWS,Lambda,us-east-1,image-resizer-worker,RequestCount,730195.0,2e-07,0.146,0
2026-06-19,Azure,Azure Storage,eastus,stappprodlogs001,BlobStorage-GB,1474.05,0.02,29.481,0
2026-06-19,Azure,Azure Storage,westeurope,stbackupdata002,BlobStorage-GB,890.97,0.02,17.8193,0
2026-06-19,GCP,Compute Engine,us-central1,gcp-k8s-worker-1,n2-standard-4,20.69,0.194,4.0136,0
2026-06-19,Azure,Azure Storage,westeurope,stbackupdata002,BlobStorage-GB,1059.13,0.02,21.1826,0
2026-06-20,Azure,Azure Storage,eastus,stbackupdata002,BlobStorage-GB,1453.54,0.02,29.0708,0
2026-06-20,GCP,Compute Engine,europe-west1,gcp-k8s-worker-2,n2-standard-4,23.53,0.194,4.5653,0
2026-06-20,Azure,Azure VM,eastus,vm-api-prod-02,Standard_D4s_v3,22.03,0.192,4.2289,0
2026-06-20,Azure,Azure VM,eastus,vm-web-prod-01,Standard_D4s_v3,17.63,0.192,3.3858,0
2026-06-20,GCP,Cloud SQL,us-central1,gcp-main-postgres-db,db-custom-2-7680,22.11,0.35,7.7371,0
2026-06-20,Azure,Azure VM,westeurope,vm-web-prod-01,Standard_D4s_v3,22.12,0.192,4.2465,0
2026-06-20,Azure,Azure Storage,southeastasia,stappprodlogs001,BlobStorage-GB,546.81,0.02,10.9363,0
2026-06-20,AWS,EC2,ap-southeast-1,i-0b7e6d5c4b3a2,BoxUsage:t3.xlarge,24.12,0.1664,4.0133,0
2026-06-20,Azure,Azure Storage,eastus,stappprodlogs001,BlobStorage-GB,406.66,0.02,8.1331,0
2026-06-20,GCP,Compute Engine,us-central1,gcp-k8s-worker-2,n2-standard-4,18.78,0.194,3.644,0
2026-06-20,GCP,Compute Engine,europe-west1,gcp-k8s-worker-2,n2-standard-4,18.18,0.194,3.5274,0
2026-06-20,AWS,S3,us-east-1,prod-analytics-data-dump,StandardStorage-GB,993.76,0.023,22.8565,0
2026-06-20,GCP,Cloud SQL,us-central1,gcp-main-postgres-db,db-custom-2-7680,24.5,0.35,8.5744,0
2026-06-20,AWS,Lambda,us-west-2,image-resizer-worker,RequestCount,623370.34,2e-07,0.1247,0
2026-06-21,Azure,Azure VM,southeastasia,vm-api-prod-02,Standard_D4s_v3,23.64,0.192,4.539,0
2026-06-21,Azure,Azure Storage,southeastasia,stappprodlogs001,BlobStorage-GB,512.71,0.02,10.2542,0
2026-06-21,AWS,RDS,ap-southeast-1,analytics-read-replica,InstanceUsage:db.m5.large,22.99,0.38,8.7358,0
2026-06-21,GCP,Compute Engine,europe-west1,gcp-k8s-worker-2,n2-standard-4,23.6,0.194,4.5792,0
2026-06-21,GCP,Cloud SQL,asia-east1,gcp-main-postgres-db,db-custom-2-7680,20.44,0.35,7.1538,0
2026-06-21,Azure,Azure VM,southeastasia,vm-api-prod-02,Standard_D4s_v3,24.02,0.192,4.6109,0
2026-06-21,AWS,Lambda,us-east-1,auth-token-verifier,RequestCount,436198.05,2e-07,0.0872,0
2026-06-21,AWS,EC2,us-east-1,i-0a8f9c1d2e3f4,BoxUsage:t3.xlarge,21.05,0.1664,3.5027,0
2026-06-21,Azure,Azure Storage,southeastasia,stappprodlogs001,BlobStorage-GB,886.12,0.02,17.7223,0
2026-06-21,Azure,Azure VM,southeastasia,vm-web-prod-01,Standard_D4s_v3,17.99,0.192,3.4536,0
2026-06-21,Azure,Azure VM,southeastasia,vm-api-prod-02,Standard_D4s_v3,21.79,0.192,4.1838,0
2026-06-21,AWS,EC2,eu-west-1,i-0b7e6d5c4b3a2,BoxUsage:t3.xlarge,19.58,0.1664,3.2589,0
2026-06-21,GCP,Cloud SQL,asia-east1,gcp-main-postgres-db,db-custom-2-7680,21.36,0.35,7.4759,0
2026-06-21,Azure,Azure Storage,westeurope,stbackupdata002,BlobStorage-GB,808.47,0.02,16.1694,0
2026-06-21,GCP,Cloud SQL,us-central1,gcp-main-postgres-db,db-custom-2-7680,21.7,0.35,7.5936,0
2026-06-21,AWS,RDS,us-west-2,prod-db-cluster-primary,InstanceUsage:db.r5.8xlarge-MultiAZ,21.53,7.68,165.3504,1
2026-06-22,AWS,RDS,us-west-2,prod-db-cluster-primary,InstanceUsage:db.r5.8xlarge-MultiAZ,21.88,7.68,168.0384,1
2026-06-22,Azure,Azure VM,eastus,vm-web-prod-01,Standard_D4s_v3,20.92,0.192,4.0175,0
2026-06-22,AWS,EC2,ap-southeast-1,i-0a8f9c1d2e3f4,BoxUsage:t3.xlarge,23.05,0.1664,3.8359,0
2026-06-22,GCP,Compute Engine,asia-east1,gcp-k8s-worker-1,n2-standard-4,21.36,0.194,4.1441,0
2026-06-22,AWS,Lambda,us-west-2,auth-token-verifier,RequestCount,155403.55,2e-07,0.0311,0
2026-06-22,GCP,Compute Engine,us-central1,gcp-k8s-worker-2,n2-standard-4,24.2,0.194,4.6942,0
2026-06-22,AWS,Lambda,us-west-2,event-processor,RequestCount,141942.3,2e-07,0.0284,0
2026-06-22,Azure,Azure VM,southeastasia,vm-api-prod-02,Standard_D4s_v3,19.66,0.192,3.774,0
2026-06-22,AWS,RDS,ap-southeast-1,prod-db-cluster-primary,InstanceUsage:db.r5.8xlarge-MultiAZ,21.47,7.68,164.8896,1
2026-06-22,AWS,EC2,us-west-2,i-0a8f9c1d2e3f4,BoxUsage:t3.xlarge,21.63,0.1664,3.5991,0
2026-06-22,GCP,Compute Engine,asia-east1,gcp-k8s-worker-2,n2-standard-4,21.56,0.194,4.1822,0
2026-06-22,GCP,Compute Engine,europe-west1,gcp-k8s-worker-2,n2-standard-4,20.73,0.194,4.0214,0
2026-06-22,Azure,Azure VM,southeastasia,vm-api-prod-02,Standard_D4s_v3,19.81,0.192,3.8042,0
2026-06-22,GCP,Compute Engine,us-central1,gcp-k8s-worker-1,n2-standard-4,22.31,0.194,4.3282,0
2026-06-22,GCP,Cloud SQL,europe-west1,gcp-main-postgres-db,db-custom-2-7680,23.29,0.35,8.1513,0
2026-06-23,AWS,EBS,us-west-2,vol-0fe0d1c2b3a498765,VolumeUsage.gp3,342.62,0.08,27.4095,0
2026-06-23,Azure,Azure Storage,westeurope,stbackupdata002,BlobStorage-GB,984.67,0.02,19.6933,0
2026-06-23,GCP,Compute Engine,europe-west1,gcp-k8s-worker-2,n2-standard-4,18.38,0.194,3.5659,0
2026-06-23,GCP,Cloud SQL,us-central1,gcp-main-postgres-db,db-custom-2-7680,22.67,0.35,7.9355,0
2026-06-23,GCP,Compute Engine,europe-west1,gcp-k8s-worker-1,n2-standard-4,20.64,0.194,4.0048,0
2026-06-23,AWS,EBS,ap-southeast-1,vol-0fe0d1c2b3a498765,VolumeUsage.gp3,269.57,0.08,21.5653,0
2026-06-23,GCP,Compute Engine,europe-west1,gcp-k8s-worker-2,n2-standard-4,20.95,0.194,4.0645,0
2026-06-23,AWS,EC2,us-east-1,i-0c9d8e7f6a5b4,BoxUsage:t3.xlarge,18.69,0.1664,3.1106,0
2026-06-23,Azure,Azure VM,southeastasia,vm-api-prod-02,Standard_D4s_v3,21.25,0.192,4.0809,0
2026-06-23,GCP,Compute Engine,asia-east1,gcp-k8s-worker-1,n2-standard-4,18.25,0.194,3.5412,0
2026-06-23,Azure,Azure VM,eastus,vm-web-prod-01,Standard_D4s_v3,17.94,0.192,3.4454,0
2026-06-23,GCP,Cloud SQL,europe-west1,gcp-main-postgres-db,db-custom-2-7680,23.88,0.35,8.3581,0
2026-06-23,AWS,S3,ap-southeast-1,app-logs-archive,StandardStorage-GB,372.81,0.023,8.5747,0
2026-06-23,Azure,Azure VM,southeastasia,vm-web-prod-01,Standard_D4s_v3,21.72,0.192,4.1712,0
2026-06-23,AWS,Lambda,ap-southeast-1,event-processor,RequestCount,714860.62,2e-07,0.143,0
2026-06-24,GCP,Cloud SQL,us-central1,gcp-main-postgres-db,db-custom-2-7680,22.92,0.35,8.0228,0
2026-06-24,AWS,S3,eu-west-1,app-logs-archive,StandardStorage-GB,316.35,0.023,7.2761,0
2026-06-24,AWS,S3,us-east-1,prod-analytics-data-dump,StandardStorage-GB,790.65,0.023,18.185,0
2026-06-24,Azure,Azure VM,westeurope,vm-api-prod-02,Standard_D4s_v3,19.51,0.192,3.7467,0
2026-06-24,GCP,Compute Engine,europe-west1,gcp-k8s-worker-2,n2-standard-4,21.87,0.194,4.2426,0
2026-06-24,AWS,EBS,eu-west-1,vol-0fe0d1c2b3a498765,VolumeUsage.gp3,230.58,0.08,18.4466,0
2026-06-24,GCP,Cloud SQL,asia-east1,gcp-main-postgres-db,db-custom-2-7680,21.32,0.35,7.4623,0
2026-06-24,GCP,Cloud SQL,us-central1,gcp-main-postgres-db,db-custom-2-7680,21.35,0.35,7.4739,0
2026-06-24,Azure,Azure Storage,westeurope,stappprodlogs001,BlobStorage-GB,1075.47,0.02,21.5093,0
2026-06-24,Azure,Azure VM,eastus,vm-web-prod-01,Standard_D4s_v3,20.95,0.192,4.022,0
2026-06-24,AWS,RDS,us-east-1,prod-db-cluster-primary,InstanceUsage:db.r5.8xlarge-MultiAZ,21.55,7.68,165.504,1
2026-06-24,Azure,Azure VM,eastus,vm-api-prod-02,Standard_D4s_v3,21.52,0.192,4.1314,0
2026-06-24,Azure,Azure Storage,westeurope,stappprodlogs001,BlobStorage-GB,972.62,0.02,19.4525,0
2026-06-24,Azure,Azure Storage,eastus,stbackupdata002,BlobStorage-GB,762.79,0.02,15.2557,0
2026-06-24,GCP,Cloud SQL,asia-east1,gcp-main-postgres-db,db-custom-2-7680,22.17,0.35,7.7604,0
2026-06-25,Azure,Azure VM,westeurope,vm-api-prod-02,Standard_D4s_v3,23.02,0.192,4.4199,0
2026-06-25,GCP,Cloud SQL,asia-east1,gcp-main-postgres-db,db-custom-2-7680,23.32,0.35,8.1616,0
2026-06-25,AWS,RDS,us-west-2,analytics-read-replica,InstanceUsage:db.m5.large,23.04,0.38,8.7561,0
2026-06-25,GCP,Cloud SQL,asia-east1,gcp-main-postgres-db,db-custom-2-7680,22.22,0.35,7.7774,0
2026-06-25,Azure,Azure VM,westeurope,vm-api-prod-02,Standard_D4s_v3,21.86,0.192,4.1971,0
2026-06-25,Azure,Azure Storage,southeastasia,stbackupdata002,BlobStorage-GB,696.29,0.02,13.9259,0
2026-06-25,GCP,Cloud SQL,us-central1,gcp-main-postgres-db,db-custom-2-7680,22.02,0.35,7.7079,0
2026-06-25,Azure,Azure VM,southeastasia,vm-api-prod-02,Standard_D4s_v3,21.56,0.192,4.1397,0
2026-06-25,Azure,Azure Storage,eastus,stbackupdata002,BlobStorage-GB,1473.51,0.02,29.4702,0
2026-06-25,AWS,Lambda,ap-southeast-1,auth-token-verifier,RequestCount,290283.35,2e-07,0.0581,0
2026-06-25,AWS,Lambda,us-west-2,auth-token-verifier,RequestCount,781982.17,2e-07,0.1564,0
2026-06-25,Azure,Azure VM,eastus,vm-web-prod-01,Standard_D4s_v3,21.09,0.192,4.0502,0
2026-06-25,Azure,Azure Storage,eastus,stappprodlogs001,BlobStorage-GB,598.56,0.02,11.9711,0
2026-06-25,AWS,RDS,eu-west-1,analytics-read-replica,InstanceUsage:db.m5.large,24.88,0.38,9.453,0
2026-06-26,GCP,Cloud SQL,us-central1,gcp-main-postgres-db,db-custom-2-7680,21.69,0.35,7.5908,0
2026-06-26,AWS,Lambda,eu-west-1,event-processor,RequestCount,591381.15,2e-07,0.1183,0
2026-06-26,GCP,Compute Engine,europe-west1,gcp-k8s-worker-1,n2-standard-4,20.83,0.194,4.0414,0
2026-06-26,GCP,Compute Engine,europe-west1,gcp-k8s-worker-2,n2-standard-4,17.57,0.194,3.4083,0
2026-06-26,GCP,Cloud SQL,us-central1,gcp-main-postgres-db,db-custom-2-7680,19.41,0.35,6.7934,0
2026-06-26,Azure,Azure VM,eastus,vm-web-prod-01,Standard_D4s_v3,17.71,0.192,3.4011,0
2026-06-26,GCP,Compute Engine,asia-east1,gcp-k8s-worker-1,n2-standard-4,22.06,0.194,4.28,0
2026-06-26,GCP,Cloud SQL,us-central1,gcp-main-postgres-db,db-custom-2-7680,23.44,0.35,8.2031,0
2026-06-26,GCP,Compute Engine,asia-east1,gcp-k8s-worker-2,n2-standard-4,19.73,0.194,3.827,0
2026-06-26,AWS,RDS,eu-west-1,prod-db-cluster-primary,InstanceUsage:db.r5.8xlarge-MultiAZ,21.91,7.68,168.2688,1
2026-06-26,GCP,Cloud SQL,asia-east1,gcp-main-postgres-db,db-custom-2-7680,22.37,0.35,7.8298,0
2026-06-26,GCP,Compute Engine,asia-east1,gcp-k8s-worker-2,n2-standard-4,20.54,0.194,3.9838,0
2026-06-26,AWS,EC2,ap-southeast-1,i-0d1e2f3a4b5c6,BoxUsage:t3.xlarge,20.13,0.1664,3.3499,0
2026-06-26,AWS,EC2,ap-southeast-1,i-0b7e6d5c4b3a2,BoxUsage:t3.xlarge,20.5,0.1664,3.4116,0
2026-06-27,GCP,Cloud SQL,europe-west1,gcp-main-postgres-db,db-custom-2-7680,21.64,0.35,7.5745,0
2026-06-27,GCP,Compute Engine,europe-west1,gcp-k8s-worker-2,n2-standard-4,22.54,0.194,4.3728,0
2026-06-27,AWS,RDS,ap-southeast-1,analytics-read-replica,InstanceUsage:db.m5.large,24.37,0.38,9.2616,0
2026-06-27,Azure,Azure Storage,westeurope,stappprodlogs001,BlobStorage-GB,1443.61,0.02,28.8722,0
2026-06-27,Azure,Azure VM,southeastasia,vm-web-prod-01,Standard_D4s_v3,19.87,0.192,3.816,0
2026-06-27,GCP,Compute Engine,asia-east1,gcp-k8s-worker-1,n2-standard-4,19.11,0.194,3.7071,0
2026-06-27,GCP,Cloud SQL,asia-east1,gcp-main-postgres-db,db-custom-2-7680,23.51,0.35,8.2269,0
2026-06-27,GCP,Compute Engine,asia-east1,gcp-k8s-worker-2,n2-standard-4,19.77,0.194,3.836,0
2026-06-27,AWS,RDS,us-east-1,prod-db-cluster-primary,InstanceUsage:db.r5.8xlarge-MultiAZ,22.08,7.68,169.5744,1
2026-06-27,AWS,RDS,ap-southeast-1,prod-db-cluster-primary,InstanceUsage:db.r5.8xlarge-MultiAZ,23.94,7.68,183.8592,1
2026-06-27,Azure,Azure VM,southeastasia,vm-api-prod-02,Standard_D4s_v3,22.76,0.192,4.3707,0
2026-06-27,Azure,Azure VM,westeurope,vm-api-prod-02,Standard_D4s_v3,19.03,0.192,3.6547,0
2026-06-27,AWS,EC2,us-west-2,i-0b7e6d5c4b3a2,BoxUsage:t3.xlarge,22.11,0.1664,3.6786,0
2026-06-27,Azure,Azure Storage,eastus,stappprodlogs001,BlobStorage-GB,1305.96,0.02,26.1193,0
2026-06-28,AWS,EC2,us-west-2,i-0c9d8e7f6a5b4,BoxUsage:t3.xlarge,20.24,0.1664,3.3673,0
2026-06-28,AWS,RDS,eu-west-1,prod-db-cluster-primary,InstanceUsage:db.r5.8xlarge-MultiAZ,23.29,7.68,178.8672,1
2026-06-28,Azure,Azure Storage,westeurope,stbackupdata002,BlobStorage-GB,609.9,0.02,12.1981,0
2026-06-28,AWS,S3,us-east-1,prod-analytics-data-dump,StandardStorage-GB,528.3,0.023,12.151,0
2026-06-28,Azure,Azure Storage,westeurope,stappprodlogs001,BlobStorage-GB,1297.14,0.02,25.9428,0
2026-06-28,Azure,Azure VM,eastus,vm-web-prod-01,Standard_D4s_v3,20.86,0.192,4.0049,0
2026-06-28,GCP,Compute Engine,europe-west1,gcp-k8s-worker-2,n2-standard-4,22.15,0.194,4.2979,0
2026-06-28,Azure,Azure VM,eastus,vm-web-prod-01,Standard_D4s_v3,22.9,0.192,4.3961,0
2026-06-28,GCP,Compute Engine,us-central1,gcp-k8s-worker-2,n2-standard-4,21.0,0.194,4.0749,0
2026-06-28,AWS,RDS,eu-west-1,prod-db-cluster-primary,InstanceUsage:db.r5.8xlarge-MultiAZ,23.36,7.68,179.4048,1
2026-06-28,AWS,EBS,eu-west-1,vol-0123456789abcdef0,VolumeUsage.gp3,274.17,0.08,21.9334,0
2026-06-28,Azure,Azure VM,eastus,vm-api-prod-02,Standard_D4s_v3,20.0,0.192,3.8408,0
2026-06-28,Azure,Azure Storage,eastus,stappprodlogs001,BlobStorage-GB,1093.44,0.02,21.8688,0
2026-06-28,AWS,EBS,eu-west-1,vol-0123456789abcdef0,VolumeUsage.gp3,313.1,0.08,25.0482,0
2026-06-28,AWS,S3,us-west-2,user-media-storage-bucket,StandardStorage-GB,1036.37,0.023,23.8366,0
2026-06-29,AWS,EBS,us-west-2,vol-0123456789abcdef0,VolumeUsage.gp3,417.25,0.08,33.3802,0
2026-06-29,AWS,RDS,ap-southeast-1,analytics-read-replica,InstanceUsage:db.m5.large,22.26,0.38,8.4589,0
2026-06-29,AWS,EC2,eu-west-1,i-0a8f9c1d2e3f4,BoxUsage:t3.xlarge,22.1,0.1664,3.678,0
2026-06-29,AWS,EBS,eu-west-1,vol-0fe0d1c2b3a498765,VolumeUsage.gp3,278.13,0.08,22.2507,0
2026-06-29,Azure,Azure VM,eastus,vm-api-prod-02,Standard_D4s_v3,22.66,0.192,4.3508,0
2026-06-29,AWS,S3,ap-southeast-1,app-logs-archive,StandardStorage-GB,999.95,0.023,22.9989,0
2026-06-29,Azure,Azure Storage,westeurope,stappprodlogs001,BlobStorage-GB,431.47,0.02,8.6295,0
2026-06-29,Azure,Azure Storage,southeastasia,stappprodlogs001,BlobStorage-GB,785.88,0.02,15.7176,0
2026-06-29,AWS,RDS,us-west-2,analytics-read-replica,InstanceUsage:db.m5.large,21.82,0.38,8.2927,0
2026-06-29,AWS,EC2,us-west-2,i-0d1e2f3a4b5c6,BoxUsage:t3.xlarge,20.49,0.1664,3.4098,0
2026-06-29,GCP,Compute Engine,asia-east1,gcp-k8s-worker-2,n2-standard-4,19.6,0.194,3.8023,0
2026-06-29,AWS,S3,us-east-1,user-media-storage-bucket,StandardStorage-GB,432.02,0.023,9.9364,0
2026-06-29,Azure,Azure VM,westeurope,vm-api-prod-02,Standard_D4s_v3,23.79,0.192,4.5669,0
2026-06-29,AWS,Lambda,us-west-2,event-processor,RequestCount,532030.83,2e-07,0.1064,0
2026-06-29,GCP,Cloud SQL,europe-west1,gcp-main-postgres-db,db-custom-2-7680,21.82,0.35,7.6363,0
2026-06-29,Azure,Azure Storage,eastus,stbackupdata002,BlobStorage-GB,877.26,0.02,17.5452,0
2026-06-30,AWS,EC2,us-east-1,i-0a8f9c1d2e3f4,BoxUsage:t3.xlarge,19.28,0.1664,3.2076,0
2026-06-30,Azure,Azure Storage,westeurope,stbackupdata002,BlobStorage-GB,859.99,0.02,17.1998,0
2026-06-30,Azure,Azure VM,eastus,vm-web-prod-01,Standard_D4s_v3,22.38,0.192,4.2967,0
2026-06-30,GCP,Cloud SQL,us-central1,gcp-main-postgres-db,db-custom-2-7680,19.84,0.35,6.944,0
2026-06-30,GCP,Compute Engine,us-central1,gcp-k8s-worker-2,n2-standard-4,23.38,0.194,4.5354,0
2026-06-30,GCP,Compute Engine,europe-west1,gcp-k8s-worker-2,n2-standard-4,21.73,0.194,4.2163,0
2026-06-30,Azure,Azure VM,westeurope,vm-api-prod-02,Standard_D4s_v3,22.13,0.192,4.2495,0
2026-06-30,GCP,Compute Engine,asia-east1,gcp-k8s-worker-2,n2-standard-4,19.99,0.194,3.8779,0
2026-06-30,AWS,EC2,us-west-2,i-0b7e6d5c4b3a2,BoxUsage:t3.xlarge,19.79,0.1664,3.2938,0
2026-06-30,Azure,Azure VM,eastus,vm-web-prod-01,Standard_D4s_v3,18.81,0.192,3.6123,0
2026-06-30,GCP,Cloud SQL,us-central1,gcp-main-postgres-db,db-custom-2-7680,19.48,0.35,6.8179,0
2026-06-30,AWS,EBS,us-east-1,vol-0fe0d1c2b3a498765,VolumeUsage.gp3,507.96,0.08,40.637,0
2026-06-30,GCP,Compute Engine,europe-west1,gcp-k8s-worker-1,n2-standard-4,19.56,0.194,3.7938,0
2026-06-30,GCP,Compute Engine,asia-east1,gcp-k8s-worker-1,n2-standard-4,23.69,0.194,4.596,0
2026-07-01,GCP,Cloud SQL,us-central1,gcp-main-postgres-db,db-custom-2-7680,21.64,0.35,7.5727,0
2026-07-01,Azure,Azure Storage,westeurope,stbackupdata002,BlobStorage-GB,999.0,0.02,19.98,0
2026-07-01,GCP,Cloud SQL,us-central1,gcp-main-postgres-db,db-custom-2-7680,20.05,0.35,7.0192,0
2026-07-01,Azure,Azure VM,westeurope,vm-web-prod-01,Standard_D4s_v3,18.49,0.192,3.5495,0
2026-07-01,Azure,Azure Storage,eastus,stbackupdata002,BlobStorage-GB,601.64,0.02,12.0328,0
2026-07-01,GCP,Compute Engine,us-central1,gcp-k8s-worker-2,n2-standard-4,22.79,0.194,4.4206,0
2026-07-01,Azure,Azure Storage,westeurope,stbackupdata002,BlobStorage-GB,589.01,0.02,11.7801,0
2026-07-01,AWS,EC2,us-east-1,i-0c9d8e7f6a5b4,BoxUsage:t3.xlarge,21.22,0.1664,3.5312,0
2026-07-01,GCP,Cloud SQL,asia-east1,gcp-main-postgres-db,db-custom-2-7680,22.23,0.35,7.7819,0
2026-07-01,Azure,Azure VM,westeurope,vm-web-prod-01,Standard_D4s_v3,19.83,0.192,3.808,0
2026-07-01,Azure,Azure Storage,southeastasia,stappprodlogs001,BlobStorage-GB,1415.63,0.02,28.3126,0
2026-07-01,AWS,EBS,eu-west-1,vol-0fe0d1c2b3a498765,VolumeUsage.gp3,146.07,0.08,11.6859,0
2026-07-01,GCP,Compute Engine,asia-east1,gcp-k8s-worker-2,n2-standard-4,23.28,0.194,4.5162,0
2026-07-01,Azure,Azure Storage,westeurope,stappprodlogs001,BlobStorage-GB,656.41,0.02,13.1281,0
2026-07-01,Azure,Azure Storage,westeurope,stbackupdata002,BlobStorage-GB,1318.02,0.02,26.3605,0
2026-07-01,GCP,Compute Engine,us-central1,gcp-k8s-worker-2,n2-standard-4,23.02,0.194,4.4649,0
2026-07-02,AWS,Lambda,us-east-1,image-resizer-worker,RequestCount,523310.91,2e-07,0.1047,0
2026-07-02,AWS,S3,ap-southeast-1,user-media-storage-bucket,StandardStorage-GB,1044.13,0.023,24.015,0
2026-07-02,GCP,Cloud SQL,europe-west1,gcp-main-postgres-db,db-custom-2-7680,20.19,0.35,7.0673,0
2026-07-02,AWS,EC2,ap-southeast-1,i-0a8f9c1d2e3f4,BoxUsage:t3.xlarge,21.24,0.1664,3.5337,0
2026-07-02,Azure,Azure Storage,westeurope,stappprodlogs001,BlobStorage-GB,1011.66,0.02,20.2332,0
2026-07-02,Azure,Azure VM,eastus,vm-api-prod-02,Standard_D4s_v3,21.09,0.192,4.0487,0
2026-07-02,Azure,Azure VM,westeurope,vm-web-prod-01,Standard_D4s_v3,22.72,0.192,4.362,0
2026-07-02,GCP,Cloud SQL,asia-east1,gcp-main-postgres-db,db-custom-2-7680,23.77,0.35,8.3204,0
2026-07-02,Azure,Azure VM,westeurope,vm-api-prod-02,Standard_D4s_v3,22.12,0.192,4.2465,0
2026-07-02,AWS,EBS,us-west-2,vol-0fe0d1c2b3a498765,VolumeUsage.gp3,292.47,0.08,23.3978,0
2026-07-02,Azure,Azure VM,southeastasia,vm-web-prod-01,Standard_D4s_v3,18.4,0.192,3.5329,0
2026-07-02,Azure,Azure VM,westeurope,vm-web-prod-01,Standard_D4s_v3,17.83,0.192,3.4233,0
2026-07-02,Azure,Azure VM,southeastasia,vm-web-prod-01,Standard_D4s_v3,23.15,0.192,4.4447,0
2026-07-02,GCP,Compute Engine,europe-west1,gcp-k8s-worker-1,n2-standard-4,21.21,0.194,4.1142,0
2026-07-02,AWS,EC2,us-east-1,i-0d1e2f3a4b5c6,BoxUsage:t3.xlarge,22.78,0.1664,3.7914,0
2026-07-02,GCP,Compute Engine,asia-east1,gcp-k8s-worker-1,n2-standard-4,19.98,0.194,3.8752,0
2026-07-03,GCP,Compute Engine,asia-east1,gcp-k8s-worker-1,n2-standard-4,19.48,0.194,3.78,0
2026-07-03,GCP,Cloud SQL,europe-west1,gcp-main-postgres-db,db-custom-2-7680,21.66,0.35,7.5816,0
2026-07-03,Azure,Azure Storage,westeurope,stappprodlogs001,BlobStorage-GB,1340.14,0.02,26.8027,0
2026-07-03,GCP,Compute Engine,europe-west1,gcp-k8s-worker-1,n2-standard-4,22.53,0.194,4.3703,0
2026-07-03,Azure,Azure VM,westeurope,vm-api-prod-02,Standard_D4s_v3,18.6,0.192,3.5721,0
2026-07-03,GCP,Compute Engine,asia-east1,gcp-k8s-worker-1,n2-standard-4,18.53,0.194,3.5957,0
2026-07-03,Azure,Azure VM,southeastasia,vm-web-prod-01,Standard_D4s_v3,19.58,0.192,3.76,0
2026-07-03,GCP,Compute Engine,us-central1,gcp-k8s-worker-2,n2-standard-4,22.26,0.194,4.3191,0
2026-07-03,AWS,Lambda,us-east-1,auth-token-verifier,RequestCount,155569.51,2e-07,0.0311,0
2026-07-03,AWS,S3,us-east-1,user-media-storage-bucket,StandardStorage-GB,523.79,0.023,12.0471,0
2026-07-03,AWS,EC2,ap-southeast-1,i-0a8f9c1d2e3f4,BoxUsage:t3.xlarge,20.55,0.1664,3.419,0
2026-07-03,GCP,Compute Engine,europe-west1,gcp-k8s-worker-1,n2-standard-4,21.33,0.194,4.1386,0
2026-07-03,Azure,Azure VM,eastus,vm-web-prod-01,Standard_D4s_v3,21.55,0.192,4.1379,0
2026-07-03,GCP,Cloud SQL,europe-west1,gcp-main-postgres-db,db-custom-2-7680,21.97,0.35,7.6907,0
2026-07-04,GCP,Cloud SQL,us-central1,gcp-main-postgres-db,db-custom-2-7680,20.18,0.35,7.0613,0
2026-07-04,AWS,EC2,us-east-1,i-0c9d8e7f6a5b4,BoxUsage:t3.xlarge,19.09,0.1664,3.1757,0
2026-07-04,GCP,Compute Engine,us-central1,gcp-k8s-worker-1,n2-standard-4,20.21,0.194,3.9199,0
2026-07-04,GCP,Cloud SQL,us-central1,gcp-main-postgres-db,db-custom-2-7680,22.22,0.35,7.7772,0
2026-07-04,AWS,S3,eu-west-1,prod-analytics-data-dump,StandardStorage-GB,898.37,0.023,20.6624,0
2026-07-04,Azure,Azure VM,eastus,vm-api-prod-02,Standard_D4s_v3,22.39,0.192,4.2995,0
2026-07-04,AWS,S3,ap-southeast-1,prod-analytics-data-dump,StandardStorage-GB,1135.49,0.023,26.1162,0
2026-07-04,Azure,Azure VM,southeastasia,vm-api-prod-02,Standard_D4s_v3,20.33,0.192,3.9038,0
2026-07-04,GCP,Compute Engine,asia-east1,gcp-k8s-worker-1,n2-standard-4,21.05,0.194,4.0842,0
2026-07-04,GCP,Cloud SQL,us-central1,gcp-main-postgres-db,db-custom-2-7680,22.55,0.35,7.8935,0
2026-07-04,GCP,Cloud SQL,asia-east1,gcp-main-postgres-db,db-custom-2-7680,22.07,0.35,7.7239,0
2026-07-04,GCP,Cloud SQL,asia-east1,gcp-main-postgres-db,db-custom-2-7680,23.38,0.35,8.1834,0
2026-07-04,AWS,EC2,us-west-2,i-0a8f9c1d2e3f4,BoxUsage:t3.xlarge,24.07,0.1664,4.0058,0
2026-07-04,AWS,EBS,eu-west-1,vol-0fe0d1c2b3a498765,VolumeUsage.gp3,189.9,0.08,15.192,0
2026-07-04,GCP,Cloud SQL,us-central1,gcp-main-postgres-db,db-custom-2-7680,20.57,0.35,7.1987,0
2026-07-04,AWS,RDS,us-east-1,analytics-read-replica,InstanceUsage:db.m5.large,20.66,0.38,7.8504,0
2026-07-05,Azure,Azure VM,eastus,vm-api-prod-02,Standard_D4s_v3,19.0,0.192,3.6483,0
2026-07-05,GCP,Compute Engine,asia-east1,gcp-k8s-worker-1,n2-standard-4,19.01,0.194,3.6888,0
2026-07-05,Azure,Azure VM,westeurope,vm-web-prod-01,Standard_D4s_v3,19.52,0.192,3.7478,0
2026-07-05,GCP,Compute Engine,asia-east1,gcp-k8s-worker-1,n2-standard-4,23.68,0.194,4.5948,0
2026-07-05,AWS,EBS,eu-west-1,vol-0123456789abcdef0,VolumeUsage.gp3,439.34,0.08,35.1471,0
2026-07-05,Azure,Azure VM,eastus,vm-api-prod-02,Standard_D4s_v3,19.47,0.192,3.7387,0
2026-07-05,Azure,Azure Storage,southeastasia,stbackupdata002,BlobStorage-GB,890.42,0.02,17.8085,0
2026-07-05,AWS,EBS,us-west-2,vol-0123456789abcdef0,VolumeUsage.gp3,342.16,0.08,27.3726,0
2026-07-05,GCP,Compute Engine,asia-east1,gcp-k8s-worker-1,n2-standard-4,19.45,0.194,3.7731,0
2026-07-05,GCP,Compute Engine,europe-west1,gcp-k8s-worker-2,n2-standard-4,24.38,0.194,4.73,0
2026-07-05,AWS,EBS,us-east-1,vol-0123456789abcdef0,VolumeUsage.gp3,281.81,0.08,22.545,0
2026-07-05,Azure,Azure VM,southeastasia,vm-api-prod-02,Standard_D4s_v3,18.61,0.192,3.5732,0
2026-07-05,AWS,EBS,ap-southeast-1,vol-0123456789abcdef0,VolumeUsage.gp3,487.84,0.08,39.0275,0
2026-07-05,AWS,EC2,us-west-2,i-0c9d8e7f6a5b4,BoxUsage:t3.xlarge,20.54,0.1664,3.4173,0
2026-07-06,Azure,Azure Storage,eastus,stbackupdata002,BlobStorage-GB,619.22,0.02,12.3844,0
2026-07-06,Azure,Azure VM,eastus,vm-web-prod-01,Standard_D4s_v3,23.1,0.192,4.4356,0
2026-07-06,GCP,Cloud SQL,asia-east1,gcp-main-postgres-db,db-custom-2-7680,20.19,0.35,7.0665,0
2026-07-06,GCP,Compute Engine,europe-west1,gcp-k8s-worker-1,n2-standard-4,18.07,0.194,3.5051,0
2026-07-06,Azure,Azure Storage,westeurope,stbackupdata002,BlobStorage-GB,393.61,0.02,7.8721,0
2026-07-06,Azure,Azure Storage,westeurope,stappprodlogs001,BlobStorage-GB,816.01,0.02,16.3203,0
2026-07-06,Azure,Azure Storage,southeastasia,stbackupdata002,BlobStorage-GB,961.56,0.02,19.2311,0
2026-07-06,GCP,Compute Engine,us-central1,gcp-k8s-worker-1,n2-standard-4,23.24,0.194,4.5091,0
2026-07-06,AWS,RDS,us-east-1,analytics-read-replica,InstanceUsage:db.m5.large,21.19,0.38,8.0503,0
2026-07-06,Azure,Azure Storage,westeurope,stappprodlogs001,BlobStorage-GB,724.5,0.02,14.49,0
2026-07-06,Azure,Azure Storage,westeurope,stappprodlogs001,BlobStorage-GB,658.78,0.02,13.1757,0
2026-07-06,GCP,Cloud SQL,europe-west1,gcp-main-postgres-db,db-custom-2-7680,22.95,0.35,8.0317,0
2026-07-06,Azure,Azure Storage,eastus,stbackupdata002,BlobStorage-GB,678.18,0.02,13.5636,0
2026-07-06,GCP,Cloud SQL,asia-east1,gcp-main-postgres-db,db-custom-2-7680,24.51,0.35,8.5787,0
2026-07-06,Azure,Azure VM,southeastasia,vm-api-prod-02,Standard_D4s_v3,19.96,0.192,3.8322,0
2026-07-06,GCP,Compute Engine,us-central1,gcp-k8s-worker-2,n2-standard-4,23.08,0.194,4.4775,0
2026-07-07,Azure,Azure VM,southeastasia,vm-api-prod-02,Standard_D4s_v3,20.81,0.192,3.9956,0
2026-07-07,GCP,Compute Engine,us-central1,gcp-k8s-worker-2,n2-standard-4,21.87,0.194,4.2424,0
2026-07-07,AWS,Lambda,ap-southeast-1,event-processor,RequestCount,348989.99,2e-07,0.0698,0
2026-07-07,AWS,EC2,us-east-1,i-0a8f9c1d2e3f4,BoxUsage:t3.xlarge,23.41,0.1664,3.8958,0
2026-07-07,GCP,Compute Engine,asia-east1,gcp-k8s-worker-2,n2-standard-4,19.2,0.194,3.7254,0
2026-07-07,GCP,Cloud SQL,asia-east1,gcp-main-postgres-db,db-custom-2-7680,22.82,0.35,7.9857,0
2026-07-07,Azure,Azure Storage,southeastasia,stappprodlogs001,BlobStorage-GB,1277.24,0.02,25.5448,0
2026-07-07,Azure,Azure VM,southeastasia,vm-api-prod-02,Standard_D4s_v3,21.99,0.192,4.223,0
2026-07-07,GCP,Compute Engine,europe-west1,gcp-k8s-worker-2,n2-standard-4,19.61,0.194,3.8044,0
2026-07-07,GCP,Cloud SQL,us-central1,gcp-main-postgres-db,db-custom-2-7680,20.96,0.35,7.3369,0
2026-07-07,GCP,Compute Engine,europe-west1,gcp-k8s-worker-2,n2-standard-4,19.15,0.194,3.7144,0
2026-07-07,Azure,Azure Storage,eastus,stbackupdata002,BlobStorage-GB,1248.17,0.02,24.9633,0
2026-07-07,Azure,Azure Storage,southeastasia,stbackupdata002,BlobStorage-GB,440.54,0.02,8.8109,0
2026-07-07,Azure,Azure VM,eastus,vm-api-prod-02,Standard_D4s_v3,23.21,0.192,4.4566,0
2026-07-07,GCP,Cloud SQL,us-central1,gcp-main-postgres-db,db-custom-2-7680,21.89,0.35,7.6613,0
2026-07-07,AWS,RDS,us-east-1,prod-db-cluster-primary,InstanceUsage:db.r5.8xlarge-MultiAZ,22.98,7.68,176.4864,1
2026-07-08,Azure,Azure Storage,southeastasia,stbackupdata002,BlobStorage-GB,1164.24,0.02,23.2848,0
2026-07-08,Azure,Azure VM,westeurope,vm-web-prod-01,Standard_D4s_v3,18.93,0.192,3.6345,0
2026-07-08,Azure,Azure Storage,westeurope,stbackupdata002,BlobStorage-GB,493.3,0.02,9.866,0
2026-07-08,GCP,Cloud SQL,europe-west1,gcp-main-postgres-db,db-custom-2-7680,20.32,0.35,7.1132,0
2026-07-08,Azure,Azure Storage,eastus,stappprodlogs001,BlobStorage-GB,920.65,0.02,18.4131,0
2026-07-08,GCP,Cloud SQL,us-central1,gcp-main-postgres-db,db-custom-2-7680,23.26,0.35,8.1424,0
2026-07-08,AWS,EBS,ap-southeast-1,vol-0fe0d1c2b3a498765,VolumeUsage.gp3,205.9,0.08,16.4723,0
2026-07-08,AWS,S3,ap-southeast-1,user-media-storage-bucket,StandardStorage-GB,643.26,0.023,14.795,0
2026-07-08,Azure,Azure Storage,westeurope,stbackupdata002,BlobStorage-GB,585.26,0.02,11.7052,0
2026-07-08,AWS,Lambda,us-west-2,auth-token-verifier,RequestCount,705838.09,2e-07,0.1412,0
2026-07-08,GCP,Cloud SQL,us-central1,gcp-main-postgres-db,db-custom-2-7680,23.42,0.35,8.1953,0
2026-07-08,AWS,EC2,us-east-1,i-0b7e6d5c4b3a2,BoxUsage:t3.xlarge,18.93,0.1664,3.1503,0
2026-07-08,GCP,Cloud SQL,europe-west1,gcp-main-postgres-db,db-custom-2-7680,23.49,0.35,8.2225,0
2026-07-08,AWS,Lambda,us-west-2,image-resizer-worker,RequestCount,305988.31,2e-07,0.0612,0
2026-07-08,AWS,Lambda,us-west-2,image-resizer-worker,RequestCount,403465.52,2e-07,0.0807,0
2026-07-09,Azure,Azure VM,southeastasia,vm-api-prod-02,Standard_D4s_v3,22.22,0.192,4.2667,0
2026-07-09,GCP,Compute Engine,asia-east1,gcp-k8s-worker-2,n2-standard-4,21.98,0.194,4.2637,0
2026-07-09,Azure,Azure Storage,westeurope,stbackupdata002,BlobStorage-GB,966.96,0.02,19.3393,0
2026-07-09,AWS,EBS,ap-southeast-1,vol-0fe0d1c2b3a498765,VolumeUsage.gp3,359.51,0.08,28.7606,0
2026-07-09,Azure,Azure VM,westeurope,vm-api-prod-02,Standard_D4s_v3,20.66,0.192,3.9675,0
2026-07-09,GCP,Cloud SQL,europe-west1,gcp-main-postgres-db,db-custom-2-7680,20.69,0.35,7.2432,0
2026-07-09,GCP,Cloud SQL,europe-west1,gcp-main-postgres-db,db-custom-2-7680,19.54,0.35,6.8389,0
2026-07-09,GCP,Compute Engine,us-central1,gcp-k8s-worker-2,n2-standard-4,21.54,0.194,4.1786,0
2026-07-09,GCP,Compute Engine,us-central1,gcp-k8s-worker-1,n2-standard-4,23.12,0.194,4.4845,0
2026-07-09,AWS,S3,us-west-2,user-media-storage-bucket,StandardStorage-GB,654.7,0.023,15.0581,0
2026-07-09,GCP,Cloud SQL,asia-east1,gcp-main-postgres-db,db-custom-2-7680,21.12,0.35,7.3923,0
2026-07-09,Azure,Azure VM,eastus,vm-api-prod-02,Standard_D4s_v3,21.98,0.192,4.2202,0
2026-07-09,AWS,EBS,eu-west-1,vol-0123456789abcdef0,VolumeUsage.gp3,413.19,0.08,33.055,0
2026-07-09,GCP,Compute Engine,us-central1,gcp-k8s-worker-1,n2-standard-4,23.06,0.194,4.4728,0
2026-07-10,Azure,Azure VM,westeurope,vm-api-prod-02,Standard_D4s_v3,22.71,0.192,4.36,0
2026-07-10,Azure,Azure VM,southeastasia,vm-web-prod-01,Standard_D4s_v3,17.79,0.192,3.4155,0
2026-07-10,Azure,Azure Storage,westeurope,stappprodlogs001,BlobStorage-GB,653.47,0.02,13.0693,0
2026-07-10,Azure,Azure VM,southeastasia,vm-api-prod-02,Standard_D4s_v3,21.35,0.192,4.0995,0
2026-07-10,AWS,S3,us-west-2,app-logs-archive,StandardStorage-GB,712.67,0.023,16.3913,0
2026-07-10,AWS,EC2,us-west-2,i-0c9d8e7f6a5b4,BoxUsage:t3.xlarge,21.16,0.1664,3.5208,0
2026-07-10,Azure,Azure VM,westeurope,vm-api-prod-02,Standard_D4s_v3,19.41,0.192,3.7265,0
2026-07-10,AWS,RDS,us-west-2,analytics-read-replica,InstanceUsage:db.m5.large,22.99,0.38,8.735,0
2026-07-10,Azure,Azure Storage,eastus,stbackupdata002,BlobStorage-GB,928.44,0.02,18.5689,0
2026-07-10,Azure,Azure VM,westeurope,vm-web-prod-01,Standard_D4s_v3,18.51,0.192,3.553,0
2026-07-10,GCP,Compute Engine,asia-east1,gcp-k8s-worker-2,n2-standard-4,18.39,0.194,3.5684,0
2026-07-10,Azure,Azure Storage,westeurope,stappprodlogs001,BlobStorage-GB,772.37,0.02,15.4473,0
2026-07-10,AWS,S3,us-east-1,app-logs-archive,StandardStorage-GB,471.88,0.023,10.8533,0
2026-07-10,GCP,Cloud SQL,us-central1,gcp-main-postgres-db,db-custom-2-7680,20.39,0.35,7.1369,0
2026-07-10,AWS,S3,us-east-1,user-media-storage-bucket,StandardStorage-GB,725.45,0.023,16.6853,0
2026-07-11,GCP,Cloud SQL,europe-west1,gcp-main-postgres-db,db-custom-2-7680,22.36,0.35,7.8275,0
2026-07-11,GCP,Compute Engine,us-central1,gcp-k8s-worker-2,n2-standard-4,20.26,0.194,3.9302,0
2026-07-11,Azure,Azure Storage,eastus,stbackupdata002,BlobStorage-GB,848.58,0.02,16.9716,0
2026-07-11,AWS,EC2,us-east-1,i-0c9d8e7f6a5b4,BoxUsage:t3.xlarge,18.74,0.1664,3.1184,0
2026-07-11,AWS,S3,us-east-1,user-media-storage-bucket,StandardStorage-GB,1078.67,0.023,24.8094,0
2026-07-11,AWS,RDS,us-east-1,prod-db-cluster-primary,InstanceUsage:db.r5.8xlarge-MultiAZ,20.97,7.68,161.0496,1
2026-07-11,GCP,Compute Engine,us-central1,gcp-k8s-worker-1,n2-standard-4,20.36,0.194,3.9502,0
2026-07-11,Azure,Azure Storage,southeastasia,stappprodlogs001,BlobStorage-GB,1527.09,0.02,30.5418,0
2026-07-11,GCP,Compute Engine,europe-west1,gcp-k8s-worker-2,n2-standard-4,18.42,0.194,3.5728,0
2026-07-11,GCP,Compute Engine,asia-east1,gcp-k8s-worker-1,n2-standard-4,23.49,0.194,4.5577,0
2026-07-11,GCP,Compute Engine,us-central1,gcp-k8s-worker-1,n2-standard-4,20.39,0.194,3.9559,0
2026-07-11,AWS,Lambda,ap-southeast-1,image-resizer-worker,RequestCount,610214.16,2e-07,0.122,0
2026-07-11,GCP,Compute Engine,us-central1,gcp-k8s-worker-2,n2-standard-4,20.59,0.194,3.9954,0
2026-07-11,GCP,Cloud SQL,europe-west1,gcp-main-postgres-db,db-custom-2-7680,23.29,0.35,8.1523,0
2026-07-11,GCP,Compute Engine,europe-west1,gcp-k8s-worker-1,n2-standard-4,18.82,0.194,3.6514,0
2026-07-12,Azure,Azure VM,eastus,vm-web-prod-01,Standard_D4s_v3,21.78,0.192,4.1822,0
2026-07-12,GCP,Cloud SQL,europe-west1,gcp-main-postgres-db,db-custom-2-7680,22.99,0.35,8.0457,0
2026-07-12,Azure,Azure VM,southeastasia,vm-web-prod-01,Standard_D4s_v3,18.06,0.192,3.4676,0
2026-07-12,Azure,Azure VM,southeastasia,vm-api-prod-02,Standard_D4s_v3,22.8,0.192,4.3776,0
2026-07-12,AWS,RDS,ap-southeast-1,prod-db-cluster-primary,InstanceUsage:db.r5.8xlarge-MultiAZ,23.16,7.68,177.8688,1
2026-07-12,GCP,Compute Engine,asia-east1,gcp-k8s-worker-1,n2-standard-4,18.19,0.194,3.5297,0
2026-07-12,GCP,Cloud SQL,us-central1,gcp-main-postgres-db,db-custom-2-7680,23.5,0.35,8.2249,0
2026-07-12,GCP,Cloud SQL,europe-west1,gcp-main-postgres-db,db-custom-2-7680,19.83,0.35,6.9403,0
2026-07-12,GCP,Compute Engine,europe-west1,gcp-k8s-worker-1,n2-standard-4,20.51,0.194,3.9784,0
2026-07-12,AWS,S3,us-east-1,app-logs-archive,StandardStorage-GB,1014.66,0.023,23.3371,0
2026-07-12,AWS,EBS,us-east-1,vol-0123456789abcdef0,VolumeUsage.gp3,265.63,0.08,21.2505,0
2026-07-12,AWS,RDS,eu-west-1,analytics-read-replica,InstanceUsage:db.m5.large,20.6,0.38,7.8278,0
2026-07-12,GCP,Cloud SQL,asia-east1,gcp-main-postgres-db,db-custom-2-7680,21.83,0.35,7.642,0
2026-07-12,AWS,EBS,us-east-1,vol-0123456789abcdef0,VolumeUsage.gp3,257.15,0.08,20.5724,0
2026-07-12,AWS,EBS,us-west-2,vol-0123456789abcdef0,VolumeUsage.gp3,352.28,0.08,28.1821,0
2026-07-13,GCP,Compute Engine,us-central1,gcp-k8s-worker-1,n2-standard-4,18.51,0.194,3.5912,0
2026-07-13,GCP,Cloud SQL,asia-east1,gcp-main-postgres-db,db-custom-2-7680,22.62,0.35,7.9161,0
2026-07-13,GCP,Compute Engine,asia-east1,gcp-k8s-worker-2,n2-standard-4,17.65,0.194,3.4245,0
2026-07-13,Azure,Azure VM,eastus,vm-web-prod-01,Standard_D4s_v3,24.46,0.192,4.6958,0
2026-07-13,GCP,Compute Engine,us-central1,gcp-k8s-worker-1,n2-standard-4,21.27,0.194,4.1271,0
2026-07-13,AWS,S3,ap-southeast-1,app-logs-archive,StandardStorage-GB,758.58,0.023,17.4474,0
2026-07-13,AWS,EC2,ap-southeast-1,i-0c9d8e7f6a5b4,BoxUsage:t3.xlarge,21.44,0.1664,3.5682,0
2026-07-13,GCP,Cloud SQL,europe-west1,gcp-main-postgres-db,db-custom-2-7680,23.73,0.35,8.3046,0
2026-07-13,Azure,Azure VM,southeastasia,vm-web-prod-01,Standard_D4s_v3,18.73,0.192,3.5954,0
2026-07-13,Azure,Azure Storage,westeurope,stbackupdata002,BlobStorage-GB,1174.28,0.02,23.4856,0
2026-07-13,AWS,RDS,us-east-1,analytics-read-replica,InstanceUsage:db.m5.large,23.93,0.38,9.0946,0
2026-07-13,Azure,Azure VM,westeurope,vm-web-prod-01,Standard_D4s_v3,18.8,0.192,3.6096,0
2026-07-13,Azure,Azure VM,southeastasia,vm-web-prod-01,Standard_D4s_v3,24.53,0.192,4.71,0
2026-07-13,AWS,RDS,eu-west-1,prod-db-cluster-primary,InstanceUsage:db.r5.8xlarge-MultiAZ,24.33,7.68,186.8544,1
2026-07-13,GCP,Cloud SQL,europe-west1,gcp-main-postgres-db,db-custom-2-7680,23.28,0.35,8.1468,0
2026-07-14,AWS,EBS,us-west-2,vol-0123456789abcdef0,VolumeUsage.gp3,192.44,0.08,15.3949,0
2026-07-14,Azure,Azure VM,eastus,vm-api-prod-02,Standard_D4s_v3,19.62,0.192,3.7671,0
2026-07-14,Azure,Azure Storage,southeastasia,stbackupdata002,BlobStorage-GB,735.89,0.02,14.7177,0
2026-07-14,Azure,Azure Storage,westeurope,stappprodlogs001,BlobStorage-GB,906.14,0.02,18.1229,0
2026-07-14,Azure,Azure Storage,southeastasia,stbackupdata002,BlobStorage-GB,963.18,0.02,19.2635,0
2026-07-14,Azure,Azure Storage,westeurope,stbackupdata002,BlobStorage-GB,1187.81,0.02,23.7561,0
2026-07-14,GCP,Compute Engine,us-central1,gcp-k8s-worker-1,n2-standard-4,23.19,0.194,4.4997,0
2026-07-14,GCP,Cloud SQL,asia-east1,gcp-main-postgres-db,db-custom-2-7680,24.17,0.35,8.4609,0
2026-07-14,Azure,Azure Storage,southeastasia,stbackupdata002,BlobStorage-GB,1296.0,0.02,25.92,0
2026-07-14,Azure,Azure VM,eastus,vm-api-prod-02,Standard_D4s_v3,21.61,0.192,4.1482,0
2026-07-14,GCP,Cloud SQL,europe-west1,gcp-main-postgres-db,db-custom-2-7680,23.28,0.35,8.1487,0
2026-07-14,Azure,Azure VM,southeastasia,vm-web-prod-01,Standard_D4s_v3,22.35,0.192,4.292,0
2026-07-14,Azure,Azure Storage,southeastasia,stappprodlogs001,BlobStorage-GB,1414.0,0.02,28.2801,0
2026-07-14,GCP,Cloud SQL,europe-west1,gcp-main-postgres-db,db-custom-2-7680,22.93,0.35,8.0244,0
2026-07-14,GCP,Cloud SQL,asia-east1,gcp-main-postgres-db,db-custom-2-7680,23.06,0.35,8.0702,0
2026-07-14,GCP,Compute Engine,asia-east1,gcp-k8s-worker-1,n2-standard-4,20.54,0.194,3.9849,0
2026-07-15,Azure,Azure VM,eastus,vm-api-prod-02,Standard_D4s_v3,23.08,0.192,4.4309,0
2026-07-15,AWS,EBS,us-east-1,vol-0fe0d1c2b3a498765,VolumeUsage.gp3,100.18,0.08,8.0147,0
2026-07-15,AWS,EBS,eu-west-1,vol-0fe0d1c2b3a498765,VolumeUsage.gp3,345.65,0.08,27.6518,0
2026-07-15,GCP,Compute Engine,europe-west1,gcp-k8s-worker-1,n2-standard-4,20.69,0.194,4.0143,0
2026-07-15,AWS,S3,eu-west-1,prod-analytics-data-dump,StandardStorage-GB,404.56,0.023,9.3049,0
2026-07-15,AWS,EC2,us-east-1,i-0c9d8e7f6a5b4,BoxUsage:t3.xlarge,21.78,0.1664,3.6236,0
2026-07-15,AWS,RDS,us-west-2,prod-db-cluster-primary,InstanceUsage:db.r5.8xlarge-MultiAZ,23.1,7.68,177.408,1
2026-07-15,AWS,RDS,ap-southeast-1,analytics-read-replica,InstanceUsage:db.m5.large,23.92,0.38,9.0882,0
2026-07-15,GCP,Cloud SQL,europe-west1,gcp-main-postgres-db,db-custom-2-7680,22.32,0.35,7.8108,0
2026-07-15,GCP,Cloud SQL,us-central1,gcp-main-postgres-db,db-custom-2-7680,22.59,0.35,7.9049,0
2026-07-15,Azure,Azure Storage,westeurope,stappprodlogs001,BlobStorage-GB,1399.9,0.02,27.998,0
2026-07-15,GCP,Cloud SQL,asia-east1,gcp-main-postgres-db,db-custom-2-7680,23.84,0.35,8.3432,0
2026-07-15,GCP,Compute Engine,asia-east1,gcp-k8s-worker-2,n2-standard-4,20.21,0.194,3.9208,0
2026-07-15,AWS,Lambda,ap-southeast-1,image-resizer-worker,RequestCount,653870.33,2e-07,0.1308,0
2026-07-15,Azure,Azure Storage,westeurope,stbackupdata002,BlobStorage-GB,472.35,0.02,9.4469,0
2026-07-16,GCP,Cloud SQL,europe-west1,gcp-main-postgres-db,db-custom-2-7680,22.04,0.35,7.7154,0
2026-07-16,AWS,RDS,us-west-2,prod-db-cluster-primary,InstanceUsage:db.r5.8xlarge-MultiAZ,21.23,7.68,163.0464,1
2026-07-16,AWS,S3,eu-west-1,user-media-storage-bucket,StandardStorage-GB,378.92,0.023,8.7151,0
2026-07-16,GCP,Compute Engine,asia-east1,gcp-k8s-worker-1,n2-standard-4,20.48,0.194,3.9731,0
2026-07-16,AWS,Lambda,eu-west-1,auth-token-verifier,RequestCount,588712.89,2e-07,0.1177,0
2026-07-16,GCP,Cloud SQL,us-central1,gcp-main-postgres-db,db-custom-2-7680,22.86,0.35,7.9994,0
2026-07-16,AWS,S3,ap-southeast-1,prod-analytics-data-dump,StandardStorage-GB,656.04,0.023,15.0889,0
2026-07-16,GCP,Cloud SQL,europe-west1,gcp-main-postgres-db,db-custom-2-7680,23.62,0.35,8.2653,0
2026-07-16,GCP,Compute Engine,asia-east1,gcp-k8s-worker-2,n2-standard-4,21.69,0.194,4.2081,0
2026-07-16,GCP,Compute Engine,asia-east1,gcp-k8s-worker-2,n2-standard-4,20.94,0.194,4.0621,0
2026-07-16,Azure,Azure VM,westeurope,vm-api-prod-02,Standard_D4s_v3,20.79,0.192,3.9917,0
2026-07-16,Azure,Azure Storage,southeastasia,stappprodlogs001,BlobStorage-GB,902.63,0.02,18.0526,0
2026-07-16,GCP,Compute Engine,europe-west1,gcp-k8s-worker-1,n2-standard-4,21.55,0.194,4.1815,0
2026-07-16,Azure,Azure Storage,westeurope,stbackupdata002,BlobStorage-GB,1347.62,0.02,26.9524,0
2026-07-16,AWS,RDS,eu-west-1,prod-db-cluster-primary,InstanceUsage:db.r5.8xlarge-MultiAZ,23.03,7.68,176.8704,1
2026-07-17,AWS,S3,eu-west-1,user-media-storage-bucket,StandardStorage-GB,584.93,0.023,13.4533,0
2026-07-17,GCP,Cloud SQL,europe-west1,gcp-main-postgres-db,db-custom-2-7680,22.06,0.35,7.7217,0
2026-07-17,GCP,Cloud SQL,europe-west1,gcp-main-postgres-db,db-custom-2-7680,21.2,0.35,7.4203,0
2026-07-17,GCP,Cloud SQL,europe-west1,gcp-main-postgres-db,db-custom-2-7680,20.1,0.35,7.0345,0
2026-07-17,GCP,Cloud SQL,us-central1,gcp-main-postgres-db,db-custom-2-7680,21.12,0.35,7.3925,0
2026-07-17,Azure,Azure VM,southeastasia,vm-web-prod-01,Standard_D4s_v3,23.27,0.192,4.4688,0
2026-07-17,Azure,Azure Storage,westeurope,stappprodlogs001,BlobStorage-GB,1257.39,0.02,25.1478,0
2026-07-17,AWS,EC2,us-east-1,i-0a8f9c1d2e3f4,BoxUsage:t3.xlarge,18.43,0.1664,3.0663,0
2026-07-17,GCP,Compute Engine,europe-west1,gcp-k8s-worker-2,n2-standard-4,24.14,0.194,4.683,0
2026-07-17,GCP,Compute Engine,us-central1,gcp-k8s-worker-1,n2-standard-4,22.44,0.194,4.3536,0
2026-07-17,GCP,Cloud SQL,asia-east1,gcp-main-postgres-db,db-custom-2-7680,21.14,0.35,7.4005,0
2026-07-17,Azure,Azure VM,southeastasia,vm-api-prod-02,Standard_D4s_v3,19.85,0.192,3.812,0
2026-07-17,AWS,Lambda,us-east-1,image-resizer-worker,RequestCount,335696.64,2e-07,0.0671,0
2026-07-17,Azure,Azure Storage,westeurope,stbackupdata002,BlobStorage-GB,802.39,0.02,16.0478,0
2026-07-17,AWS,EBS,us-west-2,vol-0fe0d1c2b3a498765,VolumeUsage.gp3,364.31,0.08,29.1447,0
2026-07-17,Azure,Azure VM,westeurope,vm-web-prod-01,Standard_D4s_v3,20.09,0.192,3.8567,0
2026-07-18,GCP,Cloud SQL,europe-west1,gcp-main-postgres-db,db-custom-2-7680,22.38,0.35,7.8316,0
2026-07-18,GCP,Compute Engine,us-central1,gcp-k8s-worker-2,n2-standard-4,22.07,0.194,4.2821,0
2026-07-18,GCP,Compute Engine,asia-east1,gcp-k8s-worker-2,n2-standard-4,19.08,0.194,3.7016,0
2026-07-18,Azure,Azure Storage,southeastasia,stappprodlogs001,BlobStorage-GB,931.44,0.02,18.6288,0
2026-07-18,AWS,EC2,us-east-1,i-0d1e2f3a4b5c6,BoxUsage:t3.xlarge,23.49,0.1664,3.9088,0
2026-07-18,Azure,Azure VM,eastus,vm-web-prod-01,Standard_D4s_v3,21.0,0.192,4.0321,0
2026-07-18,GCP,Cloud SQL,us-central1,gcp-main-postgres-db,db-custom-2-7680,21.17,0.35,7.4112,0
2026-07-18,AWS,Lambda,ap-southeast-1,auth-token-verifier,RequestCount,363825.6,2e-07,0.0728,0
2026-07-18,GCP,Compute Engine,europe-west1,gcp-k8s-worker-1,n2-standard-4,21.8,0.194,4.2284,0
2026-07-18,GCP,Cloud SQL,asia-east1,gcp-main-postgres-db,db-custom-2-7680,23.58,0.35,8.2536,0
2026-07-18,AWS,RDS,ap-southeast-1,analytics-read-replica,InstanceUsage:db.m5.large,21.62,0.38,8.2155,0
2026-07-18,AWS,S3,eu-west-1,user-media-storage-bucket,StandardStorage-GB,287.16,0.023,6.6046,0
2026-07-18,GCP,Cloud SQL,asia-east1,gcp-main-postgres-db,db-custom-2-7680,22.9,0.35,8.0161,0
2026-07-18,GCP,Compute Engine,asia-east1,gcp-k8s-worker-2,n2-standard-4,19.71,0.194,3.8231,0
2026-07-18,GCP,Cloud SQL,europe-west1,gcp-main-postgres-db,db-custom-2-7680,23.01,0.35,8.0529,0
2026-07-18,GCP,Cloud SQL,us-central1,gcp-main-postgres-db,db-custom-2-7680,21.52,0.35,7.5332,0
2026-07-19,AWS,EBS,ap-southeast-1,vol-0123456789abcdef0,VolumeUsage.gp3,450.71,0.08,36.057,0
2026-07-19,Azure,Azure VM,westeurope,vm-web-prod-01,Standard_D4s_v3,21.88,0.192,4.2004,0
2026-07-19,AWS,S3,us-west-2,prod-analytics-data-dump,StandardStorage-GB,983.14,0.023,22.6123,0
2026-07-19,GCP,Compute Engine,us-central1,gcp-k8s-worker-2,n2-standard-4,20.74,0.194,4.0238,0
2026-07-19,Azure,Azure VM,southeastasia,vm-api-prod-02,Standard_D4s_v3,23.88,0.192,4.5849,0
2026-07-19,AWS,EBS,us-west-2,vol-0fe0d1c2b3a498765,VolumeUsage.gp3,181.08,0.08,14.486,0
2026-07-19,AWS,RDS,ap-southeast-1,analytics-read-replica,InstanceUsage:db.m5.large,21.47,0.38,8.1583,0
2026-07-19,GCP,Compute Engine,asia-east1,gcp-k8s-worker-1,n2-standard-4,23.9,0.194,4.6361,0
2026-07-19,Azure,Azure Storage,southeastasia,stbackupdata002,BlobStorage-GB,914.15,0.02,18.283,0
2026-07-19,GCP,Compute Engine,europe-west1,gcp-k8s-worker-2,n2-standard-4,24.09,0.194,4.6729,0
2026-07-19,GCP,Cloud SQL,europe-west1,gcp-main-postgres-db,db-custom-2-7680,21.55,0.35,7.5432,0
2026-07-19,Azure,Azure VM,eastus,vm-web-prod-01,Standard_D4s_v3,17.88,0.192,3.4324,0
2026-07-19,GCP,Compute Engine,europe-west1,gcp-k8s-worker-1,n2-standard-4,23.16,0.194,4.4928,0
2026-07-19,GCP,Cloud SQL,us-central1,gcp-main-postgres-db,db-custom-2-7680,19.48,0.35,6.8172,0
2026-07-19,AWS,RDS,us-east-1,prod-db-cluster-primary,InstanceUsage:db.r5.8xlarge-MultiAZ,23.62,7.68,181.4016,1
2026-07-20,AWS,EC2,us-west-2,i-0d1e2f3a4b5c6,BoxUsage:t3.xlarge,18.45,0.1664,3.0706,0
2026-07-20,AWS,EC2,us-east-1,i-0a8f9c1d2e3f4,DataTransfer-Out-Bytes,22402.4,0.09,2016.216,1
2026-07-20,Azure,Azure VM,southeastasia,vm-api-prod-02,Standard_D4s_v3,18.33,0.192,3.5201,0
2026-07-20,Azure,Azure Storage,eastus,stbackupdata002,BlobStorage-GB,399.66,0.02,7.9932,0
2026-07-20,Azure,Azure Storage,westeurope,stappprodlogs001,BlobStorage-GB,1429.87,0.02,28.5975,0
2026-07-20,Azure,Azure Storage,westeurope,stbackupdata002,BlobStorage-GB,454.12,0.02,9.0824,0
2026-07-20,Azure,Azure VM,eastus,vm-web-prod-01,Standard_D4s_v3,21.85,0.192,4.1946,0
2026-07-20,Azure,Azure VM,eastus,vm-web-prod-01,Standard_D4s_v3,20.89,0.192,4.0102,0
2026-07-20,Azure,Azure Storage,southeastasia,stappprodlogs001,BlobStorage-GB,608.37,0.02,12.1674,0
2026-07-20,Azure,Azure Storage,eastus,stbackupdata002,BlobStorage-GB,1407.35,0.02,28.1469,0
2026-07-20,GCP,Compute Engine,asia-east1,gcp-k8s-worker-1,n2-standard-4,21.6,0.194,4.1909,0
2026-07-20,GCP,Compute Engine,asia-east1,gcp-k8s-worker-2,n2-standard-4,18.32,0.194,3.5532,0
2026-07-20,GCP,Cloud SQL,us-central1,gcp-main-postgres-db,db-custom-2-7680,21.42,0.35,7.4979,0
2026-07-20,Azure,Azure VM,eastus,vm-web-prod-01,Standard_D4s_v3,23.21,0.192,4.4558,0
2026-07-20,Azure,Azure VM,eastus,vm-api-prod-02,Standard_D4s_v3,21.72,0.192,4.1693,0
2026-07-20,Azure,Azure Storage,westeurope,stbackupdata002,BlobStorage-GB,1067.28,0.02,21.3457,0
2026-07-21,AWS,EC2,us-east-1,i-0a8f9c1d2e3f4,DataTransfer-Out-Bytes,21544.44,0.09,1938.9996,1
2026-07-21,GCP,Compute Engine,asia-east1,gcp-k8s-worker-2,n2-standard-4,19.8,0.194,3.8411,0
2026-07-21,Azure,Azure VM,eastus,vm-web-prod-01,Standard_D4s_v3,20.14,0.192,3.8664,0
2026-07-21,AWS,Lambda,us-east-1,event-processor,RequestCount,592837.12,2e-07,0.1186,0
2026-07-21,AWS,RDS,us-west-2,analytics-read-replica,InstanceUsage:db.m5.large,22.35,0.38,8.4918,0
2026-07-21,Azure,Azure VM,eastus,vm-web-prod-01,Standard_D4s_v3,21.61,0.192,4.1486,0
2026-07-21,GCP,Cloud SQL,europe-west1,gcp-main-postgres-db,db-custom-2-7680,21.14,0.35,7.3991,0
2026-07-21,AWS,RDS,us-east-1,analytics-read-replica,InstanceUsage:db.m5.large,21.87,0.38,8.3121,0
2026-07-21,GCP,Compute Engine,asia-east1,gcp-k8s-worker-2,n2-standard-4,21.28,0.194,4.128,0
2026-07-21,AWS,RDS,us-west-2,prod-db-cluster-primary,InstanceUsage:db.r5.8xlarge-MultiAZ,22.44,7.68,172.3392,1
2026-07-21,Azure,Azure Storage,westeurope,stappprodlogs001,BlobStorage-GB,1004.04,0.02,20.0809,0
2026-07-21,Azure,Azure Storage,southeastasia,stbackupdata002,BlobStorage-GB,1244.4,0.02,24.888,0
2026-07-21,Azure,Azure VM,eastus,vm-web-prod-01,Standard_D4s_v3,23.72,0.192,4.5541,0
2026-07-21,AWS,RDS,ap-southeast-1,prod-db-cluster-primary,InstanceUsage:db.r5.8xlarge-MultiAZ,21.73,7.68,166.8864,1
2026-07-21,AWS,RDS,us-east-1,prod-db-cluster-primary,InstanceUsage:db.r5.8xlarge-MultiAZ,21.69,7.68,166.5792,1
2026-07-22,GCP,Cloud SQL,us-central1,gcp-main-postgres-db,db-custom-2-7680,22.84,0.35,7.9933,0
2026-07-22,AWS,EC2,us-east-1,i-0a8f9c1d2e3f4,DataTransfer-Out-Bytes,34969.03,0.09,3147.2127,1
2026-07-22,Azure,Azure Storage,westeurope,stbackupdata002,BlobStorage-GB,1353.05,0.02,27.061,0
2026-07-22,Azure,Azure VM,eastus,vm-web-prod-01,Standard_D4s_v3,18.89,0.192,3.6276,0
2026-07-22,Azure,Azure Storage,southeastasia,stappprodlogs001,BlobStorage-GB,1345.48,0.02,26.9097,0
2026-07-22,Azure,Azure Storage,eastus,stappprodlogs001,BlobStorage-GB,803.77,0.02,16.0755,0
2026-07-22,GCP,Compute Engine,asia-east1,gcp-k8s-worker-2,n2-standard-4,19.15,0.194,3.7152,0
2026-07-22,GCP,Compute Engine,asia-east1,gcp-k8s-worker-2,n2-standard-4,19.43,0.194,3.7703,0
2026-07-22,AWS,EBS,eu-west-1,vol-0123456789abcdef0,VolumeUsage.gp3,158.06,0.08,12.6445,0
2026-07-22,Azure,Azure VM,eastus,vm-web-prod-01,Standard_D4s_v3,20.07,0.192,3.8536,0
2026-07-22,GCP,Cloud SQL,us-central1,gcp-main-postgres-db,db-custom-2-7680,22.73,0.35,7.9545,0
2026-07-22,GCP,Cloud SQL,asia-east1,gcp-main-postgres-db,db-custom-2-7680,23.35,0.35,8.1717,0
2026-07-22,AWS,EBS,us-west-2,vol-0123456789abcdef0,VolumeUsage.gp3,132.43,0.08,10.594,0
2026-07-22,GCP,Compute Engine,europe-west1,gcp-k8s-worker-1,n2-standard-4,24.06,0.194,4.6679,0
2026-07-22,Azure,Azure VM,westeurope,vm-api-prod-02,Standard_D4s_v3,19.54,0.192,3.751,0
2026-07-22,AWS,EC2,ap-southeast-1,i-0c9d8e7f6a5b4,BoxUsage:t3.xlarge,21.49,0.1664,3.5755,0
2026-07-22,GCP,Cloud SQL,us-central1,gcp-main-postgres-db,db-custom-2-7680,20.15,0.35,7.0526,0
2026-07-23,GCP,Cloud SQL,asia-east1,gcp-main-postgres-db,db-custom-2-7680,21.78,0.35,7.6216,0
2026-07-23,Azure,Azure Storage,westeurope,stappprodlogs001,BlobStorage-GB,1196.21,0.02,23.9243,0
2026-07-23,GCP,Cloud SQL,us-central1,gcp-main-postgres-db,db-custom-2-7680,24.45,0.35,8.557,0
2026-07-23,AWS,Lambda,us-east-1,auth-token-verifier,RequestCount,483585.09,2e-07,0.0967,0
2026-07-23,Azure,Azure VM,westeurope,vm-api-prod-02,Standard_D4s_v3,22.85,0.192,4.3875,0
2026-07-23,GCP,Cloud SQL,europe-west1,gcp-main-postgres-db,db-custom-2-7680,23.21,0.35,8.125,0
2026-07-23,AWS,EC2,us-east-1,i-0a8f9c1d2e3f4,DataTransfer-Out-Bytes,24071.69,0.09,2166.4521,1
2026-07-23,Azure,Azure Storage,westeurope,stbackupdata002,BlobStorage-GB,568.53,0.02,11.3705,0
2026-07-23,Azure,Azure Storage,westeurope,stbackupdata002,BlobStorage-GB,812.12,0.02,16.2424,0
2026-07-23,AWS,EC2,us-east-1,i-0a8f9c1d2e3f4,BoxUsage:t3.xlarge,21.93,0.1664,3.6493,0
2026-07-23,GCP,Cloud SQL,asia-east1,gcp-main-postgres-db,db-custom-2-7680,23.01,0.35,8.0533,0
2026-07-23,Azure,Azure VM,westeurope,vm-web-prod-01,Standard_D4s_v3,21.31,0.192,4.0914,0
2026-07-23,AWS,EBS,us-east-1,vol-0fe0d1c2b3a498765,VolumeUsage.gp3,263.89,0.08,21.1114,0
2026-07-23,Azure,Azure VM,eastus,vm-api-prod-02,Standard_D4s_v3,21.46,0.192,4.1202,0
2026-07-23,GCP,Cloud SQL,asia-east1,gcp-main-postgres-db,db-custom-2-7680,22.25,0.35,7.7883,0
2026-07-23,AWS,EC2,eu-west-1,i-0c9d8e7f6a5b4,BoxUsage:t3.xlarge,24.22,0.1664,4.03,0
2026-07-24,Azure,Azure Storage,southeastasia,stbackupdata002,BlobStorage-GB,416.4,0.02,8.3281,0
2026-07-24,Azure,Azure VM,westeurope,vm-api-prod-02,Standard_D4s_v3,22.75,0.192,4.3687,0
2026-07-24,AWS,EBS,us-east-1,vol-0fe0d1c2b3a498765,VolumeUsage.gp3,197.92,0.08,15.8333,0
2026-07-24,GCP,Compute Engine,europe-west1,gcp-k8s-worker-1,n2-standard-4,21.1,0.194,4.0942,0
2026-07-24,Azure,Azure VM,eastus,vm-web-prod-01,Standard_D4s_v3,24.08,0.192,4.624,0
2026-07-24,Azure,Azure Storage,westeurope,stbackupdata002,BlobStorage-GB,714.49,0.02,14.2898,0
2026-07-24,GCP,Cloud SQL,us-central1,gcp-main-postgres-db,db-custom-2-7680,21.83,0.35,7.6398,0
2026-07-24,GCP,Cloud SQL,europe-west1,gcp-main-postgres-db,db-custom-2-7680,21.48,0.35,7.5188,0
2026-07-24,AWS,Lambda,eu-west-1,event-processor,RequestCount,188318.14,2e-07,0.0377,0
2026-07-24,GCP,Compute Engine,europe-west1,gcp-k8s-worker-2,n2-standard-4,22.65,0.194,4.3942,0
2026-07-24,AWS,RDS,eu-west-1,analytics-read-replica,InstanceUsage:db.m5.large,19.89,0.38,7.5587,0
2026-07-24,AWS,S3,us-east-1,prod-analytics-data-dump,StandardStorage-GB,498.53,0.023,11.4661,0
2026-07-24,AWS,EC2,ap-southeast-1,i-0b7e6d5c4b3a2,BoxUsage:t3.xlarge,19.06,0.1664,3.1711,0
2026-07-24,AWS,RDS,us-east-1,prod-db-cluster-primary,InstanceUsage:db.r5.8xlarge-MultiAZ,22.04,7.68,169.2672,1
2026-07-24,GCP,Cloud SQL,us-central1,gcp-main-postgres-db,db-custom-2-7680,20.09,0.35,7.033,0
2026-07-24,Azure,Azure VM,westeurope,vm-web-prod-01,Standard_D4s_v3,21.17,0.192,4.0641,0
2026-07-25,AWS,RDS,us-west-2,analytics-read-replica,InstanceUsage:db.m5.large,22.88,0.38,8.695,0
2026-07-25,Azure,Azure Storage,eastus,stbackupdata002,BlobStorage-GB,769.5,0.02,15.3901,0
2026-07-25,Azure,Azure VM,southeastasia,vm-web-prod-01,Standard_D4s_v3,19.04,0.192,3.6559,0
2026-07-25,Azure,Azure Storage,westeurope,stbackupdata002,BlobStorage-GB,462.88,0.02,9.2575,0
2026-07-25,GCP,Compute Engine,asia-east1,gcp-k8s-worker-1,n2-standard-4,19.21,0.194,3.726,0
2026-07-25,GCP,Compute Engine,us-central1,gcp-k8s-worker-1,n2-standard-4,18.66,0.194,3.6204,0
2026-07-25,AWS,EC2,eu-west-1,i-0a8f9c1d2e3f4,BoxUsage:t3.xlarge,21.5,0.1664,3.577,0
2026-07-25,AWS,S3,us-west-2,app-logs-archive,StandardStorage-GB,761.52,0.023,17.5149,0
2026-07-25,AWS,Lambda,ap-southeast-1,image-resizer-worker,RequestCount,308030.23,2e-07,0.0616,0
2026-07-25,Azure,Azure VM,westeurope,vm-api-prod-02,Standard_D4s_v3,22.04,0.192,4.231,0
2026-07-25,AWS,EBS,ap-southeast-1,vol-0123456789abcdef0,VolumeUsage.gp3,439.15,0.08,35.1317,0
2026-07-25,AWS,EBS,us-west-2,vol-0fe0d1c2b3a498765,VolumeUsage.gp3,335.37,0.08,26.8297,0
2026-07-25,Azure,Azure VM,eastus,vm-api-prod-02,Standard_D4s_v3,22.35,0.192,4.2916,0
2026-07-25,Azure,Azure Storage,westeurope,stappprodlogs001,BlobStorage-GB,538.01,0.02,10.7603,0
2026-07-26,Azure,Azure Storage,westeurope,stappprodlogs001,BlobStorage-GB,501.66,0.02,10.0333,0
2026-07-26,Azure,Azure VM,westeurope,vm-api-prod-02,Standard_D4s_v3,23.15,0.192,4.4448,0
2026-07-26,Azure,Azure Storage,westeurope,stbackupdata002,BlobStorage-GB,1120.21,0.02,22.4043,0
2026-07-26,GCP,Cloud SQL,us-central1,gcp-main-postgres-db,db-custom-2-7680,23.47,0.35,8.215,0
2026-07-26,AWS,Lambda,eu-west-1,event-processor,RequestCount,221792.68,2e-07,0.0444,0
2026-07-26,Azure,Azure Storage,westeurope,stappprodlogs001,BlobStorage-GB,626.36,0.02,12.5272,0
2026-07-26,AWS,EC2,us-west-2,i-0c9d8e7f6a5b4,BoxUsage:t3.xlarge,18.25,0.1664,3.0364,0
2026-07-26,Azure,Azure VM,eastus,vm-web-prod-01,Standard_D4s_v3,20.24,0.192,3.8868,0
2026-07-26,AWS,RDS,us-east-1,prod-db-cluster-primary,InstanceUsage:db.r5.8xlarge-MultiAZ,22.25,7.68,170.88,1
2026-07-26,AWS,RDS,eu-west-1,prod-db-cluster-primary,InstanceUsage:db.r5.8xlarge-MultiAZ,22.39,7.68,171.9552,1
2026-07-26,Azure,Azure Storage,southeastasia,stappprodlogs001,BlobStorage-GB,645.6,0.02,12.9119,0
2026-07-26,Azure,Azure VM,eastus,vm-web-prod-01,Standard_D4s_v3,22.97,0.192,4.411,0
2026-07-26,Azure,Azure Storage,eastus,stappprodlogs001,BlobStorage-GB,1124.81,0.02,22.4962,0
2026-07-26,GCP,Compute Engine,europe-west1,gcp-k8s-worker-1,n2-standard-4,23.6,0.194,4.5784,0
2026-07-26,AWS,EBS,ap-southeast-1,vol-0123456789abcdef0,VolumeUsage.gp3,435.8,0.08,34.8639,0
2026-07-27,AWS,Lambda,us-west-2,auth-token-verifier,RequestCount,495331.25,2e-07,0.0991,0
2026-07-27,AWS,S3,eu-west-1,user-media-storage-bucket,StandardStorage-GB,869.8,0.023,20.0053,0
2026-07-27,AWS,Lambda,ap-southeast-1,event-processor,RequestCount,657957.45,2e-07,0.1316,0
2026-07-27,GCP,Cloud SQL,europe-west1,gcp-main-postgres-db,db-custom-2-7680,21.09,0.35,7.3828,0
2026-07-27,AWS,EC2,us-east-1,i-0c9d8e7f6a5b4,BoxUsage:t3.xlarge,17.28,0.1664,2.8747,0
2026-07-27,GCP,Cloud SQL,us-central1,gcp-main-postgres-db,db-custom-2-7680,22.68,0.35,7.9369,0
2026-07-27,GCP,Cloud SQL,us-central1,gcp-main-postgres-db,db-custom-2-7680,23.6,0.35,8.2616,0
2026-07-27,Azure,Azure Storage,westeurope,stappprodlogs001,BlobStorage-GB,764.07,0.02,15.2813,0
2026-07-27,Azure,Azure Storage,southeastasia,stbackupdata002,BlobStorage-GB,938.24,0.02,18.7648,0
2026-07-27,AWS,RDS,eu-west-1,prod-db-cluster-primary,InstanceUsage:db.r5.8xlarge-MultiAZ,21.86,7.68,167.8848,1
2026-07-27,Azure,Azure Storage,eastus,stbackupdata002,BlobStorage-GB,1174.52,0.02,23.4904,0
2026-07-27,GCP,Compute Engine,us-central1,gcp-k8s-worker-2,n2-standard-4,22.91,0.194,4.4449,0
2026-07-27,Azure,Azure VM,westeurope,vm-web-prod-01,Standard_D4s_v3,21.2,0.192,4.0696,0
2026-07-27,GCP,Compute Engine,us-central1,gcp-k8s-worker-2,n2-standard-4,23.92,0.194,4.6399,0
2026-07-28,Azure,Azure Storage,westeurope,stbackupdata002,BlobStorage-GB,490.47,0.02,9.8094,0
2026-07-28,Azure,Azure VM,southeastasia,vm-web-prod-01,Standard_D4s_v3,18.97,0.192,3.6429,0
2026-07-28,GCP,Cloud SQL,europe-west1,gcp-main-postgres-db,db-custom-2-7680,21.62,0.35,7.5661,0
2026-07-28,Azure,Azure Storage,eastus,stbackupdata002,BlobStorage-GB,929.67,0.02,18.5933,0
2026-07-28,GCP,Compute Engine,asia-east1,gcp-k8s-worker-1,n2-standard-4,22.52,0.194,4.3694,0
2026-07-28,AWS,RDS,ap-southeast-1,analytics-read-replica,InstanceUsage:db.m5.large,22.7,0.38,8.6253,0
2026-07-28,AWS,S3,ap-southeast-1,prod-analytics-data-dump,StandardStorage-GB,964.19,0.023,22.1764,0
2026-07-28,AWS,EC2,us-east-1,i-0c9d8e7f6a5b4,BoxUsage:t3.xlarge,18.97,0.1664,3.1561,0
2026-07-28,GCP,Compute Engine,europe-west1,gcp-k8s-worker-1,n2-standard-4,22.68,0.194,4.4002,0
2026-07-28,GCP,Compute Engine,us-central1,gcp-k8s-worker-2,n2-standard-4,18.4,0.194,3.57,0
2026-07-28,AWS,Lambda,eu-west-1,auth-token-verifier,RequestCount,126033.68,2e-07,0.0252,0
2026-07-28,Azure,Azure Storage,eastus,stbackupdata002,BlobStorage-GB,680.53,0.02,13.6107,0
2026-07-28,GCP,Cloud SQL,asia-east1,gcp-main-postgres-db,db-custom-2-7680,23.68,0.35,8.2866,0
2026-07-28,Azure,Azure Storage,eastus,stappprodlogs001,BlobStorage-GB,1046.92,0.02,20.9383,0
2026-07-28,AWS,S3,eu-west-1,app-logs-archive,StandardStorage-GB,793.1,0.023,18.2413,0
2026-07-29,AWS,EC2,ap-southeast-1,i-0d1e2f3a4b5c6,BoxUsage:t3.xlarge,24.44,0.1664,4.0665,0
2026-07-29,AWS,RDS,us-west-2,prod-db-cluster-primary,InstanceUsage:db.r5.8xlarge-MultiAZ,24.41,7.68,187.4688,1
2026-07-29,AWS,EC2,us-west-2,i-0c9d8e7f6a5b4,BoxUsage:t3.xlarge,23.69,0.1664,3.9427,0
2026-07-29,Azure,Azure VM,eastus,vm-api-prod-02,Standard_D4s_v3,23.43,0.192,4.498,0
2026-07-29,AWS,EC2,ap-southeast-1,i-0a8f9c1d2e3f4,BoxUsage:t3.xlarge,19.9,0.1664,3.3114,0
2026-07-29,AWS,Lambda,us-east-1,auth-token-verifier,RequestCount,263896.23,2e-07,0.0528,0
2026-07-29,GCP,Cloud SQL,us-central1,gcp-main-postgres-db,db-custom-2-7680,22.99,0.35,8.0454,0
2026-07-29,Azure,Azure VM,southeastasia,vm-api-prod-02,Standard_D4s_v3,19.76,0.192,3.7941,0
2026-07-29,Azure,Azure Storage,eastus,stappprodlogs001,BlobStorage-GB,582.44,0.02,11.6487,0
2026-07-29,Azure,Azure Storage,eastus,stappprodlogs001,BlobStorage-GB,477.65,0.02,9.5529,0
2026-07-29,GCP,Compute Engine,us-central1,gcp-k8s-worker-1,n2-standard-4,18.09,0.194,3.5087,0
2026-07-29,GCP,Compute Engine,europe-west1,gcp-k8s-worker-2,n2-standard-4,19.82,0.194,3.8447,0
2026-07-29,GCP,Compute Engine,asia-east1,gcp-k8s-worker-2,n2-standard-4,18.99,0.194,3.6842,0
2026-07-29,GCP,Cloud SQL,asia-east1,gcp-main-postgres-db,db-custom-2-7680,21.86,0.35,7.6498,0
2026-07-29,Azure,Azure VM,southeastasia,vm-web-prod-01,Standard_D4s_v3,19.3,0.192,3.705,0
2026-07-29,AWS,EC2,us-west-2,i-0b7e6d5c4b3a2,BoxUsage:t3.xlarge,19.73,0.1664,3.2826,0
2026-07-30,GCP,Compute Engine,asia-east1,gcp-k8s-worker-1,n2-standard-4,18.78,0.194,3.6425,0
2026-07-30,AWS,EC2,us-west-2,i-0b7e6d5c4b3a2,BoxUsage:t3.xlarge,20.94,0.1664,3.4841,0
2026-07-30,AWS,EC2,us-east-1,i-0c9d8e7f6a5b4,BoxUsage:t3.xlarge,22.4,0.1664,3.728,0
2026-07-30,Azure,Azure VM,southeastasia,vm-web-prod-01,Standard_D4s_v3,22.68,0.192,4.3543,0
2026-07-30,Azure,Azure Storage,eastus,stbackupdata002,BlobStorage-GB,591.53,0.02,11.8305,0
2026-07-30,AWS,RDS,ap-southeast-1,analytics-read-replica,InstanceUsage:db.m5.large,22.49,0.38,8.5457,0
2026-07-30,GCP,Cloud SQL,asia-east1,gcp-main-postgres-db,db-custom-2-7680,20.18,0.35,7.0622,0
2026-07-30,Azure,Azure VM,southeastasia,vm-api-prod-02,Standard_D4s_v3,19.46,0.192,3.7367,0
2026-07-30,AWS,S3,us-west-2,user-media-storage-bucket,StandardStorage-GB,636.36,0.023,14.6362,0
2026-07-30,Azure,Azure Storage,westeurope,stappprodlogs001,BlobStorage-GB,1368.65,0.02,27.3731,0
2026-07-30,GCP,Compute Engine,us-central1,gcp-k8s-worker-2,n2-standard-4,23.07,0.194,4.475,0
2026-07-30,GCP,Compute Engine,asia-east1,gcp-k8s-worker-2,n2-standard-4,21.14,0.194,4.1005,0
2026-07-30,AWS,EBS,ap-southeast-1,vol-0123456789abcdef0,VolumeUsage.gp3,233.2,0.08,18.6564,0
2026-07-30,AWS,Lambda,ap-southeast-1,auth-token-verifier,RequestCount,312139.76,2e-07,0.0624,0
2026-07-31,Azure,Azure Storage,westeurope,stappprodlogs001,BlobStorage-GB,1459.03,0.02,29.1805,0
2026-07-31,Azure,Azure VM,eastus,vm-api-prod-02,Standard_D4s_v3,19.69,0.192,3.7811,0
2026-07-31,GCP,Cloud SQL,europe-west1,gcp-main-postgres-db,db-custom-2-7680,20.39,0.35,7.1379,0
2026-07-31,Azure,Azure Storage,southeastasia,stappprodlogs001,BlobStorage-GB,1420.79,0.02,28.4157,0
2026-07-31,GCP,Compute Engine,europe-west1,gcp-k8s-worker-2,n2-standard-4,22.79,0.194,4.4213,0
2026-07-31,Azure,Azure Storage,eastus,stbackupdata002,BlobStorage-GB,764.48,0.02,15.2895,0
2026-07-31,Azure,Azure Storage,westeurope,stappprodlogs001,BlobStorage-GB,887.46,0.02,17.7493,0
2026-07-31,AWS,RDS,ap-southeast-1,prod-db-cluster-primary,InstanceUsage:db.r5.8xlarge-MultiAZ,22.44,7.68,172.3392,1
2026-07-31,AWS,Lambda,us-west-2,auth-token-verifier,RequestCount,636141.54,2e-07,0.1272,0
2026-07-31,AWS,Lambda,ap-southeast-1,auth-token-verifier,RequestCount,444025.23,2e-07,0.0888,0
2026-07-31,GCP,Cloud SQL,europe-west1,gcp-main-postgres-db,db-custom-2-7680,23.11,0.35,8.0898,0
2026-07-31,Azure,Azure Storage,southeastasia,stappprodlogs001,BlobStorage-GB,1511.37,0.02,30.2274,0
2026-07-31,GCP,Cloud SQL,asia-east1,gcp-main-postgres-db,db-custom-2-7680,21.0,0.35,7.3485,0
2026-07-31,GCP,Compute Engine,europe-west1,gcp-k8s-worker-1,n2-standard-4,20.51,0.194,3.9782,0
2026-07-31,GCP,Compute Engine,asia-east1,gcp-k8s-worker-1,n2-standard-4,18.12,0.194,3.5148,0
2026-08-01,Azure,Azure VM,eastus,vm-web-prod-01,Standard_D4s_v3,23.41,0.192,4.4947,0
2026-08-01,AWS,EC2,ap-southeast-1,i-0c9d8e7f6a5b4,BoxUsage:t3.xlarge,19.56,0.1664,3.2542,0
2026-08-01,Azure,Azure VM,westeurope,vm-web-prod-01,Standard_D4s_v3,21.95,0.192,4.2138,0
2026-08-01,AWS,EBS,us-west-2,vol-0123456789abcdef0,VolumeUsage.gp3,111.89,0.08,8.9513,0
2026-08-01,GCP,Cloud SQL,us-central1,gcp-main-postgres-db,db-custom-2-7680,20.29,0.35,7.1009,0
2026-08-01,Azure,Azure VM,eastus,vm-web-prod-01,Standard_D4s_v3,18.59,0.192,3.5695,0
2026-08-01,Azure,Azure VM,southeastasia,vm-web-prod-01,Standard_D4s_v3,23.49,0.192,4.5101,0
2026-08-01,Azure,Azure Storage,eastus,stappprodlogs001,BlobStorage-GB,1272.97,0.02,25.4594,0
2026-08-01,AWS,EC2,us-west-2,i-0c9d8e7f6a5b4,BoxUsage:t3.xlarge,22.16,0.1664,3.6869,0
2026-08-01,GCP,Compute Engine,asia-east1,gcp-k8s-worker-2,n2-standard-4,20.09,0.194,3.8979,0
2026-08-01,AWS,EBS,us-east-1,vol-0123456789abcdef0,VolumeUsage.gp3,327.08,0.08,26.1663,0
2026-08-01,GCP,Cloud SQL,us-central1,gcp-main-postgres-db,db-custom-2-7680,22.44,0.35,7.8553,0
2026-08-01,Azure,Azure Storage,southeastasia,stappprodlogs001,BlobStorage-GB,397.47,0.02,7.9494,0
2026-08-01,Azure,Azure VM,eastus,vm-api-prod-02,Standard_D4s_v3,23.23,0.192,4.4605,0
2026-08-02,GCP,Cloud SQL,asia-east1,gcp-main-postgres-db,db-custom-2-7680,21.49,0.35,7.5204,0
2026-08-02,GCP,Cloud SQL,europe-west1,gcp-main-postgres-db,db-custom-2-7680,21.41,0.35,7.4922,0
2026-08-02,AWS,EBS,us-east-1,vol-0123456789abcdef0,VolumeUsage.gp3,249.09,0.08,19.9273,0
2026-08-02,Azure,Azure VM,westeurope,vm-api-prod-02,Standard_D4s_v3,19.06,0.192,3.6592,0
2026-08-02,GCP,Cloud SQL,us-central1,gcp-main-postgres-db,db-custom-2-7680,20.9,0.35,7.3147,0
2026-08-02,Azure,Azure Storage,southeastasia,stbackupdata002,BlobStorage-GB,707.75,0.02,14.155,0
2026-08-02,AWS,S3,eu-west-1,app-logs-archive,StandardStorage-GB,779.88,0.023,17.9372,0
2026-08-02,GCP,Cloud SQL,europe-west1,gcp-main-postgres-db,db-custom-2-7680,21.49,0.35,7.5211,0
2026-08-02,AWS,EBS,us-east-1,vol-0123456789abcdef0,VolumeUsage.gp3,180.03,0.08,14.4021,0
2026-08-02,AWS,EBS,us-east-1,vol-0fe0d1c2b3a498765,VolumeUsage.gp3,126.53,0.08,10.1228,0
2026-08-02,GCP,Compute Engine,europe-west1,gcp-k8s-worker-1,n2-standard-4,24.37,0.194,4.727,0
2026-08-02,Azure,Azure VM,eastus,vm-api-prod-02,Standard_D4s_v3,18.23,0.192,3.4998,0
2026-08-02,AWS,S3,eu-west-1,prod-analytics-data-dump,StandardStorage-GB,650.52,0.023,14.9619,0
2026-08-02,GCP,Cloud SQL,us-central1,gcp-main-postgres-db,db-custom-2-7680,20.14,0.35,7.0501,0
2026-08-02,Azure,Azure VM,eastus,vm-api-prod-02,Standard_D4s_v3,19.46,0.192,3.7356,0
2026-08-02,GCP,Cloud SQL,us-central1,gcp-main-postgres-db,db-custom-2-7680,19.6,0.35,6.8597,0
2026-08-03,Azure,Azure Storage,eastus,stbackupdata002,BlobStorage-GB,1127.02,0.02,22.5403,0
2026-08-03,AWS,Lambda,eu-west-1,auth-token-verifier,RequestCount,264890.53,2e-07,0.053,0
2026-08-03,AWS,Lambda,eu-west-1,event-processor,RequestCount,791510.76,2e-07,0.1583,0
2026-08-03,Azure,Azure Storage,westeurope,stbackupdata002,BlobStorage-GB,962.3,0.02,19.246,0
2026-08-03,Azure,Azure VM,southeastasia,vm-api-prod-02,Standard_D4s_v3,23.45,0.192,4.502,0
2026-08-03,GCP,Compute Engine,us-central1,gcp-k8s-worker-1,n2-standard-4,18.73,0.194,3.6345,0
2026-08-03,AWS,S3,us-west-2,user-media-storage-bucket,StandardStorage-GB,867.76,0.023,19.9584,0
2026-08-03,AWS,RDS,us-east-1,prod-db-cluster-primary,InstanceUsage:db.r5.8xlarge-MultiAZ,22.47,7.68,172.5696,1
2026-08-03,Azure,Azure VM,eastus,vm-api-prod-02,Standard_D4s_v3,21.32,0.192,4.0926,0
2026-08-03,AWS,EBS,us-east-1,vol-0123456789abcdef0,VolumeUsage.gp3,438.79,0.08,35.1028,0
2026-08-03,GCP,Compute Engine,asia-east1,gcp-k8s-worker-2,n2-standard-4,22.8,0.194,4.4231,0
2026-08-03,GCP,Compute Engine,europe-west1,gcp-k8s-worker-2,n2-standard-4,20.7,0.194,4.0167,0
2026-08-03,GCP,Compute Engine,europe-west1,gcp-k8s-worker-1,n2-standard-4,23.32,0.194,4.5232,0
2026-08-03,AWS,S3,us-east-1,app-logs-archive,StandardStorage-GB,410.74,0.023,9.4469,0
2026-08-03,AWS,RDS,us-east-1,prod-db-cluster-primary,InstanceUsage:db.r5.8xlarge-MultiAZ,20.0,7.68,153.6,1
2026-08-03,GCP,Compute Engine,europe-west1,gcp-k8s-worker-2,n2-standard-4,20.57,0.194,3.99,0
2026-08-04,Azure,Azure Storage,southeastasia,stbackupdata002,BlobStorage-GB,421.96,0.02,8.4393,0
2026-08-04,AWS,EC2,ap-southeast-1,i-0a8f9c1d2e3f4,BoxUsage:t3.xlarge,19.38,0.1664,3.2246,0
2026-08-04,AWS,Lambda,eu-west-1,event-processor,RequestCount,742239.87,2e-07,0.1484,0
2026-08-04,Azure,Azure Storage,eastus,stappprodlogs001,BlobStorage-GB,928.95,0.02,18.5789,0
2026-08-04,GCP,Cloud SQL,asia-east1,gcp-main-postgres-db,db-custom-2-7680,22.0,0.35,7.6992,0
2026-08-04,GCP,Compute Engine,europe-west1,gcp-k8s-worker-1,n2-standard-4,17.34,0.194,3.3639,0
2026-08-04,AWS,RDS,us-west-2,analytics-read-replica,InstanceUsage:db.m5.large,21.02,0.38,7.987,0
2026-08-04,AWS,EC2,ap-southeast-1,i-0c9d8e7f6a5b4,BoxUsage:t3.xlarge,20.34,0.1664,3.3841,0
2026-08-04,Azure,Azure Storage,westeurope,stappprodlogs001,BlobStorage-GB,513.05,0.02,10.2611,0
2026-08-04,Azure,Azure Storage,eastus,stappprodlogs001,BlobStorage-GB,1179.74,0.02,23.5948,0
2026-08-04,Azure,Azure VM,eastus,vm-api-prod-02,Standard_D4s_v3,17.5,0.192,3.3598,0
2026-08-04,GCP,Cloud SQL,us-central1,gcp-main-postgres-db,db-custom-2-7680,23.04,0.35,8.0633,0
2026-08-04,AWS,EBS,us-east-1,vol-0123456789abcdef0,VolumeUsage.gp3,269.35,0.08,21.5483,0
2026-08-04,Azure,Azure Storage,southeastasia,stbackupdata002,BlobStorage-GB,1269.44,0.02,25.3888,0
2026-08-04,AWS,EC2,eu-west-1,i-0d1e2f3a4b5c6,BoxUsage:t3.xlarge,19.78,0.1664,3.2917,0
2026-08-05,GCP,Compute Engine,us-central1,gcp-k8s-worker-2,n2-standard-4,22.78,0.194,4.4201,0
2026-08-05,GCP,Cloud SQL,europe-west1,gcp-main-postgres-db,db-custom-2-7680,21.43,0.35,7.4996,0
2026-08-05,AWS,RDS,us-west-2,prod-db-cluster-primary,InstanceUsage:db.r5.8xlarge-MultiAZ,23.54,7.68,180.7872,1
2026-08-05,Azure,Azure Storage,southeastasia,stappprodlogs001,BlobStorage-GB,657.88,0.02,13.1576,0
2026-08-05,Azure,Azure VM,southeastasia,vm-web-prod-01,Standard_D4s_v3,23.56,0.192,4.5232,0
2026-08-05,Azure,Azure Storage,southeastasia,stappprodlogs001,BlobStorage-GB,700.02,0.02,14.0004,0
2026-08-05,AWS,Lambda,us-east-1,event-processor,RequestCount,537210.1,2e-07,0.1074,0
2026-08-05,Azure,Azure Storage,southeastasia,stbackupdata002,BlobStorage-GB,868.18,0.02,17.3637,0
2026-08-05,AWS,S3,us-east-1,user-media-storage-bucket,StandardStorage-GB,534.86,0.023,12.3017,0
2026-08-05,AWS,EBS,ap-southeast-1,vol-0123456789abcdef0,VolumeUsage.gp3,486.05,0.08,38.8837,0
2026-08-05,Azure,Azure VM,eastus,vm-api-prod-02,Standard_D4s_v3,19.43,0.192,3.7308,0
2026-08-05,AWS,RDS,us-west-2,analytics-read-replica,InstanceUsage:db.m5.large,23.59,0.38,8.9643,0
2026-08-05,AWS,S3,eu-west-1,prod-analytics-data-dump,StandardStorage-GB,1158.2,0.023,26.6385,0
2026-08-05,Azure,Azure VM,eastus,vm-web-prod-01,Standard_D4s_v3,21.26,0.192,4.081,0
2026-08-05,AWS,EBS,eu-west-1,vol-0fe0d1c2b3a498765,VolumeUsage.gp3,514.99,0.08,41.1995,0
2026-08-06,GCP,Compute Engine,europe-west1,gcp-k8s-worker-1,n2-standard-4,22.86,0.194,4.4356,0
2026-08-06,Azure,Azure Storage,southeastasia,stappprodlogs001,BlobStorage-GB,1081.42,0.02,21.6283,0
2026-08-06,AWS,EC2,us-east-1,i-0c9d8e7f6a5b4,BoxUsage:t3.xlarge,22.05,0.1664,3.6698,0
2026-08-06,Azure,Azure VM,southeastasia,vm-api-prod-02,Standard_D4s_v3,20.24,0.192,3.8855,0
2026-08-06,Azure,Azure VM,eastus,vm-web-prod-01,Standard_D4s_v3,21.98,0.192,4.2194,0
2026-08-06,AWS,Lambda,us-east-1,event-processor,RequestCount,424379.75,2e-07,0.0849,0
2026-08-06,GCP,Compute Engine,asia-east1,gcp-k8s-worker-1,n2-standard-4,20.77,0.194,4.0299,0
2026-08-06,AWS,RDS,us-east-1,prod-db-cluster-primary,InstanceUsage:db.r5.8xlarge-MultiAZ,20.6,7.68,158.208,1
2026-08-06,AWS,RDS,eu-west-1,prod-db-cluster-primary,InstanceUsage:db.r5.8xlarge-MultiAZ,23.21,7.68,178.2528,1
2026-08-06,AWS,EBS,ap-southeast-1,vol-0fe0d1c2b3a498765,VolumeUsage.gp3,485.52,0.08,38.8413,0
2026-08-06,GCP,Compute Engine,europe-west1,gcp-k8s-worker-1,n2-standard-4,21.56,0.194,4.1824,0
2026-08-06,GCP,Cloud SQL,europe-west1,gcp-main-postgres-db,db-custom-2-7680,20.77,0.35,7.269,0
2026-08-06,GCP,Cloud SQL,us-central1,gcp-main-postgres-db,db-custom-2-7680,24.14,0.35,8.4477,0
2026-08-06,GCP,Compute Engine,europe-west1,gcp-k8s-worker-2,n2-standard-4,20.16,0.194,3.9106,0
2026-08-06,AWS,EC2,us-east-1,i-0d1e2f3a4b5c6,BoxUsage:t3.xlarge,17.93,0.1664,2.9827,0
2026-08-06,AWS,EC2,us-east-1,i-0a8f9c1d2e3f4,BoxUsage:t3.xlarge,18.18,0.1664,3.0251,0
2026-08-07,AWS,EBS,us-east-1,vol-0fe0d1c2b3a498765,VolumeUsage.gp3,324.08,0.08,25.9268,0
2026-08-07,AWS,EC2,eu-west-1,i-0b7e6d5c4b3a2,BoxUsage:t3.xlarge,19.18,0.1664,3.1911,0
2026-08-07,AWS,Lambda,ap-southeast-1,event-processor,RequestCount,187528.22,2e-07,0.0375,0
2026-08-07,Azure,Azure Storage,westeurope,stbackupdata002,BlobStorage-GB,1126.64,0.02,22.5328,0
2026-08-07,GCP,Cloud SQL,us-central1,gcp-main-postgres-db,db-custom-2-7680,22.11,0.35,7.7402,0
2026-08-07,AWS,Lambda,us-west-2,image-resizer-worker,RequestCount,513558.35,2e-07,0.1027,0
2026-08-07,GCP,Compute Engine,asia-east1,gcp-k8s-worker-1,n2-standard-4,23.01,0.194,4.464,0
2026-08-07,AWS,S3,us-west-2,app-logs-archive,StandardStorage-GB,918.95,0.023,21.1358,0
2026-08-07,GCP,Compute Engine,europe-west1,gcp-k8s-worker-2,n2-standard-4,19.61,0.194,3.8044,0
2026-08-07,AWS,Lambda,us-west-2,image-resizer-worker,RequestCount,446392.51,2e-07,0.0893,0
2026-08-07,GCP,Compute Engine,us-central1,gcp-k8s-worker-1,n2-standard-4,18.68,0.194,3.6247,0
2026-08-07,Azure,Azure Storage,eastus,stappprodlogs001,BlobStorage-GB,516.01,0.02,10.3201,0
2026-08-07,GCP,Compute Engine,us-central1,gcp-k8s-worker-1,n2-standard-4,20.97,0.194,4.0687,0
2026-08-07,GCP,Cloud SQL,europe-west1,gcp-main-postgres-db,db-custom-2-7680,20.96,0.35,7.3368,0
2026-08-07,GCP,Compute Engine,asia-east1,gcp-k8s-worker-2,n2-standard-4,23.77,0.194,4.6113,0
2026-08-08,GCP,Compute Engine,asia-east1,gcp-k8s-worker-1,n2-standard-4,22.85,0.194,4.4321,0
2026-08-08,AWS,EBS,us-east-1,vol-0fe0d1c2b3a498765,VolumeUsage.gp3,252.67,0.08,20.2137,0
2026-08-08,AWS,RDS,eu-west-1,prod-db-cluster-primary,InstanceUsage:db.r5.8xlarge-MultiAZ,19.84,7.68,152.3712,1
2026-08-08,Azure,Azure Storage,southeastasia,stbackupdata002,BlobStorage-GB,1295.71,0.02,25.9143,0
2026-08-08,Azure,Azure Storage,eastus,stappprodlogs001,BlobStorage-GB,1172.75,0.02,23.455,0
2026-08-08,GCP,Compute Engine,us-central1,gcp-k8s-worker-1,n2-standard-4,20.29,0.194,3.9359,0
2026-08-08,GCP,Compute Engine,asia-east1,gcp-k8s-worker-2,n2-standard-4,24.7,0.194,4.7921,0
2026-08-08,GCP,Cloud SQL,europe-west1,gcp-main-postgres-db,db-custom-2-7680,23.97,0.35,8.3882,0
2026-08-08,GCP,Cloud SQL,us-central1,gcp-main-postgres-db,db-custom-2-7680,20.33,0.35,7.1142,0
2026-08-08,GCP,Cloud SQL,europe-west1,gcp-main-postgres-db,db-custom-2-7680,20.22,0.35,7.0783,0
2026-08-08,Azure,Azure VM,westeurope,vm-web-prod-01,Standard_D4s_v3,18.1,0.192,3.475,0
2026-08-08,Azure,Azure VM,southeastasia,vm-web-prod-01,Standard_D4s_v3,18.51,0.192,3.5531,0
2026-08-08,GCP,Compute Engine,europe-west1,gcp-k8s-worker-2,n2-standard-4,22.51,0.194,4.3678,0
2026-08-08,Azure,Azure Storage,southeastasia,stappprodlogs001,BlobStorage-GB,1299.17,0.02,25.9834,0
2026-08-08,Azure,Azure Storage,eastus,stappprodlogs001,BlobStorage-GB,677.04,0.02,13.5407,0
2026-08-09,AWS,EC2,us-west-2,i-0d1e2f3a4b5c6,BoxUsage:t3.xlarge,17.97,0.1664,2.9907,0
2026-08-09,AWS,Lambda,us-west-2,event-processor,RequestCount,122380.47,2e-07,0.0245,0
2026-08-09,GCP,Cloud SQL,us-central1,gcp-main-postgres-db,db-custom-2-7680,20.69,0.35,7.2417,0
2026-08-09,AWS,EC2,us-west-2,i-0c9d8e7f6a5b4,BoxUsage:t3.xlarge,22.93,0.1664,3.8161,0
2026-08-09,AWS,S3,eu-west-1,prod-analytics-data-dump,StandardStorage-GB,444.95,0.023,10.2338,0
2026-08-09,GCP,Compute Engine,us-central1,gcp-k8s-worker-2,n2-standard-4,22.58,0.194,4.3807,0
2026-08-09,Azure,Azure Storage,southeastasia,stbackupdata002,BlobStorage-GB,536.22,0.02,10.7243,0
2026-08-09,Azure,Azure Storage,eastus,stappprodlogs001,BlobStorage-GB,414.41,0.02,8.2882,0
2026-08-09,Azure,Azure Storage,eastus,stappprodlogs001,BlobStorage-GB,1112.26,0.02,22.2451,0
2026-08-09,GCP,Compute Engine,europe-west1,gcp-k8s-worker-2,n2-standard-4,21.91,0.194,4.2513,0
2026-08-09,AWS,EBS,ap-southeast-1,vol-0fe0d1c2b3a498765,VolumeUsage.gp3,413.24,0.08,33.0594,0
2026-08-09,AWS,EC2,us-east-1,i-0d1e2f3a4b5c6,BoxUsage:t3.xlarge,23.19,0.1664,3.8582,0
2026-08-09,AWS,EBS,ap-southeast-1,vol-0123456789abcdef0,VolumeUsage.gp3,501.03,0.08,40.0822,0
2026-08-09,AWS,EC2,us-east-1,i-0d1e2f3a4b5c6,BoxUsage:t3.xlarge,22.15,0.1664,3.6854,0
2026-08-09,AWS,EC2,us-east-1,i-0c9d8e7f6a5b4,BoxUsage:t3.xlarge,22.72,0.1664,3.7813,0
2026-08-09,AWS,EC2,us-west-2,i-0d1e2f3a4b5c6,BoxUsage:t3.xlarge,19.24,0.1664,3.2012,0
2026-08-10,Azure,Azure VM,southeastasia,vm-api-prod-02,Standard_D4s_v3,17.56,0.192,3.3717,0
2026-08-10,GCP,Compute Engine,asia-east1,gcp-k8s-worker-2,n2-standard-4,20.78,0.194,4.0313,0
2026-08-10,Azure,Azure Storage,southeastasia,stbackupdata002,BlobStorage-GB,686.25,0.02,13.725,0
2026-08-10,AWS,EBS,us-east-1,vol-0fe0d1c2b3a498765,VolumeUsage.gp3,302.74,0.08,24.2195,0
2026-08-10,GCP,Cloud SQL,europe-west1,gcp-main-postgres-db,db-custom-2-7680,23.24,0.35,8.1331,0
2026-08-10,Azure,Azure VM,southeastasia,vm-web-prod-01,Standard_D4s_v3,19.36,0.192,3.7172,0
2026-08-10,Azure,Azure VM,southeastasia,vm-api-prod-02,Standard_D4s_v3,22.73,0.192,4.3636,0
2026-08-10,AWS,EBS,us-west-2,vol-0fe0d1c2b3a498765,VolumeUsage.gp3,136.4,0.08,10.9124,0
2026-08-10,Azure,Azure Storage,eastus,stbackupdata002,BlobStorage-GB,1269.81,0.02,25.3962,0
2026-08-10,GCP,Compute Engine,us-central1,gcp-k8s-worker-2,n2-standard-4,21.46,0.194,4.164,0
2026-08-10,Azure,Azure VM,eastus,vm-api-prod-02,Standard_D4s_v3,20.2,0.192,3.8789,0
2026-08-10,AWS,EC2,ap-southeast-1,i-0a8f9c1d2e3f4,BoxUsage:t3.xlarge,20.13,0.1664,3.3502,0
2026-08-10,AWS,S3,us-east-1,user-media-storage-bucket,StandardStorage-GB,662.52,0.023,15.2379,0
2026-08-10,Azure,Azure Storage,southeastasia,stbackupdata002,BlobStorage-GB,1176.24,0.02,23.5249,0
2026-08-10,GCP,Cloud SQL,us-central1,gcp-main-postgres-db,db-custom-2-7680,22.56,0.35,7.895,0
2026-08-11,AWS,S3,us-east-1,prod-analytics-data-dump,StandardStorage-GB,491.35,0.023,11.3011,0
2026-08-11,Azure,Azure Storage,eastus,stappprodlogs001,BlobStorage-GB,1387.77,0.02,27.7554,0
2026-08-11,AWS,Lambda,us-east-1,event-processor,RequestCount,518561.5,2e-07,0.1037,0
2026-08-11,AWS,Lambda,eu-west-1,image-resizer-worker,RequestCount,648583.07,2e-07,0.1297,0
2026-08-11,Azure,Azure VM,eastus,vm-api-prod-02,Standard_D4s_v3,22.48,0.192,4.3156,0
2026-08-11,AWS,Lambda,ap-southeast-1,event-processor,RequestCount,482148.23,2e-07,0.0964,0
2026-08-11,AWS,EC2,eu-west-1,i-0c9d8e7f6a5b4,BoxUsage:t3.xlarge,21.26,0.1664,3.5373,0
2026-08-11,Azure,Azure Storage,southeastasia,stbackupdata002,BlobStorage-GB,1111.56,0.02,22.2312,0
2026-08-11,AWS,RDS,us-west-2,prod-db-cluster-primary,InstanceUsage:db.r5.8xlarge-MultiAZ,23.32,7.68,179.0976,1
2026-08-11,GCP,Compute Engine,asia-east1,gcp-k8s-worker-2,n2-standard-4,18.79,0.194,3.6456,0
2026-08-11,GCP,Compute Engine,us-central1,gcp-k8s-worker-1,n2-standard-4,20.44,0.194,3.9646,0
2026-08-11,Azure,Azure VM,eastus,vm-web-prod-01,Standard_D4s_v3,23.37,0.192,4.4862,0
2026-08-11,Azure,Azure VM,westeurope,vm-api-prod-02,Standard_D4s_v3,20.9,0.192,4.0136,0
2026-08-11,Azure,Azure Storage,southeastasia,stappprodlogs001,BlobStorage-GB,501.54,0.02,10.0308,0
2026-08-12,Azure,Azure Storage,southeastasia,stappprodlogs001,BlobStorage-GB,1173.79,0.02,23.4758,0
2026-08-12,GCP,Compute Engine,europe-west1,gcp-k8s-worker-2,n2-standard-4,20.9,0.194,4.0539,0
2026-08-12,Azure,Azure VM,westeurope,vm-web-prod-01,Standard_D4s_v3,23.57,0.192,4.5249,0
2026-08-12,Azure,Azure VM,southeastasia,vm-api-prod-02,Standard_D4s_v3,18.74,0.192,3.5974,0
2026-08-12,GCP,Cloud SQL,europe-west1,gcp-main-postgres-db,db-custom-2-7680,21.09,0.35,7.3808,0
2026-08-12,GCP,Cloud SQL,europe-west1,gcp-main-postgres-db,db-custom-2-7680,21.39,0.35,7.4852,0
2026-08-12,GCP,Cloud SQL,us-central1,gcp-main-postgres-db,db-custom-2-7680,24.0,0.35,8.4009,0
2026-08-12,GCP,Compute Engine,asia-east1,gcp-k8s-worker-1,n2-standard-4,20.81,0.194,4.0376,0
2026-08-12,AWS,EBS,ap-southeast-1,vol-0fe0d1c2b3a498765,VolumeUsage.gp3,361.67,0.08,28.9339,0
2026-08-12,GCP,Cloud SQL,asia-east1,gcp-main-postgres-db,db-custom-2-7680,22.77,0.35,7.9703,0
2026-08-12,Azure,Azure Storage,eastus,stappprodlogs001,BlobStorage-GB,643.55,0.02,12.871,0
2026-08-12,GCP,Cloud SQL,asia-east1,gcp-main-postgres-db,db-custom-2-7680,22.16,0.35,7.7566,0
2026-08-12,Azure,Azure Storage,westeurope,stappprodlogs001,BlobStorage-GB,1244.6,0.02,24.8921,0
2026-08-12,Azure,Azure Storage,westeurope,stbackupdata002,BlobStorage-GB,945.22,0.02,18.9044,0
2026-08-12,GCP,Compute Engine,us-central1,gcp-k8s-worker-1,n2-standard-4,18.92,0.194,3.6707,0
2026-08-12,Azure,Azure VM,eastus,vm-web-prod-01,Standard_D4s_v3,19.5,0.192,3.7436,0
2026-08-13,Azure,Azure VM,eastus,vm-web-prod-01,Standard_D4s_v3,17.54,0.192,3.3686,0
2026-08-13,AWS,EBS,us-west-2,vol-0fe0d1c2b3a498765,VolumeUsage.gp3,222.09,0.08,17.7669,0
2026-08-13,Azure,Azure Storage,eastus,stbackupdata002,BlobStorage-GB,876.0,0.02,17.5201,0
2026-08-13,GCP,Compute Engine,us-central1,gcp-k8s-worker-1,n2-standard-4,23.2,0.194,4.5017,0
2026-08-13,GCP,Cloud SQL,us-central1,gcp-main-postgres-db,db-custom-2-7680,21.72,0.35,7.6006,0
2026-08-13,Azure,Azure Storage,eastus,stappprodlogs001,BlobStorage-GB,887.6,0.02,17.7519,0
2026-08-13,AWS,S3,us-east-1,prod-analytics-data-dump,StandardStorage-GB,1157.57,0.023,26.6242,0
2026-08-13,Azure,Azure Storage,eastus,stbackupdata002,BlobStorage-GB,1097.79,0.02,21.9557,0
2026-08-13,AWS,S3,eu-west-1,user-media-storage-bucket,StandardStorage-GB,324.91,0.023,7.473,0
2026-08-13,GCP,Compute Engine,europe-west1,gcp-k8s-worker-1,n2-standard-4,19.63,0.194,3.8086,0
2026-08-13,Azure,Azure VM,southeastasia,vm-web-prod-01,Standard_D4s_v3,18.96,0.192,3.6395,0
2026-08-13,AWS,Lambda,us-east-1,event-processor,RequestCount,685777.27,2e-07,0.1372,0
2026-08-13,AWS,RDS,us-east-1,analytics-read-replica,InstanceUsage:db.m5.large,23.81,0.38,9.0485,0
2026-08-13,GCP,Compute Engine,europe-west1,gcp-k8s-worker-2,n2-standard-4,22.21,0.194,4.3086,0
2026-08-13,GCP,Compute Engine,asia-east1,gcp-k8s-worker-2,n2-standard-4,20.31,0.194,3.9405,0
2026-08-14,Azure,Azure VM,westeurope,vm-web-prod-01,Standard_D4s_v3,21.49,0.192,4.1267,0
2026-08-14,AWS,EC2,ap-southeast-1,i-0c9d8e7f6a5b4,BoxUsage:t3.xlarge,24.11,0.1664,4.0116,0
2026-08-14,GCP,Compute Engine,europe-west1,gcp-k8s-worker-1,n2-standard-4,19.45,0.194,3.7742,0
2026-08-14,AWS,EBS,us-west-2,vol-0123456789abcdef0,VolumeUsage.gp3,256.92,0.08,20.5537,0
2026-08-14,AWS,EBS,us-east-1,vol-0fe0d1c2b3a498765,VolumeUsage.gp3,368.05,0.08,29.4438,0
2026-08-14,GCP,Cloud SQL,us-central1,gcp-main-postgres-db,db-custom-2-7680,22.55,0.35,7.8936,0
2026-08-14,AWS,RDS,ap-southeast-1,prod-db-cluster-primary,InstanceUsage:db.r5.8xlarge-MultiAZ,21.97,7.68,168.7296,1
2026-08-14,Azure,Azure Storage,southeastasia,stbackupdata002,BlobStorage-GB,477.58,0.02,9.5516,0
2026-08-14,GCP,Cloud SQL,us-central1,gcp-main-postgres-db,db-custom-2-7680,23.44,0.35,8.2053,0
2026-08-14,AWS,EC2,eu-west-1,i-0d1e2f3a4b5c6,BoxUsage:t3.xlarge,19.62,0.1664,3.2648,0
2026-08-14,AWS,S3,us-west-2,prod-analytics-data-dump,StandardStorage-GB,1120.3,0.023,25.7668,0
2026-08-14,AWS,S3,ap-southeast-1,user-media-storage-bucket,StandardStorage-GB,562.27,0.023,12.9323,0
2026-08-14,Azure,Azure Storage,westeurope,stbackupdata002,BlobStorage-GB,504.52,0.02,10.0904,0
2026-08-14,GCP,Compute Engine,asia-east1,gcp-k8s-worker-1,n2-standard-4,22.9,0.194,4.4432,0
2026-08-14,GCP,Compute Engine,europe-west1,gcp-k8s-worker-2,n2-standard-4,18.61,0.194,3.6098,0
2026-08-15,GCP,Cloud SQL,asia-east1,gcp-main-postgres-db,db-custom-2-7680,23.46,0.35,8.2118,0
2026-08-15,GCP,Cloud SQL,us-central1,gcp-main-postgres-db,db-custom-2-7680,20.89,0.35,7.3118,0
2026-08-15,AWS,RDS,eu-west-1,analytics-read-replica,InstanceUsage:db.m5.large,22.5,0.38,8.5514,0
2026-08-15,GCP,Compute Engine,us-central1,gcp-k8s-worker-1,n2-standard-4,20.69,0.194,4.0135,0
2026-08-15,AWS,EC2,ap-southeast-1,i-0b7e6d5c4b3a2,BoxUsage:t3.xlarge,19.26,0.1664,3.2056,0
2026-08-15,GCP,Cloud SQL,europe-west1,gcp-main-postgres-db,db-custom-2-7680,24.06,0.35,8.4227,0
2026-08-15,Azure,Azure Storage,eastus,stbackupdata002,BlobStorage-GB,1234.15,0.02,24.683,0
2026-08-15,AWS,EBS,us-west-2,vol-0123456789abcdef0,VolumeUsage.gp3,309.0,0.08,24.7198,0
2026-08-15,Azure,Azure VM,eastus,vm-web-prod-01,Standard_D4s_v3,22.44,0.192,4.3091,0
2026-08-15,GCP,Compute Engine,us-central1,gcp-k8s-worker-1,n2-standard-4,22.46,0.194,4.3579,0
2026-08-15,GCP,Compute Engine,asia-east1,gcp-k8s-worker-1,n2-standard-4,21.21,0.194,4.1143,0
2026-08-15,GCP,Compute Engine,asia-east1,gcp-k8s-worker-1,n2-standard-4,23.25,0.194,4.5098,0
2026-08-15,GCP,Cloud SQL,us-central1,gcp-main-postgres-db,db-custom-2-7680,22.02,0.35,7.7074,0
2026-08-15,GCP,Compute Engine,europe-west1,gcp-k8s-worker-2,n2-standard-4,21.58,0.194,4.1859,0
2026-08-15,AWS,EC2,eu-west-1,i-0a8f9c1d2e3f4,BoxUsage:t3.xlarge,18.19,0.1664,3.0275,0
2026-08-16,AWS,EBS,us-east-1,vol-0fe0d1c2b3a498765,VolumeUsage.gp3,323.19,0.08,25.8551,0
2026-08-16,AWS,RDS,eu-west-1,prod-db-cluster-primary,InstanceUsage:db.r5.8xlarge-MultiAZ,24.03,7.68,184.5504,1
2026-08-16,AWS,EC2,us-west-2,i-0c9d8e7f6a5b4,BoxUsage:t3.xlarge,19.15,0.1664,3.1861,0
2026-08-16,GCP,Cloud SQL,asia-east1,gcp-main-postgres-db,db-custom-2-7680,20.75,0.35,7.2625,0
2026-08-16,AWS,EC2,ap-southeast-1,i-0d1e2f3a4b5c6,BoxUsage:t3.xlarge,19.77,0.1664,3.2905,0
2026-08-16,AWS,Lambda,us-east-1,event-processor,RequestCount,457668.65,2e-07,0.0915,0
2026-08-16,Azure,Azure VM,southeastasia,vm-api-prod-02,Standard_D4s_v3,24.67,0.192,4.7373,0
2026-08-16,GCP,Cloud SQL,europe-west1,gcp-main-postgres-db,db-custom-2-7680,21.82,0.35,7.6364,0
2026-08-16,Azure,Azure Storage,westeurope,stbackupdata002,BlobStorage-GB,394.87,0.02,7.8975,0
2026-08-16,AWS,RDS,ap-southeast-1,prod-db-cluster-primary,InstanceUsage:db.r5.8xlarge-MultiAZ,21.74,7.68,166.9632,1
2026-08-16,Azure,Azure Storage,southeastasia,stbackupdata002,BlobStorage-GB,948.22,0.02,18.9645,0
2026-08-16,AWS,Lambda,eu-west-1,auth-token-verifier,RequestCount,386021.87,2e-07,0.0772,0
2026-08-16,GCP,Compute Engine,asia-east1,gcp-k8s-worker-1,n2-standard-4,23.8,0.194,4.6166,0
2026-08-16,GCP,Cloud SQL,us-central1,gcp-main-postgres-db,db-custom-2-7680,20.67,0.35,7.2332,0
2026-08-16,AWS,Lambda,us-east-1,auth-token-verifier,RequestCount,734440.36,2e-07,0.1469,0
2026-08-17,GCP,Compute Engine,europe-west1,gcp-k8s-worker-1,n2-standard-4,22.77,0.194,4.4172,0
2026-08-17,Azure,Azure Storage,westeurope,stappprodlogs001,BlobStorage-GB,772.11,0.02,15.4421,0
2026-08-17,Azure,Azure VM,southeastasia,vm-api-prod-02,Standard_D4s_v3,20.66,0.192,3.967,0
2026-08-17,GCP,Compute Engine,asia-east1,gcp-k8s-worker-2,n2-standard-4,20.44,0.194,3.9656,0
2026-08-17,GCP,Cloud SQL,europe-west1,gcp-main-postgres-db,db-custom-2-7680,23.05,0.35,8.0673,0
2026-08-17,AWS,Lambda,eu-west-1,auth-token-verifier,RequestCount,578850.34,2e-07,0.1158,0
2026-08-17,AWS,EBS,us-east-1,vol-0123456789abcdef0,VolumeUsage.gp3,353.87,0.08,28.3099,0
2026-08-17,Azure,Azure Storage,eastus,stappprodlogs001,BlobStorage-GB,727.39,0.02,14.5478,0
2026-08-17,GCP,Cloud SQL,asia-east1,gcp-main-postgres-db,db-custom-2-7680,21.05,0.35,7.3676,0
2026-08-17,Azure,Azure VM,eastus,vm-api-prod-02,Standard_D4s_v3,24.04,0.192,4.6154,0
2026-08-17,Azure,Azure VM,southeastasia,vm-web-prod-01,Standard_D4s_v3,20.38,0.192,3.9135,0
2026-08-17,GCP,Cloud SQL,europe-west1,gcp-main-postgres-db,db-custom-2-7680,20.48,0.35,7.1684,0
2026-08-17,AWS,S3,eu-west-1,app-logs-archive,StandardStorage-GB,558.67,0.023,12.8494,0
2026-08-17,GCP,Compute Engine,asia-east1,gcp-k8s-worker-1,n2-standard-4,17.31,0.194,3.3585,0
2026-08-18,Azure,Azure Storage,westeurope,stbackupdata002,BlobStorage-GB,434.52,0.02,8.6905,0
2026-08-18,GCP,Cloud SQL,asia-east1,gcp-main-postgres-db,db-custom-2-7680,22.28,0.35,7.7995,0
2026-08-18,GCP,Cloud SQL,europe-west1,gcp-main-postgres-db,db-custom-2-7680,23.85,0.35,8.3471,0
2026-08-18,GCP,Compute Engine,asia-east1,gcp-k8s-worker-2,n2-standard-4,23.62,0.194,4.5831,0
2026-08-18,Azure,Azure VM,westeurope,vm-web-prod-01,Standard_D4s_v3,17.87,0.192,3.4306,0
2026-08-18,GCP,Cloud SQL,us-central1,gcp-main-postgres-db,db-custom-2-7680,21.59,0.35,7.5554,0
2026-08-18,GCP,Cloud SQL,us-central1,gcp-main-postgres-db,db-custom-2-7680,23.34,0.35,8.1686,0
2026-08-18,GCP,Cloud SQL,asia-east1,gcp-main-postgres-db,db-custom-2-7680,21.29,0.35,7.4502,0
2026-08-18,GCP,Cloud SQL,asia-east1,gcp-main-postgres-db,db-custom-2-7680,19.38,0.35,6.7822,0
2026-08-18,Azure,Azure VM,westeurope,vm-web-prod-01,Standard_D4s_v3,19.69,0.192,3.7803,0
2026-08-18,GCP,Cloud SQL,us-central1,gcp-main-postgres-db,db-custom-2-7680,21.87,0.35,7.6532,0
2026-08-18,AWS,EBS,us-east-1,vol-0123456789abcdef0,VolumeUsage.gp3,496.73,0.08,39.738,0
2026-08-18,Azure,Azure Storage,southeastasia,stappprodlogs001,BlobStorage-GB,1282.61,0.02,25.6523,0
2026-08-18,AWS,EBS,eu-west-1,vol-0fe0d1c2b3a498765,VolumeUsage.gp3,286.27,0.08,22.9017,0
2026-08-18,GCP,Cloud SQL,europe-west1,gcp-main-postgres-db,db-custom-2-7680,23.89,0.35,8.3615,0
2026-08-18,GCP,Compute Engine,europe-west1,gcp-k8s-worker-2,n2-standard-4,22.54,0.194,4.3731,0
2026-08-19,GCP,Cloud SQL,us-central1,gcp-main-postgres-db,db-custom-2-7680,20.53,0.35,7.186,0
2026-08-19,AWS,S3,eu-west-1,prod-analytics-data-dump,StandardStorage-GB,408.45,0.023,9.3943,0
2026-08-19,Azure,Azure Storage,southeastasia,stbackupdata002,BlobStorage-GB,1407.29,0.02,28.1458,0
2026-08-19,GCP,Cloud SQL,asia-east1,gcp-main-postgres-db,db-custom-2-7680,23.36,0.35,8.1752,0
2026-08-19,AWS,Lambda,ap-southeast-1,image-resizer-worker,RequestCount,533955.44,2e-07,0.1068,0
2026-08-19,GCP,Compute Engine,europe-west1,gcp-k8s-worker-2,n2-standard-4,23.08,0.194,4.4769,0
2026-08-19,AWS,RDS,ap-southeast-1,prod-db-cluster-primary,InstanceUsage:db.r5.8xlarge-MultiAZ,21.83,7.68,167.6544,1
2026-08-19,Azure,Azure Storage,southeastasia,stbackupdata002,BlobStorage-GB,881.43,0.02,17.6286,0
2026-08-19,AWS,EBS,us-west-2,vol-0123456789abcdef0,VolumeUsage.gp3,454.99,0.08,36.3991,0
2026-08-19,Azure,Azure VM,southeastasia,vm-api-prod-02,Standard_D4s_v3,23.64,0.192,4.5395,0
2026-08-19,AWS,RDS,ap-southeast-1,prod-db-cluster-primary,InstanceUsage:db.r5.8xlarge-MultiAZ,20.73,7.68,159.2064,1
2026-08-19,AWS,EC2,us-west-2,i-0b7e6d5c4b3a2,BoxUsage:t3.xlarge,21.76,0.1664,3.6211,0
2026-08-19,GCP,Compute Engine,asia-east1,gcp-k8s-worker-2,n2-standard-4,22.94,0.194,4.4501,0
2026-08-19,Azure,Azure Storage,southeastasia,stbackupdata002,BlobStorage-GB,1541.71,0.02,30.8342,0
2026-08-19,Azure,Azure VM,southeastasia,vm-web-prod-01,Standard_D4s_v3,24.69,0.192,4.7409,0
2026-08-20,GCP,Compute Engine,europe-west1,gcp-k8s-worker-2,n2-standard-4,21.52,0.194,4.1742,0
2026-08-20,Azure,Azure VM,southeastasia,vm-api-prod-02,Standard_D4s_v3,18.24,0.192,3.5024,0
2026-08-20,GCP,Compute Engine,europe-west1,gcp-k8s-worker-1,n2-standard-4,21.32,0.194,4.137,0
2026-08-20,GCP,Compute Engine,europe-west1,gcp-k8s-worker-2,n2-standard-4,18.58,0.194,3.6046,0
2026-08-20,Azure,Azure VM,eastus,vm-web-prod-01,Standard_D4s_v3,17.98,0.192,3.4531,0
2026-08-20,AWS,Lambda,us-east-1,event-processor,RequestCount,397674.65,2e-07,0.0795,0
2026-08-20,Azure,Azure VM,southeastasia,vm-web-prod-01,Standard_D4s_v3,21.63,0.192,4.1534,0
2026-08-20,Azure,Azure Storage,eastus,stappprodlogs001,BlobStorage-GB,1465.94,0.02,29.3187,0
2026-08-20,Azure,Azure Storage,southeastasia,stappprodlogs001,BlobStorage-GB,889.04,0.02,17.7809,0
2026-08-20,AWS,EC2,us-west-2,i-0c9d8e7f6a5b4,BoxUsage:t3.xlarge,23.11,0.1664,3.8463,0
2026-08-20,GCP,Compute Engine,europe-west1,gcp-k8s-worker-1,n2-standard-4,17.74,0.194,3.4425,0
2026-08-20,Azure,Azure VM,southeastasia,vm-api-prod-02,Standard_D4s_v3,20.98,0.192,4.0286,0
2026-08-20,GCP,Compute Engine,europe-west1,gcp-k8s-worker-1,n2-standard-4,23.17,0.194,4.4959,0
2026-08-20,GCP,Compute Engine,europe-west1,gcp-k8s-worker-2,n2-standard-4,23.41,0.194,4.541,0
2026-08-21,Azure,Azure Storage,southeastasia,stappprodlogs001,BlobStorage-GB,1306.08,0.02,26.1217,0
2026-08-21,Azure,Azure VM,southeastasia,vm-web-prod-01,Standard_D4s_v3,18.91,0.192,3.6309,0
2026-08-21,GCP,Cloud SQL,us-central1,gcp-main-postgres-db,db-custom-2-7680,20.5,0.35,7.1762,0
2026-08-21,AWS,Lambda,ap-southeast-1,event-processor,RequestCount,369738.18,2e-07,0.0739,0
2026-08-21,AWS,S3,ap-southeast-1,user-media-storage-bucket,StandardStorage-GB,807.66,0.023,18.5763,0
2026-08-21,GCP,Cloud SQL,us-central1,gcp-main-postgres-db,db-custom-2-7680,20.13,0.35,7.0455,0
2026-08-21,AWS,EBS,eu-west-1,vol-0fe0d1c2b3a498765,VolumeUsage.gp3,445.59,0.08,35.647,0
2026-08-21,GCP,Cloud SQL,europe-west1,gcp-main-postgres-db,db-custom-2-7680,20.7,0.35,7.2461,0
2026-08-21,GCP,Cloud SQL,europe-west1,gcp-main-postgres-db,db-custom-2-7680,23.22,0.35,8.1253,0
2026-08-21,GCP,Compute Engine,europe-west1,gcp-k8s-worker-1,n2-standard-4,17.85,0.194,3.4635,0
2026-08-21,Azure,Azure Storage,eastus,stappprodlogs001,BlobStorage-GB,602.39,0.02,12.0479,0
2026-08-21,GCP,Cloud SQL,asia-east1,gcp-main-postgres-db,db-custom-2-7680,21.2,0.35,7.4183,0
2026-08-21,Azure,Azure Storage,eastus,stbackupdata002,BlobStorage-GB,1143.18,0.02,22.8636,0
2026-08-21,AWS,S3,us-east-1,app-logs-archive,StandardStorage-GB,506.89,0.023,11.6586,0
2026-08-22,GCP,Cloud SQL,asia-east1,gcp-main-postgres-db,db-custom-2-7680,21.4,0.35,7.4908,0
2026-08-22,Azure,Azure Storage,southeastasia,stappprodlogs001,BlobStorage-GB,760.54,0.02,15.2108,0
2026-08-22,Azure,Azure Storage,eastus,stbackupdata002,BlobStorage-GB,1390.04,0.02,27.8007,0
2026-08-22,GCP,Compute Engine,europe-west1,gcp-k8s-worker-2,n2-standard-4,22.63,0.194,4.3893,0
2026-08-22,GCP,Compute Engine,europe-west1,gcp-k8s-worker-1,n2-standard-4,18.58,0.194,3.6039,0
2026-08-22,GCP,Compute Engine,europe-west1,gcp-k8s-worker-2,n2-standard-4,20.85,0.194,4.0445,0
2026-08-22,Azure,Azure VM,westeurope,vm-web-prod-01,Standard_D4s_v3,21.69,0.192,4.1642,0
2026-08-22,Azure,Azure VM,southeastasia,vm-web-prod-01,Standard_D4s_v3,18.72,0.192,3.595,0
2026-08-22,Azure,Azure Storage,southeastasia,stbackupdata002,BlobStorage-GB,668.42,0.02,13.3685,0
2026-08-22,Azure,Azure Storage,southeastasia,stappprodlogs001,BlobStorage-GB,453.71,0.02,9.0742,0
2026-08-22,GCP,Compute Engine,europe-west1,gcp-k8s-worker-1,n2-standard-4,21.4,0.194,4.1517,0
2026-08-22,AWS,RDS,eu-west-1,analytics-read-replica,InstanceUsage:db.m5.large,21.57,0.38,8.1981,0
2026-08-22,GCP,Compute Engine,asia-east1,gcp-k8s-worker-2,n2-standard-4,24.48,0.194,4.7487,0
2026-08-22,Azure,Azure VM,eastus,vm-web-prod-01,Standard_D4s_v3,23.96,0.192,4.601,0
2026-08-23,GCP,Cloud SQL,europe-west1,gcp-main-postgres-db,db-custom-2-7680,21.03,0.35,7.3588,0
2026-08-23,Azure,Azure Storage,southeastasia,stbackupdata002,BlobStorage-GB,946.81,0.02,18.9362,0
2026-08-23,AWS,EBS,ap-southeast-1,vol-0123456789abcdef0,VolumeUsage.gp3,520.46,0.08,41.6364,0
2026-08-23,Azure,Azure Storage,eastus,stappprodlogs001,BlobStorage-GB,1093.97,0.02,21.8793,0
2026-08-23,AWS,S3,ap-southeast-1,user-media-storage-bucket,StandardStorage-GB,1022.07,0.023,23.5077,0
2026-08-23,GCP,Compute Engine,us-central1,gcp-k8s-worker-2,n2-standard-4,20.81,0.194,4.0364,0
2026-08-23,AWS,S3,ap-southeast-1,prod-analytics-data-dump,StandardStorage-GB,1067.02,0.023,24.5416,0
2026-08-23,GCP,Compute Engine,us-central1,gcp-k8s-worker-1,n2-standard-4,20.45,0.194,3.9671,0
2026-08-23,AWS,EBS,eu-west-1,vol-0123456789abcdef0,VolumeUsage.gp3,119.07,0.08,9.5256,0
2026-08-23,Azure,Azure Storage,eastus,stbackupdata002,BlobStorage-GB,701.22,0.02,14.0244,0
2026-08-23,AWS,Lambda,us-west-2,auth-token-verifier,RequestCount,560494.65,2e-07,0.1121,0
2026-08-23,GCP,Cloud SQL,europe-west1,gcp-main-postgres-db,db-custom-2-7680,23.52,0.35,8.2329,0
2026-08-23,GCP,Compute Engine,asia-east1,gcp-k8s-worker-1,n2-standard-4,22.99,0.194,4.4597,0
2026-08-23,Azure,Azure VM,eastus,vm-web-prod-01,Standard_D4s_v3,23.36,0.192,4.4856,0
2026-08-24,Azure,Azure VM,westeurope,vm-web-prod-01,Standard_D4s_v3,20.58,0.192,3.9515,0
2026-08-24,AWS,RDS,ap-southeast-1,analytics-read-replica,InstanceUsage:db.m5.large,20.96,0.38,7.9654,0
2026-08-24,AWS,RDS,ap-southeast-1,analytics-read-replica,InstanceUsage:db.m5.large,21.35,0.38,8.113,0
2026-08-24,GCP,Compute Engine,asia-east1,gcp-k8s-worker-1,n2-standard-4,20.84,0.194,4.0423,0
2026-08-24,AWS,S3,us-east-1,prod-analytics-data-dump,StandardStorage-GB,943.27,0.023,21.6951,0
2026-08-24,Azure,Azure VM,southeastasia,vm-web-prod-01,Standard_D4s_v3,22.57,0.192,4.3339,0
2026-08-24,Azure,Azure Storage,eastus,stappprodlogs001,BlobStorage-GB,990.66,0.02,19.8131,0
2026-08-24,Azure,Azure Storage,eastus,stbackupdata002,BlobStorage-GB,767.87,0.02,15.3574,0
2026-08-24,AWS,EC2,us-west-2,i-0d1e2f3a4b5c6,BoxUsage:t3.xlarge,22.36,0.1664,3.7202,0
2026-08-24,Azure,Azure Storage,southeastasia,stbackupdata002,BlobStorage-GB,718.57,0.02,14.3714,0
2026-08-24,AWS,EBS,us-west-2,vol-0123456789abcdef0,VolumeUsage.gp3,228.71,0.08,18.2967,0
2026-08-24,Azure,Azure VM,eastus,vm-api-prod-02,Standard_D4s_v3,21.02,0.192,4.035,0
2026-08-24,GCP,Cloud SQL,us-central1,gcp-main-postgres-db,db-custom-2-7680,21.34,0.35,7.4674,0
2026-08-24,Azure,Azure Storage,eastus,stappprodlogs001,BlobStorage-GB,1134.73,0.02,22.6946,0
2026-08-24,GCP,Cloud SQL,us-central1,gcp-main-postgres-db,db-custom-2-7680,21.46,0.35,7.5113,0
2026-08-24,AWS,RDS,us-east-1,prod-db-cluster-primary,InstanceUsage:db.r5.8xlarge-MultiAZ,22.97,7.68,176.4096,1
2026-08-25,Azure,Azure Storage,eastus,stbackupdata002,BlobStorage-GB,1233.63,0.02,24.6727,0
2026-08-25,GCP,Compute Engine,asia-east1,gcp-k8s-worker-1,n2-standard-4,24.01,0.194,4.6587,0
2026-08-25,GCP,Compute Engine,europe-west1,gcp-k8s-worker-1,n2-standard-4,18.35,0.194,3.56,0
2026-08-25,AWS,Lambda,ap-southeast-1,image-resizer-worker,RequestCount,134935.9,2e-07,0.027,0
2026-08-25,Azure,Azure Storage,southeastasia,stappprodlogs001,BlobStorage-GB,526.63,0.02,10.5325,0
2026-08-25,GCP,Compute Engine,asia-east1,gcp-k8s-worker-1,n2-standard-4,17.9,0.194,3.4723,0
2026-08-25,Azure,Azure Storage,eastus,stappprodlogs001,BlobStorage-GB,532.54,0.02,10.6508,0
2026-08-25,Azure,Azure Storage,southeastasia,stappprodlogs001,BlobStorage-GB,580.52,0.02,11.6105,0
2026-08-25,GCP,Compute Engine,asia-east1,gcp-k8s-worker-1,n2-standard-4,22.86,0.194,4.4342,0
2026-08-25,AWS,EC2,us-west-2,i-0a8f9c1d2e3f4,BoxUsage:t3.xlarge,22.91,0.1664,3.8122,0
2026-08-25,Azure,Azure VM,eastus,vm-api-prod-02,Standard_D4s_v3,20.06,0.192,3.8517,0
2026-08-25,GCP,Cloud SQL,asia-east1,gcp-main-postgres-db,db-custom-2-7680,23.4,0.35,8.1897,0
2026-08-25,GCP,Compute Engine,europe-west1,gcp-k8s-worker-2,n2-standard-4,20.22,0.194,3.9225,0
2026-08-25,GCP,Compute Engine,us-central1,gcp-k8s-worker-1,n2-standard-4,23.35,0.194,4.5298,0
2026-08-25,AWS,S3,eu-west-1,user-media-storage-bucket,StandardStorage-GB,638.42,0.023,14.6837,0
2026-08-25,GCP,Compute Engine,asia-east1,gcp-k8s-worker-1,n2-standard-4,21.85,0.194,4.2391,0
2026-08-26,Azure,Azure VM,eastus,vm-web-prod-01,Standard_D4s_v3,18.75,0.192,3.6002,0
2026-08-26,AWS,EBS,ap-southeast-1,vol-0123456789abcdef0,VolumeUsage.gp3,200.27,0.08,16.0217,0
2026-08-26,Azure,Azure VM,southeastasia,vm-api-prod-02,Standard_D4s_v3,20.1,0.192,3.8595,0
2026-08-26,GCP,Compute Engine,us-central1,gcp-k8s-worker-1,n2-standard-4,21.16,0.194,4.1059,0
2026-08-26,Azure,Azure Storage,southeastasia,stbackupdata002,BlobStorage-GB,845.68,0.02,16.9137,0
2026-08-26,GCP,Compute Engine,us-central1,gcp-k8s-worker-1,n2-standard-4,20.66,0.194,4.0087,0
2026-08-26,Azure,Azure VM,eastus,vm-api-prod-02,Standard_D4s_v3,22.48,0.192,4.3159,0
2026-08-26,AWS,EC2,ap-southeast-1,i-0a8f9c1d2e3f4,BoxUsage:t3.xlarge,23.38,0.1664,3.8909,0
2026-08-26,Azure,Azure VM,eastus,vm-web-prod-01,Standard_D4s_v3,23.54,0.192,4.5192,0
2026-08-26,Azure,Azure Storage,westeurope,stappprodlogs001,BlobStorage-GB,822.47,0.02,16.4495,0
2026-08-26,GCP,Compute Engine,us-central1,gcp-k8s-worker-1,n2-standard-4,23.68,0.194,4.5935,0
2026-08-26,Azure,Azure Storage,southeastasia,stbackupdata002,BlobStorage-GB,912.83,0.02,18.2566,0
2026-08-26,Azure,Azure Storage,westeurope,stappprodlogs001,BlobStorage-GB,418.92,0.02,8.3785,0
2026-08-26,AWS,RDS,ap-southeast-1,analytics-read-replica,InstanceUsage:db.m5.large,22.08,0.38,8.3896,0
2026-08-27,AWS,EBS,ap-southeast-1,vol-0fe0d1c2b3a498765,VolumeUsage.gp3,250.02,0.08,20.0019,0
2026-08-27,AWS,Lambda,us-west-2,auth-token-verifier,RequestCount,413654.17,2e-07,0.0827,0
2026-08-27,Azure,Azure VM,westeurope,vm-web-prod-01,Standard_D4s_v3,20.09,0.192,3.8568,0
2026-08-27,Azure,Azure Storage,southeastasia,stbackupdata002,BlobStorage-GB,1265.63,0.02,25.3127,0
2026-08-27,AWS,Lambda,eu-west-1,image-resizer-worker,RequestCount,348164.75,2e-07,0.0696,0
2026-08-27,GCP,Cloud SQL,us-central1,gcp-main-postgres-db,db-custom-2-7680,24.31,0.35,8.5092,0
2026-08-27,AWS,S3,ap-southeast-1,user-media-storage-bucket,StandardStorage-GB,820.63,0.023,18.8744,0
2026-08-27,AWS,S3,us-west-2,app-logs-archive,StandardStorage-GB,307.66,0.023,7.0763,0
2026-08-27,GCP,Compute Engine,asia-east1,gcp-k8s-worker-1,n2-standard-4,19.14,0.194,3.713,0
2026-08-27,Azure,Azure Storage,southeastasia,stbackupdata002,BlobStorage-GB,750.05,0.02,15.0009,0
2026-08-27,GCP,Compute Engine,asia-east1,gcp-k8s-worker-2,n2-standard-4,19.17,0.194,3.7184,0
2026-08-27,GCP,Cloud SQL,us-central1,gcp-main-postgres-db,db-custom-2-7680,23.73,0.35,8.3041,0
2026-08-27,Azure,Azure Storage,westeurope,stappprodlogs001,BlobStorage-GB,649.77,0.02,12.9954,0
2026-08-27,Azure,Azure VM,southeastasia,vm-api-prod-02,Standard_D4s_v3,20.95,0.192,4.0232,0
2026-08-28,Azure,Azure VM,westeurope,vm-api-prod-02,Standard_D4s_v3,18.33,0.192,3.5196,0
2026-08-28,Azure,Azure VM,southeastasia,vm-api-prod-02,Standard_D4s_v3,22.77,0.192,4.3723,0
2026-08-28,GCP,Compute Engine,asia-east1,gcp-k8s-worker-2,n2-standard-4,23.14,0.194,4.4892,0
2026-08-28,GCP,Cloud SQL,us-central1,gcp-main-postgres-db,db-custom-2-7680,21.0,0.35,7.3516,0
2026-08-28,AWS,EC2,ap-southeast-1,i-0b7e6d5c4b3a2,BoxUsage:t3.xlarge,19.43,0.1664,3.2333,0
2026-08-28,Azure,Azure Storage,eastus,stappprodlogs001,BlobStorage-GB,621.71,0.02,12.4341,0
2026-08-28,AWS,EBS,ap-southeast-1,vol-0fe0d1c2b3a498765,VolumeUsage.gp3,471.49,0.08,37.7196,0
2026-08-28,Azure,Azure VM,eastus,vm-api-prod-02,Standard_D4s_v3,23.67,0.192,4.5448,0
2026-08-28,AWS,Lambda,eu-west-1,auth-token-verifier,RequestCount,431414.86,2e-07,0.0863,0
2026-08-28,Azure,Azure Storage,westeurope,stappprodlogs001,BlobStorage-GB,1215.76,0.02,24.3153,0
2026-08-28,GCP,Compute Engine,europe-west1,gcp-k8s-worker-2,n2-standard-4,20.3,0.194,3.9385,0
2026-08-28,AWS,Lambda,us-east-1,auth-token-verifier,RequestCount,446082.37,2e-07,0.0892,0
2026-08-28,GCP,Cloud SQL,us-central1,gcp-main-postgres-db,db-custom-2-7680,22.12,0.35,7.7407,0
2026-08-28,Azure,Azure VM,southeastasia,vm-api-prod-02,Standard_D4s_v3,22.35,0.192,4.2916,0
2026-08-28,GCP,Cloud SQL,europe-west1,gcp-main-postgres-db,db-custom-2-7680,23.05,0.35,8.0671,0
2026-08-29,GCP,Compute Engine,us-central1,gcp-k8s-worker-1,n2-standard-4,20.6,0.194,3.996,0
2026-08-29,Azure,Azure Storage,southeastasia,stbackupdata002,BlobStorage-GB,1212.52,0.02,24.2504,0
2026-08-29,GCP,Compute Engine,europe-west1,gcp-k8s-worker-1,n2-standard-4,21.99,0.194,4.2658,0
2026-08-29,GCP,Cloud SQL,asia-east1,gcp-main-postgres-db,db-custom-2-7680,21.75,0.35,7.6112,0
2026-08-29,GCP,Compute Engine,asia-east1,gcp-k8s-worker-2,n2-standard-4,18.86,0.194,3.6583,0
2026-08-29,AWS,S3,eu-west-1,app-logs-archive,StandardStorage-GB,885.91,0.023,20.376,0
2026-08-29,Azure,Azure Storage,westeurope,stappprodlogs001,BlobStorage-GB,1382.27,0.02,27.6454,0
2026-08-29,Azure,Azure Storage,eastus,stappprodlogs001,BlobStorage-GB,703.73,0.02,14.0745,0
2026-08-29,GCP,Compute Engine,europe-west1,gcp-k8s-worker-2,n2-standard-4,17.5,0.194,3.3943,0
2026-08-29,Azure,Azure VM,southeastasia,vm-web-prod-01,Standard_D4s_v3,22.88,0.192,4.3924,0
2026-08-29,AWS,Lambda,eu-west-1,auth-token-verifier,RequestCount,276871.2,2e-07,0.0554,0
2026-08-29,GCP,Cloud SQL,asia-east1,gcp-main-postgres-db,db-custom-2-7680,22.52,0.35,7.8806,0
2026-08-29,AWS,EBS,eu-west-1,vol-0fe0d1c2b3a498765,VolumeUsage.gp3,219.36,0.08,17.5485,0
2026-08-29,Azure,Azure Storage,southeastasia,stbackupdata002,BlobStorage-GB,1312.63,0.02,26.2527,0
2026-08-29,GCP,Cloud SQL,asia-east1,gcp-main-postgres-db,db-custom-2-7680,21.27,0.35,7.4444,0
2026-08-29,Azure,Azure Storage,eastus,stappprodlogs001,BlobStorage-GB,1122.16,0.02,22.4432,0
2026-08-30,GCP,Compute Engine,us-central1,gcp-k8s-worker-2,n2-standard-4,23.89,0.194,4.634,0
2026-08-30,Azure,Azure VM,southeastasia,vm-api-prod-02,Standard_D4s_v3,23.22,0.192,4.4574,0
2026-08-30,AWS,EBS,us-west-2,vol-0123456789abcdef0,VolumeUsage.gp3,401.59,0.08,32.1268,0
2026-08-30,Azure,Azure Storage,westeurope,stbackupdata002,BlobStorage-GB,832.28,0.02,16.6456,0
2026-08-30,AWS,Lambda,us-east-1,auth-token-verifier,RequestCount,762029.96,2e-07,0.1524,0
2026-08-30,GCP,Cloud SQL,asia-east1,gcp-main-postgres-db,db-custom-2-7680,22.01,0.35,7.7028,0
2026-08-30,GCP,Compute Engine,asia-east1,gcp-k8s-worker-1,n2-standard-4,23.85,0.194,4.627,0
2026-08-30,Azure,Azure Storage,southeastasia,stbackupdata002,BlobStorage-GB,484.35,0.02,9.687,0
2026-08-30,GCP,Compute Engine,us-central1,gcp-k8s-worker-1,n2-standard-4,20.13,0.194,3.9058,0
2026-08-30,Azure,Azure Storage,westeurope,stbackupdata002,BlobStorage-GB,1036.81,0.02,20.7362,0
2026-08-30,GCP,Cloud SQL,asia-east1,gcp-main-postgres-db,db-custom-2-7680,21.22,0.35,7.426,0
2026-08-30,Azure,Azure VM,southeastasia,vm-web-prod-01,Standard_D4s_v3,19.58,0.192,3.7599,0
2026-08-30,AWS,EBS,us-west-2,vol-0123456789abcdef0,VolumeUsage.gp3,298.48,0.08,23.8783,0
2026-08-30,Azure,Azure VM,southeastasia,vm-api-prod-02,Standard_D4s_v3,18.85,0.192,3.6189,0
2026-08-31,Azure,Azure Storage,westeurope,stbackupdata002,BlobStorage-GB,503.68,0.02,10.0736,0
2026-08-31,Azure,Azure Storage,westeurope,stbackupdata002,BlobStorage-GB,720.88,0.02,14.4177,0
2026-08-31,Azure,Azure VM,southeastasia,vm-api-prod-02,Standard_D4s_v3,20.8,0.192,3.9932,0
2026-08-31,AWS,Lambda,ap-southeast-1,event-processor,RequestCount,311257.21,2e-07,0.0623,0
2026-08-31,GCP,Compute Engine,asia-east1,gcp-k8s-worker-1,n2-standard-4,19.19,0.194,3.723,0
2026-08-31,Azure,Azure VM,eastus,vm-web-prod-01,Standard_D4s_v3,21.71,0.192,4.1674,0
2026-08-31,Azure,Azure VM,eastus,vm-web-prod-01,Standard_D4s_v3,22.26,0.192,4.273,0
2026-08-31,GCP,Cloud SQL,us-central1,gcp-main-postgres-db,db-custom-2-7680,22.47,0.35,7.8635,0
2026-08-31,GCP,Compute Engine,asia-east1,gcp-k8s-worker-2,n2-standard-4,20.57,0.194,3.9911,0
2026-08-31,AWS,S3,ap-southeast-1,user-media-storage-bucket,StandardStorage-GB,1157.97,0.023,26.6334,0
2026-08-31,GCP,Compute Engine,asia-east1,gcp-k8s-worker-2,n2-standard-4,21.81,0.194,4.2304,0
2026-08-31,AWS,EBS,us-west-2,vol-0123456789abcdef0,VolumeUsage.gp3,264.35,0.08,21.1483,0
2026-08-31,GCP,Compute Engine,asia-east1,gcp-k8s-worker-1,n2-standard-4,19.38,0.194,3.7605,0
2026-08-31,Azure,Azure Storage,southeastasia,stbackupdata002,BlobStorage-GB,864.23,0.02,17.2847,0
2026-08-31,Azure,Azure VM,southeastasia,vm-api-prod-02,Standard_D4s_v3,23.99,0.192,4.6065,0
2026-08-31,AWS,S3,us-east-1,app-logs-archive,StandardStorage-GB,959.61,0.023,22.0711,0
